asset_id,timestamp,metering_kwh,asset_type
ASSET_001,2025-01-01T00:00:00.000000,2.4910051287481294,ev_charging
ASSET_001,2025-01-01T00:30:00.000000,2.3746680048211366,ev_charging
ASSET_001,2025-01-01T01:00:00.000000,2.518665792873448,ev_charging
ASSET_001,2025-01-01T01:30:00.000000,2.6790408272633277,ev_charging
ASSET_001,2025-01-01T02:00:00.000000,0.5570997567024745,ev_charging
ASSET_001,2025-01-01T02:30:00.000000,0.5571027646732394,ev_charging
ASSET_001,2025-01-01T03:00:00.000000,0.8893343479840328,ev_charging
ASSET_001,2025-01-01T03:30:00.000000,0.7406050057340865,ev_charging
ASSET_001,2025-01-01T04:00:00.000000,0.5139855857197748,ev_charging
ASSET_001,2025-01-01T04:30:00.000000,0.6994047508427143,ev_charging
ASSET_001,2025-01-01T05:00:00.000000,0.5150952584240024,ev_charging
ASSET_001,2025-01-01T05:30:00.000000,0.5146716558637351,ev_charging
ASSET_001,2025-01-01T06:00:00.000000,3.6443309447547767,ev_charging
ASSET_001,2025-01-01T06:30:00.000000,3.2494597266037673,ev_charging
ASSET_001,2025-01-01T07:00:00.000000,3.2839704114002903,ev_charging
ASSET_001,2025-01-01T07:30:00.000000,3.496980891964064,ev_charging
ASSET_001,2025-01-01T08:00:00.000000,3.4144348697387286,ev_charging
ASSET_001,2025-01-01T08:30:00.000000,3.6575746005790624,ev_charging
ASSET_001,2025-01-01T09:00:00.000000,0.4336370175920067,ev_charging
ASSET_001,2025-01-01T09:30:00.000000,0.3412457861482126,ev_charging
ASSET_001,2025-01-01T10:00:00.000000,0.8685277923059848,ev_charging
ASSET_001,2025-01-01T10:30:00.000000,0.5586345563751454,ev_charging
ASSET_001,2025-01-01T11:00:00.000000,0.6123721317874661,ev_charging
ASSET_001,2025-01-01T11:30:00.000000,0.3389657787401773,ev_charging
ASSET_001,2025-01-01T12:00:00.000000,0.5002613079709218,ev_charging
ASSET_001,2025-01-01T12:30:00.000000,0.6203226030432719,ev_charging
ASSET_001,2025-01-01T13:00:00.000000,0.38912153385084236,ev_charging
ASSET_001,2025-01-01T13:30:00.000000,0.6688332440754748,ev_charging
ASSET_001,2025-01-01T14:00:00.000000,0.48995441145416174,ev_charging
ASSET_001,2025-01-01T14:30:00.000000,0.5465575379843032,ev_charging
ASSET_001,2025-01-01T15:00:00.000000,0.4897587528308283,ev_charging
ASSET_001,2025-01-01T15:30:00.000000,0.9393638245189591,ev_charging
ASSET_001,2025-01-01T16:00:00.000000,4.197527115610514,ev_charging
ASSET_001,2025-01-01T16:30:00.000000,4.0062122476591515,ev_charging
ASSET_001,2025-01-01T17:00:00.000000,4.350701978538906,ev_charging
ASSET_001,2025-01-01T17:30:00.000000,3.976324002701738,ev_charging
ASSET_001,2025-01-01T18:00:00.000000,4.238266794370515,ev_charging
ASSET_001,2025-01-01T18:30:00.000000,3.840960438017741,ev_charging
ASSET_001,2025-01-01T19:00:00.000000,3.956657341755395,ev_charging
ASSET_001,2025-01-01T19:30:00.000000,4.236067790714594,ev_charging
ASSET_001,2025-01-01T20:00:00.000000,4.335297626977731,ev_charging
ASSET_001,2025-01-01T20:30:00.000000,4.231397117232305,ev_charging
ASSET_001,2025-01-01T21:00:00.000000,0.5788115825481545,ev_charging
ASSET_001,2025-01-01T21:30:00.000000,0.5448335014866768,ev_charging
ASSET_001,2025-01-01T22:00:00.000000,2.1291136496219676,ev_charging
ASSET_001,2025-01-01T22:30:00.000000,2.268114257533398,ev_charging
ASSET_001,2025-01-01T23:00:00.000000,2.315604396606296,ev_charging
ASSET_001,2025-01-01T23:30:00.000000,2.5936798935893943,ev_charging
ASSET_001,2025-01-02T00:00:00.000000,2.4629557794816503,ev_charging
ASSET_001,2025-01-02T00:30:00.000000,2.076985857249613,ev_charging
ASSET_001,2025-01-02T01:00:00.000000,2.4593768129641176,ev_charging
ASSET_001,2025-01-02T01:30:00.000000,2.329447425052296,ev_charging
ASSET_001,2025-01-02T02:00:00.000000,0.4759782192296582,ev_charging
ASSET_001,2025-01-02T02:30:00.000000,0.7120678343483448,ev_charging
ASSET_001,2025-01-02T03:00:00.000000,0.7888938410858652,ev_charging
ASSET_001,2025-01-02T03:30:00.000000,0.7706238218237893,ev_charging
ASSET_001,2025-01-02T04:00:00.000000,0.44624336092385225,ev_charging
ASSET_001,2025-01-02T04:30:00.000000,0.5433478754244024,ev_charging
ASSET_001,2025-01-02T05:00:00.000000,0.6606921929678673,ev_charging
ASSET_001,2025-01-02T05:30:00.000000,0.7787338036477751,ev_charging
ASSET_001,2025-01-02T06:00:00.000000,3.512208434280488,ev_charging
ASSET_001,2025-01-02T06:30:00.000000,3.565984623204093,ev_charging
ASSET_001,2025-01-02T07:00:00.000000,3.3973036279767523,ev_charging
ASSET_001,2025-01-02T07:30:00.000000,3.3808378578023626,ev_charging
ASSET_001,2025-01-02T08:00:00.000000,3.7488663381743654,ev_charging
ASSET_001,2025-01-02T08:30:00.000000,3.8484825480917255,ev_charging
ASSET_001,2025-01-02T09:00:00.000000,0.5868067170104603,ev_charging
ASSET_001,2025-01-02T09:30:00.000000,0.7838615630780744,ev_charging
ASSET_001,2025-01-02T10:00:00.000000,0.6662568860176559,ev_charging
ASSET_001,2025-01-02T10:30:00.000000,0.4818048449598468,ev_charging
ASSET_001,2025-01-02T11:00:00.000000,0.6662128377235058,ev_charging
ASSET_001,2025-01-02T11:30:00.000000,0.8817902709275152,ev_charging
ASSET_001,2025-01-02T12:00:00.000000,0.5934361578344981,ev_charging
ASSET_001,2025-01-02T12:30:00.000000,0.8866650697973519,ev_charging
ASSET_001,2025-01-02T13:00:00.000000,0.12002527200070029,ev_charging
ASSET_001,2025-01-02T13:30:00.000000,0.7505842802658892,ev_charging
ASSET_001,2025-01-02T14:00:00.000000,0.6159482664307792,ev_charging
ASSET_001,2025-01-02T14:30:00.000000,0.5452175818610749,ev_charging
ASSET_001,2025-01-02T15:00:00.000000,0.6168118851295402,ev_charging
ASSET_001,2025-01-02T15:30:00.000000,0.23584898100347917,ev_charging
ASSET_001,2025-01-02T16:00:00.000000,4.1597529719783415,ev_charging
ASSET_001,2025-01-02T16:30:00.000000,4.265428124709117,ev_charging
ASSET_001,2025-01-02T17:00:00.000000,4.470771301768714,ev_charging
ASSET_001,2025-01-02T17:30:00.000000,4.105045492152007,ev_charging
ASSET_001,2025-01-02T18:00:00.000000,4.051872422041355,ev_charging
ASSET_001,2025-01-02T18:30:00.000000,4.108070941657547,ev_charging
ASSET_001,2025-01-02T19:00:00.000000,4.36771474513613,ev_charging
ASSET_001,2025-01-02T19:30:00.000000,4.2602318997340785,ev_charging
ASSET_001,2025-01-02T20:00:00.000000,4.102940362666968,ev_charging
ASSET_001,2025-01-02T20:30:00.000000,4.294037926138269,ev_charging
ASSET_001,2025-01-02T21:00:00.000000,0.6177859938626945,ev_charging
ASSET_001,2025-01-02T21:30:00.000000,0.7774696000512044,ev_charging
ASSET_001,2025-01-02T22:00:00.000000,2.2713738438717566,ev_charging
ASSET_001,2025-01-02T22:30:00.000000,2.3399676138554804,ev_charging
ASSET_001,2025-01-02T23:00:00.000000,2.3281601848011437,ev_charging
ASSET_001,2025-01-02T23:30:00.000000,2.131863154145794,ev_charging
ASSET_001,2025-01-03T00:00:00.000000,2.4542534650479024,ev_charging
ASSET_001,2025-01-03T00:30:00.000000,2.447829055224387,ev_charging
ASSET_001,2025-01-03T01:00:00.000000,2.4009368583062796,ev_charging
ASSET_001,2025-01-03T01:30:00.000000,2.3570202859209104,ev_charging
ASSET_001,2025-01-03T02:00:00.000000,0.34068386047433474,ev_charging
ASSET_001,2025-01-03T02:30:00.000000,0.5229317676504895,ev_charging
ASSET_001,2025-01-03T03:00:00.000000,0.5372098046506312,ev_charging
ASSET_001,2025-01-03T03:30:00.000000,0.45301134317475333,ev_charging
ASSET_001,2025-01-03T04:00:00.000000,0.5704501535411919,ev_charging
ASSET_001,2025-01-03T04:30:00.000000,0.6740278891235207,ev_charging
ASSET_001,2025-01-03T05:00:00.000000,0.9455762026146436,ev_charging
ASSET_001,2025-01-03T05:30:00.000000,0.6319851492795476,ev_charging
ASSET_001,2025-01-03T06:00:00.000000,3.647186910871706,ev_charging
ASSET_001,2025-01-03T06:30:00.000000,3.5863604447185553,ev_charging
ASSET_001,2025-01-03T07:00:00.000000,3.248453702339854,ev_charging
ASSET_001,2025-01-03T07:30:00.000000,3.5951422792480536,ev_charging
ASSET_001,2025-01-03T08:00:00.000000,3.6110350348927662,ev_charging
ASSET_001,2025-01-03T08:30:00.000000,4.051301144180339,ev_charging
ASSET_001,2025-01-03T09:00:00.000000,0.5647567232383157,ev_charging
ASSET_001,2025-01-03T09:30:00.000000,0.6552477809346939,ev_charging
ASSET_001,2025-01-03T10:00:00.000000,0.593640307907575,ev_charging
ASSET_001,2025-01-03T10:30:00.000000,0.3858814881075643,ev_charging
ASSET_001,2025-01-03T11:00:00.000000,0.8093814656593592,ev_charging
ASSET_001,2025-01-03T11:30:00.000000,0.7377648734886839,ev_charging
ASSET_001,2025-01-03T12:00:00.000000,0.7449283531546725,ev_charging
ASSET_001,2025-01-03T12:30:00.000000,0.4333872270322496,ev_charging
ASSET_001,2025-01-03T13:00:00.000000,0.857011957682221,ev_charging
ASSET_001,2025-01-03T13:30:00.000000,0.3431608588526999,ev_charging
ASSET_001,2025-01-03T14:00:00.000000,0.7075206032569781,ev_charging
ASSET_001,2025-01-03T14:30:00.000000,1.001322762871614,ev_charging
ASSET_001,2025-01-03T15:00:00.000000,0.4185195947171274,ev_charging
ASSET_001,2025-01-03T15:30:00.000000,0.4962461659692064,ev_charging
ASSET_001,2025-01-03T16:00:00.000000,4.218257553674986,ev_charging
ASSET_001,2025-01-03T16:30:00.000000,4.107756067656568,ev_charging
ASSET_001,2025-01-03T17:00:00.000000,3.915896307093955,ev_charging
ASSET_001,2025-01-03T17:30:00.000000,4.212561716455533,ev_charging
ASSET_001,2025-01-03T18:00:00.000000,4.005370783878039,ev_charging
ASSET_001,2025-01-03T18:30:00.000000,4.286768898898518,ev_charging
ASSET_001,2025-01-03T19:00:00.000000,4.03154834565645,ev_charging
ASSET_001,2025-01-03T19:30:00.000000,4.483970124919285,ev_charging
ASSET_001,2025-01-03T20:00:00.000000,4.0564968075112535,ev_charging
ASSET_001,2025-01-03T20:30:00.000000,4.140993729352317,ev_charging
ASSET_001,2025-01-03T21:00:00.000000,0.7490479758966574,ev_charging
ASSET_001,2025-01-03T21:30:00.000000,0.3744880734533503,ev_charging
ASSET_001,2025-01-03T22:00:00.000000,2.441673909447114,ev_charging
ASSET_001,2025-01-03T22:30:00.000000,2.6394872260524593,ev_charging
ASSET_001,2025-01-03T23:00:00.000000,2.105486107382175,ev_charging
ASSET_001,2025-01-03T23:30:00.000000,2.4338275605096684,ev_charging
ASSET_001,2025-01-04T00:00:00.000000,1.6476142405176577,ev_charging
ASSET_001,2025-01-04T00:30:00.000000,1.7432411190077717,ev_charging
ASSET_001,2025-01-04T01:00:00.000000,1.3733729590426944,ev_charging
ASSET_001,2025-01-04T01:30:00.000000,1.3580734848170595,ev_charging
ASSET_001,2025-01-04T02:00:00.000000,0.49562715112909594,ev_charging
ASSET_001,2025-01-04T02:30:00.000000,0.45441183477450875,ev_charging
ASSET_001,2025-01-04T03:00:00.000000,0.4458938686526553,ev_charging
ASSET_001,2025-01-04T03:30:00.000000,0.46347426123998164,ev_charging
ASSET_001,2025-01-04T04:00:00.000000,0.2754097563679408,ev_charging
ASSET_001,2025-01-04T04:30:00.000000,0.44255219522985534,ev_charging
ASSET_001,2025-01-04T05:00:00.000000,0.453695063857937,ev_charging
ASSET_001,2025-01-04T05:30:00.000000,0.2691206151973119,ev_charging
ASSET_001,2025-01-04T06:00:00.000000,2.7418365443633075,ev_charging
ASSET_001,2025-01-04T06:30:00.000000,2.486812960152767,ev_charging
ASSET_001,2025-01-04T07:00:00.000000,2.1817361806910864,ev_charging
ASSET_001,2025-01-04T07:30:00.000000,2.520290000438984,ev_charging
ASSET_001,2025-01-04T08:00:00.000000,2.2214243939904947,ev_charging
ASSET_001,2025-01-04T08:30:00.000000,2.5442051434713853,ev_charging
ASSET_001,2025-01-04T09:00:00.000000,0.6122712614395709,ev_charging
ASSET_001,2025-01-04T09:30:00.000000,0.24963927524484733,ev_charging
ASSET_001,2025-01-04T10:00:00.000000,0.5765042693936919,ev_charging
ASSET_001,2025-01-04T10:30:00.000000,0.4756273626851513,ev_charging
ASSET_001,2025-01-04T11:00:00.000000,0.550613165027562,ev_charging
ASSET_001,2025-01-04T11:30:00.000000,0.7475195714648126,ev_charging
ASSET_001,2025-01-04T12:00:00.000000,0.3550413916037598,ev_charging
ASSET_001,2025-01-04T12:30:00.000000,0.2619047670302171,ev_charging
ASSET_001,2025-01-04T13:00:00.000000,0.23702824914360948,ev_charging
ASSET_001,2025-01-04T13:30:00.000000,0.25053190136168935,ev_charging
ASSET_001,2025-01-04T14:00:00.000000,0.38587386538234447,ev_charging
ASSET_001,2025-01-04T14:30:00.000000,0.4625039153860494,ev_charging
ASSET_001,2025-01-04T15:00:00.000000,0.45069370716296425,ev_charging
ASSET_001,2025-01-04T15:30:00.000000,0.5515517881269573,ev_charging
ASSET_001,2025-01-04T16:00:00.000000,2.8023821323333453,ev_charging
ASSET_001,2025-01-04T16:30:00.000000,3.0663082077077517,ev_charging
ASSET_001,2025-01-04T17:00:00.000000,2.7515110873389035,ev_charging
ASSET_001,2025-01-04T17:30:00.000000,3.2983738508787415,ev_charging
ASSET_001,2025-01-04T18:00:00.000000,2.9146311962155176,ev_charging
ASSET_001,2025-01-04T18:30:00.000000,2.6429564905565885,ev_charging
ASSET_001,2025-01-04T19:00:00.000000,2.6037971958909463,ev_charging
ASSET_001,2025-01-04T19:30:00.000000,2.888395838935627,ev_charging
ASSET_001,2025-01-04T20:00:00.000000,2.7590584254027997,ev_charging
ASSET_001,2025-01-04T20:30:00.000000,2.93081509052473,ev_charging
ASSET_001,2025-01-04T21:00:00.000000,0.48670389335936737,ev_charging
ASSET_001,2025-01-04T21:30:00.000000,0.38665670278822295,ev_charging
ASSET_001,2025-01-04T22:00:00.000000,1.444855293796753,ev_charging
ASSET_001,2025-01-04T22:30:00.000000,1.3224583477629113,ev_charging
ASSET_001,2025-01-04T23:00:00.000000,1.5181920819962922,ev_charging
ASSET_001,2025-01-04T23:30:00.000000,1.7569044933885505,ev_charging
ASSET_001,2025-01-05T00:00:00.000000,1.6392250324067124,ev_charging
ASSET_001,2025-01-05T00:30:00.000000,1.3717628594716966,ev_charging
ASSET_001,2025-01-05T01:00:00.000000,1.631729219629163,ev_charging
ASSET_001,2025-01-05T01:30:00.000000,1.670595648500319,ev_charging
ASSET_001,2025-01-05T02:00:00.000000,0.23806469115314954,ev_charging
ASSET_001,2025-01-05T02:30:00.000000,0.4281646354821628,ev_charging
ASSET_001,2025-01-05T03:00:00.000000,0.41066466877242785,ev_charging
ASSET_001,2025-01-05T03:30:00.000000,0.19059151329031798,ev_charging
ASSET_001,2025-01-05T04:00:00.000000,0.4655517556638105,ev_charging
ASSET_001,2025-01-05T04:30:00.000000,0.5027437364381802,ev_charging
ASSET_001,2025-01-05T05:00:00.000000,0.5984304599103276,ev_charging
ASSET_001,2025-01-05T05:30:00.000000,0.5930715902478234,ev_charging
ASSET_001,2025-01-05T06:00:00.000000,2.1475912907992902,ev_charging
ASSET_001,2025-01-05T06:30:00.000000,2.2281770551869795,ev_charging
ASSET_001,2025-01-05T07:00:00.000000,2.4943618185993013,ev_charging
ASSET_001,2025-01-05T07:30:00.000000,2.4941329260064156,ev_charging
ASSET_001,2025-01-05T08:00:00.000000,2.4943640939553586,ev_charging
ASSET_001,2025-01-05T08:30:00.000000,3.1058754481092405,ev_charging
ASSET_001,2025-01-05T09:00:00.000000,0.5045952971377125,ev_charging
ASSET_001,2025-01-05T09:30:00.000000,0.6080518476473741,ev_charging
ASSET_001,2025-01-05T10:00:00.000000,0.5747867516685761,ev_charging
ASSET_001,2025-01-05T10:30:00.000000,0.5193441828285266,ev_charging
ASSET_001,2025-01-05T11:00:00.000000,0.3422381705355367,ev_charging
ASSET_001,2025-01-05T11:30:00.000000,0.5390540036118022,ev_charging
ASSET_001,2025-01-05T12:00:00.000000,0.2584073803365092,ev_charging
ASSET_001,2025-01-05T12:30:00.000000,0.35661144812227696,ev_charging
ASSET_001,2025-01-05T13:00:00.000000,0.31107446427273927,ev_charging
ASSET_001,2025-01-05T13:30:00.000000,0.41500051196613696,ev_charging
ASSET_001,2025-01-05T14:00:00.000000,0.8240785159655394,ev_charging
ASSET_001,2025-01-05T14:30:00.000000,0.05789034150015471,ev_charging
ASSET_001,2025-01-05T15:00:00.000000,0.5257326705936163,ev_charging
ASSET_001,2025-01-05T15:30:00.000000,0.10452741359989592,ev_charging
ASSET_001,2025-01-05T16:00:00.000000,2.713535340303579,ev_charging
ASSET_001,2025-01-05T16:30:00.000000,2.9995113058015215,ev_charging
ASSET_001,2025-01-05T17:00:00.000000,2.811777017784276,ev_charging
ASSET_001,2025-01-05T17:30:00.000000,2.602541760329381,ev_charging
ASSET_001,2025-01-05T18:00:00.000000,2.668946141839156,ev_charging
ASSET_001,2025-01-05T18:30:00.000000,2.9245120161441034,ev_charging
ASSET_001,2025-01-05T19:00:00.000000,2.6661863992603965,ev_charging
ASSET_001,2025-01-05T19:30:00.000000,2.8396583058769833,ev_charging
ASSET_001,2025-01-05T20:00:00.000000,2.8083494120966632,ev_charging
ASSET_001,2025-01-05T20:30:00.000000,2.68061750774222,ev_charging
ASSET_001,2025-01-05T21:00:00.000000,0.7928011849371044,ev_charging
ASSET_001,2025-01-05T21:30:00.000000,0.5161430208746928,ev_charging
ASSET_001,2025-01-05T22:00:00.000000,1.2289649475159456,ev_charging
ASSET_001,2025-01-05T22:30:00.000000,1.6341610940988274,ev_charging
ASSET_001,2025-01-05T23:00:00.000000,1.4787512655620776,ev_charging
ASSET_001,2025-01-05T23:30:00.000000,1.756177964553737,ev_charging
ASSET_001,2025-01-06T00:00:00.000000,2.2547988789942943,ev_charging
ASSET_001,2025-01-06T00:30:00.000000,2.378978644831243,ev_charging
ASSET_001,2025-01-06T01:00:00.000000,2.492520883613205,ev_charging
ASSET_001,2025-01-06T01:30:00.000000,2.5586187195033117,ev_charging
ASSET_001,2025-01-06T02:00:00.000000,0.3800885511358524,ev_charging
ASSET_001,2025-01-06T02:30:00.000000,0.5387145950048547,ev_charging
ASSET_001,2025-01-06T03:00:00.000000,0.5129832340622962,ev_charging
ASSET_001,2025-01-06T03:30:00.000000,0.48030075131774486,ev_charging
ASSET_001,2025-01-06T04:00:00.000000,0.9234564375943581,ev_charging
ASSET_001,2025-01-06T04:30:00.000000,0.6741984349010608,ev_charging
ASSET_001,2025-01-06T05:00:00.000000,0.36898804693790055,ev_charging
ASSET_001,2025-01-06T05:30:00.000000,0.7681654210139643,ev_charging
ASSET_001,2025-01-06T06:00:00.000000,3.988809331809814,ev_charging
ASSET_001,2025-01-06T06:30:00.000000,3.789162385236692,ev_charging
ASSET_001,2025-01-06T07:00:00.000000,3.3216297169519966,ev_charging
ASSET_001,2025-01-06T07:30:00.000000,3.51128140022129,ev_charging
ASSET_001,2025-01-06T08:00:00.000000,3.8321162212616917,ev_charging
ASSET_001,2025-01-06T08:30:00.000000,3.4703448443348446,ev_charging
ASSET_001,2025-01-06T09:00:00.000000,0.681314059513934,ev_charging
ASSET_001,2025-01-06T09:30:00.000000,0.7419240247890178,ev_charging
ASSET_001,2025-01-06T10:00:00.000000,0.43017309574301543,ev_charging
ASSET_001,2025-01-06T10:30:00.000000,0.5890941044072487,ev_charging
ASSET_001,2025-01-06T11:00:00.000000,0.00615351948020193,ev_charging
ASSET_001,2025-01-06T11:30:00.000000,0.4123175499983961,ev_charging
ASSET_001,2025-01-06T12:00:00.000000,0.5537259065483245,ev_charging
ASSET_001,2025-01-06T12:30:00.000000,0.3713882955900114,ev_charging
ASSET_001,2025-01-06T13:00:00.000000,0.8990810710417603,ev_charging
ASSET_001,2025-01-06T13:30:00.000000,0.3379776689664983,ev_charging
ASSET_001,2025-01-06T14:00:00.000000,0.5193775636873026,ev_charging
ASSET_001,2025-01-06T14:30:00.000000,0.6239535414813446,ev_charging
ASSET_001,2025-01-06T15:00:00.000000,0.8640618561753276,ev_charging
ASSET_001,2025-01-06T15:30:00.000000,0.33692954158748123,ev_charging
ASSET_001,2025-01-06T16:00:00.000000,4.413108216019819,ev_charging
ASSET_001,2025-01-06T16:30:00.000000,4.201874842965375,ev_charging
ASSET_001,2025-01-06T17:00:00.000000,4.020173593575858,ev_charging
ASSET_001,2025-01-06T17:30:00.000000,4.284663957963235,ev_charging
ASSET_001,2025-01-06T18:00:00.000000,4.236470579938997,ev_charging
ASSET_001,2025-01-06T18:30:00.000000,4.090031693577693,ev_charging
ASSET_001,2025-01-06T19:00:00.000000,4.212788739142814,ev_charging
ASSET_001,2025-01-06T19:30:00.000000,4.129405044574971,ev_charging
ASSET_001,2025-01-06T20:00:00.000000,4.22079799932639,ev_charging
ASSET_001,2025-01-06T20:30:00.000000,4.321311798581892,ev_charging
ASSET_001,2025-01-06T21:00:00.000000,0.8905809381009163,ev_charging
ASSET_001,2025-01-06T21:30:00.000000,0.37321451753636653,ev_charging
ASSET_001,2025-01-06T22:00:00.000000,2.7908021861423804,ev_charging
ASSET_001,2025-01-06T22:30:00.000000,2.042349628158913,ev_charging
ASSET_001,2025-01-06T23:00:00.000000,2.3721908022309806,ev_charging
ASSET_001,2025-01-06T23:30:00.000000,2.5077881167594955,ev_charging
ASSET_001,2025-01-07T00:00:00.000000,2.451481724338597,ev_charging
ASSET_001,2025-01-07T00:30:00.000000,2.285912552261441,ev_charging
ASSET_001,2025-01-07T01:00:00.000000,2.361869030559542,ev_charging
ASSET_001,2025-01-07T01:30:00.000000,2.3096751859000064,ev_charging
ASSET_001,2025-01-07T02:00:00.000000,0.49201995703129264,ev_charging
ASSET_001,2025-01-07T02:30:00.000000,0.7556592413470663,ev_charging
ASSET_001,2025-01-07T03:00:00.000000,0.6654103372500247,ev_charging
ASSET_001,2025-01-07T03:30:00.000000,0.4730490634397444,ev_charging
ASSET_001,2025-01-07T04:00:00.000000,0.7648195486061634,ev_charging
ASSET_001,2025-01-07T04:30:00.000000,0.6563016622177502,ev_charging
ASSET_001,2025-01-07T05:00:00.000000,0.748927952487281,ev_charging
ASSET_001,2025-01-07T05:30:00.000000,0.7153569985381475,ev_charging
ASSET_001,2025-01-07T06:00:00.000000,3.448116271213206,ev_charging
ASSET_001,2025-01-07T06:30:00.000000,3.4973668308496264,ev_charging
ASSET_001,2025-01-07T07:00:00.000000,3.7369148640815117,ev_charging
ASSET_001,2025-01-07T07:30:00.000000,3.711828552202631,ev_charging
ASSET_001,2025-01-07T08:00:00.000000,3.5961705293915682,ev_charging
ASSET_001,2025-01-07T08:30:00.000000,3.6214960527276445,ev_charging
ASSET_001,2025-01-07T09:00:00.000000,0.8340864612640936,ev_charging
ASSET_001,2025-01-07T09:30:00.000000,0.4916156705454354,ev_charging
ASSET_001,2025-01-07T10:00:00.000000,0.7002360559072248,ev_charging
ASSET_001,2025-01-07T10:30:00.000000,0.5629554176076472,ev_charging
ASSET_001,2025-01-07T11:00:00.000000,0.5601176938372986,ev_charging
ASSET_001,2025-01-07T11:30:00.000000,0.8013116160962245,ev_charging
ASSET_001,2025-01-07T12:00:00.000000,0.7512280667967355,ev_charging
ASSET_001,2025-01-07T12:30:00.000000,0.7490465868815456,ev_charging
ASSET_001,2025-01-07T13:00:00.000000,0.8391823671679182,ev_charging
ASSET_001,2025-01-07T13:30:00.000000,0.6038482038420019,ev_charging
ASSET_001,2025-01-07T14:00:00.000000,0.7249435265265416,ev_charging
ASSET_001,2025-01-07T14:30:00.000000,0.5431546978098418,ev_charging
ASSET_001,2025-01-07T15:00:00.000000,0.6593919067237752,ev_charging
ASSET_001,2025-01-07T15:30:00.000000,0.5761559332533492,ev_charging
ASSET_001,2025-01-07T16:00:00.000000,4.217771046443309,ev_charging
ASSET_001,2025-01-07T16:30:00.000000,4.309041269303263,ev_charging
ASSET_001,2025-01-07T17:00:00.000000,4.050090281964724,ev_charging
ASSET_001,2025-01-07T17:30:00.000000,4.583355240152372,ev_charging
ASSET_001,2025-01-07T18:00:00.000000,4.015683244032376,ev_charging
ASSET_001,2025-01-07T18:30:00.000000,3.977543300585676,ev_charging
ASSET_001,2025-01-07T19:00:00.000000,4.412182456466263,ev_charging
ASSET_001,2025-01-07T19:30:00.000000,4.3450439150010665,ev_charging
ASSET_001,2025-01-07T20:00:00.000000,4.314347666481342,ev_charging
ASSET_001,2025-01-07T20:30:00.000000,4.315121873661634,ev_charging
ASSET_001,2025-01-07T21:00:00.000000,0.5977562162605474,ev_charging
ASSET_001,2025-01-07T21:30:00.000000,0.4356101812242029,ev_charging
ASSET_001,2025-01-07T22:00:00.000000,2.4138884779833507,ev_charging
ASSET_001,2025-01-07T22:30:00.000000,2.2759343007122452,ev_charging
ASSET_001,2025-01-07T23:00:00.000000,2.5786558654440377,ev_charging
ASSET_001,2025-01-07T23:30:00.000000,2.3730569868890723,ev_charging
ASSET_001,2025-01-08T00:00:00.000000,2.248757120730515,ev_charging
ASSET_001,2025-01-08T00:30:00.000000,2.341117522582862,ev_charging
ASSET_001,2025-01-08T01:00:00.000000,2.47565494144407,ev_charging
ASSET_001,2025-01-08T01:30:00.000000,2.2967176087184145,ev_charging
ASSET_001,2025-01-08T02:00:00.000000,0.44935747752657873,ev_charging
ASSET_001,2025-01-08T02:30:00.000000,0.6446469783911968,ev_charging
ASSET_001,2025-01-08T03:00:00.000000,0.6448813753495624,ev_charging
ASSET_001,2025-01-08T03:30:00.000000,0.5071207682266465,ev_charging
ASSET_001,2025-01-08T04:00:00.000000,0.5136990532920716,ev_charging
ASSET_001,2025-01-08T04:30:00.000000,0.642514863523024,ev_charging
ASSET_001,2025-01-08T05:00:00.000000,0.3346902617185259,ev_charging
ASSET_001,2025-01-08T05:30:00.000000,0.3421325299088668,ev_charging
ASSET_001,2025-01-08T06:00:00.000000,3.4683707551776783,ev_charging
ASSET_001,2025-01-08T06:30:00.000000,3.5608934325613646,ev_charging
ASSET_001,2025-01-08T07:00:00.000000,3.6569627075542055,ev_charging
ASSET_001,2025-01-08T07:30:00.000000,3.8703063354625424,ev_charging
ASSET_001,2025-01-08T08:00:00.000000,3.757135495250941,ev_charging
ASSET_001,2025-01-08T08:30:00.000000,3.5706969764745575,ev_charging
ASSET_001,2025-01-08T09:00:00.000000,0.5965159590521145,ev_charging
ASSET_001,2025-01-08T09:30:00.000000,0.41632229855028713,ev_charging
ASSET_001,2025-01-08T10:00:00.000000,0.5966081290128228,ev_charging
ASSET_001,2025-01-08T10:30:00.000000,0.5471136136549889,ev_charging
ASSET_001,2025-01-08T11:00:00.000000,0.6591266505190857,ev_charging
ASSET_001,2025-01-08T11:30:00.000000,0.44843947355630653,ev_charging
ASSET_001,2025-01-08T12:00:00.000000,0.6951517006449005,ev_charging
ASSET_001,2025-01-08T12:30:00.000000,0.880819665132258,ev_charging
ASSET_001,2025-01-08T13:00:00.000000,0.5800735870862972,ev_charging
ASSET_001,2025-01-08T13:30:00.000000,0.6735993262274131,ev_charging
ASSET_001,2025-01-08T14:00:00.000000,0.7264442384813574,ev_charging
ASSET_001,2025-01-08T14:30:00.000000,0.5264906778294878,ev_charging
ASSET_001,2025-01-08T15:00:00.000000,0.6410569439888371,ev_charging
ASSET_001,2025-01-08T15:30:00.000000,0.6023071077146646,ev_charging
ASSET_001,2025-01-08T16:00:00.000000,4.2178956566269825,ev_charging
ASSET_001,2025-01-08T16:30:00.000000,4.058373564600767,ev_charging
ASSET_001,2025-01-08T17:00:00.000000,4.204490614069585,ev_charging
ASSET_001,2025-01-08T17:30:00.000000,4.29124040121747,ev_charging
ASSET_001,2025-01-08T18:00:00.000000,4.465870239571021,ev_charging
ASSET_001,2025-01-08T18:30:00.000000,4.375752119207754,ev_charging
ASSET_001,2025-01-08T19:00:00.000000,4.59449378596551,ev_charging
ASSET_001,2025-01-08T19:30:00.000000,4.059410964370868,ev_charging
ASSET_001,2025-01-08T20:00:00.000000,4.3598216023706104,ev_charging
ASSET_001,2025-01-08T20:30:00.000000,4.233590874622776,ev_charging
ASSET_001,2025-01-08T21:00:00.000000,1.0012031802645236,ev_charging
ASSET_001,2025-01-08T21:30:00.000000,0.451908207004574,ev_charging
ASSET_001,2025-01-08T22:00:00.000000,2.2461509624861646,ev_charging
ASSET_001,2025-01-08T22:30:00.000000,2.2901827046025773,ev_charging
ASSET_001,2025-01-08T23:00:00.000000,2.0108719619389532,ev_charging
ASSET_001,2025-01-08T23:30:00.000000,2.3036741692420604,ev_charging
ASSET_001,2025-01-09T00:00:00.000000,2.2609160516510545,ev_charging
ASSET_001,2025-01-09T00:30:00.000000,2.427554290165105,ev_charging
ASSET_001,2025-01-09T01:00:00.000000,2.462614576990601,ev_charging
ASSET_001,2025-01-09T01:30:00.000000,2.7437413001849107,ev_charging
ASSET_001,2025-01-09T02:00:00.000000,0.774131224639087,ev_charging
ASSET_001,2025-01-09T02:30:00.000000,0.4943030088018525,ev_charging
ASSET_001,2025-01-09T03:00:00.000000,0.4353975977136758,ev_charging
ASSET_001,2025-01-09T03:30:00.000000,0.6901266196367276,ev_charging
ASSET_001,2025-01-09T04:00:00.000000,0.3581144159994323,ev_charging
ASSET_001,2025-01-09T04:30:00.000000,0.9355494096011727,ev_charging
ASSET_001,2025-01-09T05:00:00.000000,0.8160902792607215,ev_charging
ASSET_001,2025-01-09T05:30:00.000000,0.5140403180251023,ev_charging
ASSET_001,2025-01-09T06:00:00.000000,3.286129280920135,ev_charging
ASSET_001,2025-01-09T06:30:00.000000,3.84804875998102,ev_charging
ASSET_001,2025-01-09T07:00:00.000000,3.5790146640662166,ev_charging
ASSET_001,2025-01-09T07:30:00.000000,3.826785631443709,ev_charging
ASSET_001,2025-01-09T08:00:00.000000,3.3078780753708887,ev_charging
ASSET_001,2025-01-09T08:30:00.000000,3.4901859332945406,ev_charging
ASSET_001,2025-01-09T09:00:00.000000,0.6009607206983671,ev_charging
ASSET_001,2025-01-09T09:30:00.000000,0.6086075159290402,ev_charging
ASSET_001,2025-01-09T10:00:00.000000,0.5175415761182671,ev_charging
ASSET_001,2025-01-09T10:30:00.000000,0.7141150054622382,ev_charging
ASSET_001,2025-01-09T11:00:00.000000,0.4043966856166889,ev_charging
ASSET_001,2025-01-09T11:30:00.000000,0.5739140443514559,ev_charging
ASSET_001,2025-01-09T12:00:00.000000,0.6220398782386443,ev_charging
ASSET_001,2025-01-09T12:30:00.000000,0.6942525435257636,ev_charging
ASSET_001,2025-01-09T13:00:00.000000,0.7303780115927144,ev_charging
ASSET_001,2025-01-09T13:30:00.000000,0.3939495024597046,ev_charging
ASSET_001,2025-01-09T14:00:00.000000,0.31892836800450913,ev_charging
ASSET_001,2025-01-09T14:30:00.000000,0.834088646297834,ev_charging
ASSET_001,2025-01-09T15:00:00.000000,0.6608846743376895,ev_charging
ASSET_001,2025-01-09T15:30:00.000000,0.46286657383803137,ev_charging
ASSET_001,2025-01-09T16:00:00.000000,4.484193201229663,ev_charging
ASSET_001,2025-01-09T16:30:00.000000,4.221193245497227,ev_charging
ASSET_001,2025-01-09T17:00:00.000000,4.416064091223123,ev_charging
ASSET_001,2025-01-09T17:30:00.000000,4.212370350344067,ev_charging
ASSET_001,2025-01-09T18:00:00.000000,4.57755845909445,ev_charging
ASSET_001,2025-01-09T18:30:00.000000,4.521603518633344,ev_charging
ASSET_001,2025-01-09T19:00:00.000000,4.1543862113679415,ev_charging
ASSET_001,2025-01-09T19:30:00.000000,4.378005677799852,ev_charging
ASSET_001,2025-01-09T20:00:00.000000,4.318242093620422,ev_charging
ASSET_001,2025-01-09T20:30:00.000000,4.45075285321932,ev_charging
ASSET_001,2025-01-09T21:00:00.000000,0.42321223740085934,ev_charging
ASSET_001,2025-01-09T21:30:00.000000,0.7256944282068569,ev_charging
ASSET_001,2025-01-09T22:00:00.000000,2.5939184863406566,ev_charging
ASSET_001,2025-01-09T22:30:00.000000,2.077773801237479,ev_charging
ASSET_001,2025-01-09T23:00:00.000000,2.1832101367865917,ev_charging
ASSET_001,2025-01-09T23:30:00.000000,2.0263835331460958,ev_charging
ASSET_001,2025-01-10T00:00:00.000000,2.3506408192606933,ev_charging
ASSET_001,2025-01-10T00:30:00.000000,2.5314639918654747,ev_charging
ASSET_001,2025-01-10T01:00:00.000000,2.6752532741875936,ev_charging
ASSET_001,2025-01-10T01:30:00.000000,2.413575222269766,ev_charging
ASSET_001,2025-01-10T02:00:00.000000,0.898385633885026,ev_charging
ASSET_001,2025-01-10T02:30:00.000000,0.3471456971199145,ev_charging
ASSET_001,2025-01-10T03:00:00.000000,0.28791600307528764,ev_charging
ASSET_001,2025-01-10T03:30:00.000000,0.5898228680235837,ev_charging
ASSET_001,2025-01-10T04:00:00.000000,0.6703662768949517,ev_charging
ASSET_001,2025-01-10T04:30:00.000000,0.5940098550813322,ev_charging
ASSET_001,2025-01-10T05:00:00.000000,0.2212150723855511,ev_charging
ASSET_001,2025-01-10T05:30:00.000000,0.5836719356178355,ev_charging
ASSET_001,2025-01-10T06:00:00.000000,3.361002552228932,ev_charging
ASSET_001,2025-01-10T06:30:00.000000,3.72269357769636,ev_charging
ASSET_001,2025-01-10T07:00:00.000000,3.667166035802744,ev_charging
ASSET_001,2025-01-10T07:30:00.000000,3.4278005962907376,ev_charging
ASSET_001,2025-01-10T08:00:00.000000,3.5058522397879552,ev_charging
ASSET_001,2025-01-10T08:30:00.000000,3.4059369511682025,ev_charging
ASSET_001,2025-01-10T09:00:00.000000,0.5885162939638796,ev_charging
ASSET_001,2025-01-10T09:30:00.000000,0.7749957180061198,ev_charging
ASSET_001,2025-01-10T10:00:00.000000,0.4194009065106664,ev_charging
ASSET_001,2025-01-10T10:30:00.000000,0.6923485223073765,ev_charging
ASSET_001,2025-01-10T11:00:00.000000,0.5028492292053349,ev_charging
ASSET_001,2025-01-10T11:30:00.000000,0.4547343703747919,ev_charging
ASSET_001,2025-01-10T12:00:00.000000,0.5803905090511827,ev_charging
ASSET_001,2025-01-10T12:30:00.000000,0.41032881735673604,ev_charging
ASSET_001,2025-01-10T13:00:00.000000,0.4985635379846055,ev_charging
ASSET_001,2025-01-10T13:30:00.000000,0.38053165753640017,ev_charging
ASSET_001,2025-01-10T14:00:00.000000,0.9599657118521814,ev_charging
ASSET_001,2025-01-10T14:30:00.000000,0.6064607864862488,ev_charging
ASSET_001,2025-01-10T15:00:00.000000,0.47180029085707265,ev_charging
ASSET_001,2025-01-10T15:30:00.000000,0.639204176502377,ev_charging
ASSET_001,2025-01-10T16:00:00.000000,4.179419896610216,ev_charging
ASSET_001,2025-01-10T16:30:00.000000,4.159515212656949,ev_charging
ASSET_001,2025-01-10T17:00:00.000000,4.312524113257957,ev_charging
ASSET_001,2025-01-10T17:30:00.000000,4.3387862340193815,ev_charging
ASSET_001,2025-01-10T18:00:00.000000,4.102804611169929,ev_charging
ASSET_001,2025-01-10T18:30:00.000000,4.094501872339029,ev_charging
ASSET_001,2025-01-10T19:00:00.000000,4.14960659977186,ev_charging
ASSET_001,2025-01-10T19:30:00.000000,3.7782551580323736,ev_charging
ASSET_001,2025-01-10T20:00:00.000000,3.9223953518186225,ev_charging
ASSET_001,2025-01-10T20:30:00.000000,4.450430892571086,ev_charging
ASSET_001,2025-01-10T21:00:00.000000,0.9013815846521995,ev_charging
ASSET_001,2025-01-10T21:30:00.000000,0.5543730398955635,ev_charging
ASSET_001,2025-01-10T22:00:00.000000,2.50563347215986,ev_charging
ASSET_001,2025-01-10T22:30:00.000000,2.457025474743155,ev_charging
ASSET_001,2025-01-10T23:00:00.000000,2.964094948120549,ev_charging
ASSET_001,2025-01-10T23:30:00.000000,2.6051221177021207,ev_charging
ASSET_001,2025-01-11T00:00:00.000000,1.5765636698465597,ev_charging
ASSET_001,2025-01-11T00:30:00.000000,1.4249313407042792,ev_charging
ASSET_001,2025-01-11T01:00:00.000000,1.3056760848956661,ev_charging
ASSET_001,2025-01-11T01:30:00.000000,1.6372774447142449,ev_charging
ASSET_001,2025-01-11T02:00:00.000000,0.2614257384532687,ev_charging
ASSET_001,2025-01-11T02:30:00.000000,0.13942280249156896,ev_charging
ASSET_001,2025-01-11T03:00:00.000000,0.28153861085127996,ev_charging
ASSET_001,2025-01-11T03:30:00.000000,0.20184495505207692,ev_charging
ASSET_001,2025-01-11T04:00:00.000000,0.7091084495686522,ev_charging
ASSET_001,2025-01-11T04:30:00.000000,0.5615289983268101,ev_charging
ASSET_001,2025-01-11T05:00:00.000000,0.39853929821591977,ev_charging
ASSET_001,2025-01-11T05:30:00.000000,0.6711469083037798,ev_charging
ASSET_001,2025-01-11T06:00:00.000000,2.4141749792225817,ev_charging
ASSET_001,2025-01-11T06:30:00.000000,2.2422004302566436,ev_charging
ASSET_001,2025-01-11T07:00:00.000000,2.6790580898711913,ev_charging
ASSET_001,2025-01-11T07:30:00.000000,2.4987360187179397,ev_charging
ASSET_001,2025-01-11T08:00:00.000000,2.209961686725189,ev_charging
ASSET_001,2025-01-11T08:30:00.000000,2.3651272350511108,ev_charging
ASSET_001,2025-01-11T09:00:00.000000,0.23957422714772128,ev_charging
ASSET_001,2025-01-11T09:30:00.000000,0.14665133500546268,ev_charging
ASSET_001,2025-01-11T10:00:00.000000,0.5696889578156186,ev_charging
ASSET_001,2025-01-11T10:30:00.000000,0.7498324059147061,ev_charging
ASSET_001,2025-01-11T11:00:00.000000,0.14376244093956447,ev_charging
ASSET_001,2025-01-11T11:30:00.000000,0.5031440065793796,ev_charging
ASSET_001,2025-01-11T12:00:00.000000,0.28079298644303674,ev_charging
ASSET_001,2025-01-11T12:30:00.000000,0.3107516707602539,ev_charging
ASSET_001,2025-01-11T13:00:00.000000,0.2914649703090929,ev_charging
ASSET_001,2025-01-11T13:30:00.000000,0.24170454826937657,ev_charging
ASSET_001,2025-01-11T14:00:00.000000,0.40888985540560585,ev_charging
ASSET_001,2025-01-11T14:30:00.000000,0.24775806795754915,ev_charging
ASSET_001,2025-01-11T15:00:00.000000,0.4495515541518062,ev_charging
ASSET_001,2025-01-11T15:30:00.000000,0.3907956606616403,ev_charging
ASSET_001,2025-01-11T16:00:00.000000,2.7562213042705475,ev_charging
ASSET_001,2025-01-11T16:30:00.000000,2.6337213719188073,ev_charging
ASSET_001,2025-01-11T17:00:00.000000,2.694327252649445,ev_charging
ASSET_001,2025-01-11T17:30:00.000000,2.938398463874505,ev_charging
ASSET_001,2025-01-11T18:00:00.000000,2.89177518473261,ev_charging
ASSET_001,2025-01-11T18:30:00.000000,2.62089791407798,ev_charging
ASSET_001,2025-01-11T19:00:00.000000,2.818199097387569,ev_charging
ASSET_001,2025-01-11T19:30:00.000000,2.9376648551034745,ev_charging
ASSET_001,2025-01-11T20:00:00.000000,2.4941411038516916,ev_charging
ASSET_001,2025-01-11T20:30:00.000000,2.8995513495324667,ev_charging
ASSET_001,2025-01-11T21:00:00.000000,0.27859786130742165,ev_charging
ASSET_001,2025-01-11T21:30:00.000000,0.5045418274958182,ev_charging
ASSET_001,2025-01-11T22:00:00.000000,1.4601600188191746,ev_charging
ASSET_001,2025-01-11T22:30:00.000000,1.2693198151282505,ev_charging
ASSET_001,2025-01-11T23:00:00.000000,1.3018109747735491,ev_charging
ASSET_001,2025-01-11T23:30:00.000000,1.6088098491561746,ev_charging
ASSET_001,2025-01-12T00:00:00.000000,1.6475848726368287,ev_charging
ASSET_001,2025-01-12T00:30:00.000000,1.4343162754719423,ev_charging
ASSET_001,2025-01-12T01:00:00.000000,1.716999261197426,ev_charging
ASSET_001,2025-01-12T01:30:00.000000,1.295585788591437,ev_charging
ASSET_001,2025-01-12T02:00:00.000000,0.3878932368906881,ev_charging
ASSET_001,2025-01-12T02:30:00.000000,0.17812453197209274,ev_charging
ASSET_001,2025-01-12T03:00:00.000000,0.28057431310624725,ev_charging
ASSET_001,2025-01-12T03:30:00.000000,0.408684113709043,ev_charging
ASSET_001,2025-01-12T04:00:00.000000,0.24235997986047586,ev_charging
ASSET_001,2025-01-12T04:30:00.000000,0.32954393064646414,ev_charging
ASSET_001,2025-01-12T05:00:00.000000,0.5843672182596458,ev_charging
ASSET_001,2025-01-12T05:30:00.000000,0.2943051681909374,ev_charging
ASSET_001,2025-01-12T06:00:00.000000,2.553110733389078,ev_charging
ASSET_001,2025-01-12T06:30:00.000000,2.1930215655573724,ev_charging
ASSET_001,2025-01-12T07:00:00.000000,2.4970676940251932,ev_charging
ASSET_001,2025-01-12T07:30:00.000000,2.6641159651419657,ev_charging
ASSET_001,2025-01-12T08:00:00.000000,1.9471594183695362,ev_charging
ASSET_001,2025-01-12T08:30:00.000000,2.2539974049798737,ev_charging
ASSET_001,2025-01-12T09:00:00.000000,0.5057278575870061,ev_charging
ASSET_001,2025-01-12T09:30:00.000000,0.3627991846285517,ev_charging
ASSET_001,2025-01-12T10:00:00.000000,0.46799922608552913,ev_charging
ASSET_001,2025-01-12T10:30:00.000000,0.28934128543385146,ev_charging
ASSET_001,2025-01-12T11:00:00.000000,0.4158644860619992,ev_charging
ASSET_001,2025-01-12T11:30:00.000000,0.3714777065156655,ev_charging
ASSET_001,2025-01-12T12:00:00.000000,0.6139543562969576,ev_charging
ASSET_001,2025-01-12T12:30:00.000000,0.446613533076258,ev_charging
ASSET_001,2025-01-12T13:00:00.000000,0.4618536305873496,ev_charging
ASSET_001,2025-01-12T13:30:00.000000,0.3245382558497051,ev_charging
ASSET_001,2025-01-12T14:00:00.000000,0.3106635739467182,ev_charging
ASSET_001,2025-01-12T14:30:00.000000,0.32074916058876235,ev_charging
ASSET_001,2025-01-12T15:00:00.000000,0.4722692675143094,ev_charging
ASSET_001,2025-01-12T15:30:00.000000,0.3228696290497161,ev_charging
ASSET_001,2025-01-12T16:00:00.000000,2.853090893424236,ev_charging
ASSET_001,2025-01-12T16:30:00.000000,3.1802430748946824,ev_charging
ASSET_001,2025-01-12T17:00:00.000000,2.9596024903073066,ev_charging
ASSET_001,2025-01-12T17:30:00.000000,2.7402678314278206,ev_charging
ASSET_001,2025-01-12T18:00:00.000000,3.020079550739323,ev_charging
ASSET_001,2025-01-12T18:30:00.000000,2.725234762014266,ev_charging
ASSET_001,2025-01-12T19:00:00.000000,2.426586469090629,ev_charging
ASSET_001,2025-01-12T19:30:00.000000,2.615304186606919,ev_charging
ASSET_001,2025-01-12T20:00:00.000000,2.4572441944691916,ev_charging
ASSET_001,2025-01-12T20:30:00.000000,2.735597708102432,ev_charging
ASSET_001,2025-01-12T21:00:00.000000,0.4033745101872286,ev_charging
ASSET_001,2025-01-12T21:30:00.000000,0.7071472647132929,ev_charging
ASSET_001,2025-01-12T22:00:00.000000,1.6598977652646485,ev_charging
ASSET_001,2025-01-12T22:30:00.000000,1.5598576531146617,ev_charging
ASSET_001,2025-01-12T23:00:00.000000,1.751958951123975,ev_charging
ASSET_001,2025-01-12T23:30:00.000000,1.194888423742484,ev_charging
ASSET_001,2025-01-13T00:00:00.000000,2.4431679529677477,ev_charging
ASSET_001,2025-01-13T00:30:00.000000,2.541233515880005,ev_charging
ASSET_001,2025-01-13T01:00:00.000000,2.129101877112479,ev_charging
ASSET_001,2025-01-13T01:30:00.000000,2.6095520800589838,ev_charging
ASSET_001,2025-01-13T02:00:00.000000,0.6620173775159408,ev_charging
ASSET_001,2025-01-13T02:30:00.000000,0.5239133214888889,ev_charging
ASSET_001,2025-01-13T03:00:00.000000,0.7159346776116158,ev_charging
ASSET_001,2025-01-13T03:30:00.000000,1.0160233700191625,ev_charging
ASSET_001,2025-01-13T04:00:00.000000,0.6333204960160743,ev_charging
ASSET_001,2025-01-13T04:30:00.000000,0.6454775574185972,ev_charging
ASSET_001,2025-01-13T05:00:00.000000,0.5158385209056624,ev_charging
ASSET_001,2025-01-13T05:30:00.000000,0.4442963708802006,ev_charging
ASSET_001,2025-01-13T06:00:00.000000,3.752129383531142,ev_charging
ASSET_001,2025-01-13T06:30:00.000000,3.4431532133245537,ev_charging
ASSET_001,2025-01-13T07:00:00.000000,3.61311195703341,ev_charging
ASSET_001,2025-01-13T07:30:00.000000,3.512486332074819,ev_charging
ASSET_001,2025-01-13T08:00:00.000000,3.687755946645678,ev_charging
ASSET_001,2025-01-13T08:30:00.000000,3.661131664290073,ev_charging
ASSET_001,2025-01-13T09:00:00.000000,0.7900921397872508,ev_charging
ASSET_001,2025-01-13T09:30:00.000000,0.5065577097812552,ev_charging
ASSET_001,2025-01-13T10:00:00.000000,0.5505550564980359,ev_charging
ASSET_001,2025-01-13T10:30:00.000000,0.42067650492988434,ev_charging
ASSET_001,2025-01-13T11:00:00.000000,0.5185991277074838,ev_charging
ASSET_001,2025-01-13T11:30:00.000000,0.6691268403328604,ev_charging
ASSET_001,2025-01-13T12:00:00.000000,0.7386911286925234,ev_charging
ASSET_001,2025-01-13T12:30:00.000000,0.43104613882031356,ev_charging
ASSET_001,2025-01-13T13:00:00.000000,0.7593242275050728,ev_charging
ASSET_001,2025-01-13T13:30:00.000000,0.8483722219881928,ev_charging
ASSET_001,2025-01-13T14:00:00.000000,0.6757471804834851,ev_charging
ASSET_001,2025-01-13T14:30:00.000000,0.9438558042293885,ev_charging
ASSET_001,2025-01-13T15:00:00.000000,0.45823076459280965,ev_charging
ASSET_001,2025-01-13T15:30:00.000000,0.3719614775718725,ev_charging
ASSET_001,2025-01-13T16:00:00.000000,3.874113040111466,ev_charging
ASSET_001,2025-01-13T16:30:00.000000,4.474096689926411,ev_charging
ASSET_001,2025-01-13T17:00:00.000000,4.319889136324869,ev_charging
ASSET_001,2025-01-13T17:30:00.000000,4.189816094222477,ev_charging
ASSET_001,2025-01-13T18:00:00.000000,4.251294251893595,ev_charging
ASSET_001,2025-01-13T18:30:00.000000,3.9937943281199764,ev_charging
ASSET_001,2025-01-13T19:00:00.000000,4.648096701979798,ev_charging
ASSET_001,2025-01-13T19:30:00.000000,4.223675166554747,ev_charging
ASSET_001,2025-01-13T20:00:00.000000,4.220042689154397,ev_charging
ASSET_001,2025-01-13T20:30:00.000000,4.332970813592867,ev_charging
ASSET_001,2025-01-13T21:00:00.000000,0.6881277628146192,ev_charging
ASSET_001,2025-01-13T21:30:00.000000,0.6410187515911409,ev_charging
ASSET_001,2025-01-13T22:00:00.000000,2.255173787270198,ev_charging
ASSET_001,2025-01-13T22:30:00.000000,2.486379738289559,ev_charging
ASSET_001,2025-01-13T23:00:00.000000,2.7448137738184615,ev_charging
ASSET_001,2025-01-13T23:30:00.000000,2.6465001727419657,ev_charging
ASSET_001,2025-01-14T00:00:00.000000,2.6918945498092897,ev_charging
ASSET_001,2025-01-14T00:30:00.000000,2.306337984996715,ev_charging
ASSET_001,2025-01-14T01:00:00.000000,2.21869025971691,ev_charging
ASSET_001,2025-01-14T01:30:00.000000,2.3769540392817428,ev_charging
ASSET_001,2025-01-14T02:00:00.000000,0.6102096000014644,ev_charging
ASSET_001,2025-01-14T02:30:00.000000,0.8004715174912845,ev_charging
ASSET_001,2025-01-14T03:00:00.000000,0.28991630177010624,ev_charging
ASSET_001,2025-01-14T03:30:00.000000,0.880235469244034,ev_charging
ASSET_001,2025-01-14T04:00:00.000000,0.5710506957246351,ev_charging
ASSET_001,2025-01-14T04:30:00.000000,0.5217892896846333,ev_charging
ASSET_001,2025-01-14T05:00:00.000000,0.41456801981840496,ev_charging
ASSET_001,2025-01-14T05:30:00.000000,0.2968066169045929,ev_charging
ASSET_001,2025-01-14T06:00:00.000000,3.750816610561593,ev_charging
ASSET_001,2025-01-14T06:30:00.000000,3.6134328989884463,ev_charging
ASSET_001,2025-01-14T07:00:00.000000,3.363660735154585,ev_charging
ASSET_001,2025-01-14T07:30:00.000000,3.36272306783263,ev_charging
ASSET_001,2025-01-14T08:00:00.000000,3.5384794461657725,ev_charging
ASSET_001,2025-01-14T08:30:00.000000,3.9057885865976636,ev_charging
ASSET_001,2025-01-14T09:00:00.000000,0.552439155982311,ev_charging
ASSET_001,2025-01-14T09:30:00.000000,0.32460273751800406,ev_charging
ASSET_001,2025-01-14T10:00:00.000000,0.5549763600442538,ev_charging
ASSET_001,2025-01-14T10:30:00.000000,0.5500331459712303,ev_charging
ASSET_001,2025-01-14T11:00:00.000000,0.10589184006106195,ev_charging
ASSET_001,2025-01-14T11:30:00.000000,0.5900524048129865,ev_charging
ASSET_001,2025-01-14T12:00:00.000000,0.5576894950010529,ev_charging
ASSET_001,2025-01-14T12:30:00.000000,0.7275549518390299,ev_charging
ASSET_001,2025-01-14T13:00:00.000000,0.9387551702524866,ev_charging
ASSET_001,2025-01-14T13:30:00.000000,0.8064028071992856,ev_charging
ASSET_001,2025-01-14T14:00:00.000000,0.5507357506233471,ev_charging
ASSET_001,2025-01-14T14:30:00.000000,0.3972686460055439,ev_charging
ASSET_001,2025-01-14T15:00:00.000000,1.071476278238278,ev_charging
ASSET_001,2025-01-14T15:30:00.000000,0.6108496630890831,ev_charging
ASSET_001,2025-01-14T16:00:00.000000,4.2025520452683365,ev_charging
ASSET_001,2025-01-14T16:30:00.000000,4.195579939397346,ev_charging
ASSET_001,2025-01-14T17:00:00.000000,4.236291957954968,ev_charging
ASSET_001,2025-01-14T17:30:00.000000,4.173551110243935,ev_charging
ASSET_001,2025-01-14T18:00:00.000000,4.094896925168014,ev_charging
ASSET_001,2025-01-14T18:30:00.000000,4.099807629694171,ev_charging
ASSET_001,2025-01-14T19:00:00.000000,4.193999132992569,ev_charging
ASSET_001,2025-01-14T19:30:00.000000,4.100436818717278,ev_charging
ASSET_001,2025-01-14T20:00:00.000000,4.0693964691023625,ev_charging
ASSET_001,2025-01-14T20:30:00.000000,4.21949953814498,ev_charging
ASSET_001,2025-01-14T21:00:00.000000,0.5532845312368219,ev_charging
ASSET_001,2025-01-14T21:30:00.000000,0.8755530011224713,ev_charging
ASSET_001,2025-01-14T22:00:00.000000,1.9143044601051373,ev_charging
ASSET_001,2025-01-14T22:30:00.000000,2.5999796482272224,ev_charging
ASSET_001,2025-01-14T23:00:00.000000,2.6283006084826015,ev_charging
ASSET_001,2025-01-14T23:30:00.000000,2.020125289562364,ev_charging
ASSET_002,2025-01-01T00:00:00.000000,2.3372147372274217,ev_charging
ASSET_002,2025-01-01T00:30:00.000000,2.331946727051485,ev_charging
ASSET_002,2025-01-01T01:00:00.000000,2.1421237502177704,ev_charging
ASSET_002,2025-01-01T01:30:00.000000,2.2574928711663858,ev_charging
ASSET_002,2025-01-01T02:00:00.000000,0.3965266397414392,ev_charging
ASSET_002,2025-01-01T02:30:00.000000,0.9210409776701138,ev_charging
ASSET_002,2025-01-01T03:00:00.000000,0.7714296484588027,ev_charging
ASSET_002,2025-01-01T03:30:00.000000,0.8329670584757155,ev_charging
ASSET_002,2025-01-01T04:00:00.000000,0.7322206317336356,ev_charging
ASSET_002,2025-01-01T04:30:00.000000,0.39314158620198614,ev_charging
ASSET_002,2025-01-01T05:00:00.000000,0.5039003940708843,ev_charging
ASSET_002,2025-01-01T05:30:00.000000,0.6896604106821149,ev_charging
ASSET_002,2025-01-01T06:00:00.000000,3.3760887264422967,ev_charging
ASSET_002,2025-01-01T06:30:00.000000,3.7306314980994406,ev_charging
ASSET_002,2025-01-01T07:00:00.000000,3.5559689538374557,ev_charging
ASSET_002,2025-01-01T07:30:00.000000,3.531327473473948,ev_charging
ASSET_002,2025-01-01T08:00:00.000000,3.7302580227458537,ev_charging
ASSET_002,2025-01-01T08:30:00.000000,3.6813953852829777,ev_charging
ASSET_002,2025-01-01T09:00:00.000000,0.5338658417624328,ev_charging
ASSET_002,2025-01-01T09:30:00.000000,0.812405781830664,ev_charging
ASSET_002,2025-01-01T10:00:00.000000,0.40193375462187586,ev_charging
ASSET_002,2025-01-01T10:30:00.000000,0.7128482022722883,ev_charging
ASSET_002,2025-01-01T11:00:00.000000,0.7086646233349218,ev_charging
ASSET_002,2025-01-01T11:30:00.000000,0.5432866702256868,ev_charging
ASSET_002,2025-01-01T12:00:00.000000,0.6597522287179309,ev_charging
ASSET_002,2025-01-01T12:30:00.000000,0.3707781197551212,ev_charging
ASSET_002,2025-01-01T13:00:00.000000,0.769294950304693,ev_charging
ASSET_002,2025-01-01T13:30:00.000000,0.5661232871445523,ev_charging
ASSET_002,2025-01-01T14:00:00.000000,0.5042296751691903,ev_charging
ASSET_002,2025-01-01T14:30:00.000000,0.7921934760194015,ev_charging
ASSET_002,2025-01-01T15:00:00.000000,0.4709541738398444,ev_charging
ASSET_002,2025-01-01T15:30:00.000000,0.3419497696305335,ev_charging
ASSET_002,2025-01-01T16:00:00.000000,3.914803297850799,ev_charging
ASSET_002,2025-01-01T16:30:00.000000,4.311029680371541,ev_charging
ASSET_002,2025-01-01T17:00:00.000000,3.9654070507747883,ev_charging
ASSET_002,2025-01-01T17:30:00.000000,4.52150336262785,ev_charging
ASSET_002,2025-01-01T18:00:00.000000,3.8185607906270183,ev_charging
ASSET_002,2025-01-01T18:30:00.000000,4.5108150417617106,ev_charging
ASSET_002,2025-01-01T19:00:00.000000,4.238661414526765,ev_charging
ASSET_002,2025-01-01T19:30:00.000000,4.182280776289461,ev_charging
ASSET_002,2025-01-01T20:00:00.000000,4.100163038738217,ev_charging
ASSET_002,2025-01-01T20:30:00.000000,4.27312743809379,ev_charging
ASSET_002,2025-01-01T21:00:00.000000,0.5931047848771617,ev_charging
ASSET_002,2025-01-01T21:30:00.000000,0.8021406662408841,ev_charging
ASSET_002,2025-01-01T22:00:00.000000,2.420928137058438,ev_charging
ASSET_002,2025-01-01T22:30:00.000000,2.427537429867837,ev_charging
ASSET_002,2025-01-01T23:00:00.000000,2.333381048262247,ev_charging
ASSET_002,2025-01-01T23:30:00.000000,2.38956674822539,ev_charging
ASSET_002,2025-01-02T00:00:00.000000,2.456393681229152,ev_charging
ASSET_002,2025-01-02T00:30:00.000000,2.086672719488268,ev_charging
ASSET_002,2025-01-02T01:00:00.000000,2.152993170878489,ev_charging
ASSET_002,2025-01-02T01:30:00.000000,2.536176600083447,ev_charging
ASSET_002,2025-01-02T02:00:00.000000,0.6313049891998693,ev_charging
ASSET_002,2025-01-02T02:30:00.000000,0.5662916244468127,ev_charging
ASSET_002,2025-01-02T03:00:00.000000,0.6033773598794809,ev_charging
ASSET_002,2025-01-02T03:30:00.000000,0.6636819338751918,ev_charging
ASSET_002,2025-01-02T04:00:00.000000,0.5011083157147491,ev_charging
ASSET_002,2025-01-02T04:30:00.000000,0.45740345566736196,ev_charging
ASSET_002,2025-01-02T05:00:00.000000,0.6358816485232538,ev_charging
ASSET_002,2025-01-02T05:30:00.000000,0.42074813038696013,ev_charging
ASSET_002,2025-01-02T06:00:00.000000,3.6747977370291154,ev_charging
ASSET_002,2025-01-02T06:30:00.000000,3.2880623610807094,ev_charging
ASSET_002,2025-01-02T07:00:00.000000,3.788556014981448,ev_charging
ASSET_002,2025-01-02T07:30:00.000000,3.686586610170675,ev_charging
ASSET_002,2025-01-02T08:00:00.000000,3.646908304893935,ev_charging
ASSET_002,2025-01-02T08:30:00.000000,3.7800430267014455,ev_charging
ASSET_002,2025-01-02T09:00:00.000000,0.9051387107176079,ev_charging
ASSET_002,2025-01-02T09:30:00.000000,0.7858470869122504,ev_charging
ASSET_002,2025-01-02T10:00:00.000000,0.26272554261673775,ev_charging
ASSET_002,2025-01-02T10:30:00.000000,0.36556322002306607,ev_charging
ASSET_002,2025-01-02T11:00:00.000000,0.4855243105864702,ev_charging
ASSET_002,2025-01-02T11:30:00.000000,0.6047802531279135,ev_charging
ASSET_002,2025-01-02T12:00:00.000000,0.6948425276788072,ev_charging
ASSET_002,2025-01-02T12:30:00.000000,0.46703336566152576,ev_charging
ASSET_002,2025-01-02T13:00:00.000000,0.6342183393488361,ev_charging
ASSET_002,2025-01-02T13:30:00.000000,0.46160305560812337,ev_charging
ASSET_002,2025-01-02T14:00:00.000000,0.48796120252326086,ev_charging
ASSET_002,2025-01-02T14:30:00.000000,0.3422795918988792,ev_charging
ASSET_002,2025-01-02T15:00:00.000000,0.4308504802661093,ev_charging
ASSET_002,2025-01-02T15:30:00.000000,0.35235207047100736,ev_charging
ASSET_002,2025-01-02T16:00:00.000000,4.021206079008081,ev_charging
ASSET_002,2025-01-02T16:30:00.000000,4.393042229164222,ev_charging
ASSET_002,2025-01-02T17:00:00.000000,4.026056560724719,ev_charging
ASSET_002,2025-01-02T17:30:00.000000,4.6822899997362795,ev_charging
ASSET_002,2025-01-02T18:00:00.000000,4.290382886839963,ev_charging
ASSET_002,2025-01-02T18:30:00.000000,4.233864618376954,ev_charging
ASSET_002,2025-01-02T19:00:00.000000,4.042736592416799,ev_charging
ASSET_002,2025-01-02T19:30:00.000000,4.3283067743345764,ev_charging
ASSET_002,2025-01-02T20:00:00.000000,4.094534926835722,ev_charging
ASSET_002,2025-01-02T20:30:00.000000,4.2223539410403825,ev_charging
ASSET_002,2025-01-02T21:00:00.000000,1.0690440600471043,ev_charging
ASSET_002,2025-01-02T21:30:00.000000,0.5824004540861624,ev_charging
ASSET_002,2025-01-02T22:00:00.000000,2.6105632915659114,ev_charging
ASSET_002,2025-01-02T22:30:00.000000,2.2711680335394355,ev_charging
ASSET_002,2025-01-02T23:00:00.000000,2.393589608705378,ev_charging
ASSET_002,2025-01-02T23:30:00.000000,2.724435973600363,ev_charging
ASSET_002,2025-01-03T00:00:00.000000,2.2851306783410266,ev_charging
ASSET_002,2025-01-03T00:30:00.000000,2.7320664679472944,ev_charging
ASSET_002,2025-01-03T01:00:00.000000,2.529670265317378,ev_charging
ASSET_002,2025-01-03T01:30:00.000000,2.2969480514165146,ev_charging
ASSET_002,2025-01-03T02:00:00.000000,0.7158661321912436,ev_charging
ASSET_002,2025-01-03T02:30:00.000000,0.7781858688066116,ev_charging
ASSET_002,2025-01-03T03:00:00.000000,0.7139244680776506,ev_charging
ASSET_002,2025-01-03T03:30:00.000000,0.3123123995343556,ev_charging
ASSET_002,2025-01-03T04:00:00.000000,0.46677808171494367,ev_charging
ASSET_002,2025-01-03T04:30:00.000000,0.5546510499864564,ev_charging
ASSET_002,2025-01-03T05:00:00.000000,0.58636273245417,ev_charging
ASSET_002,2025-01-03T05:30:00.000000,0.713715995015535,ev_charging
ASSET_002,2025-01-03T06:00:00.000000,3.6325573619566995,ev_charging
ASSET_002,2025-01-03T06:30:00.000000,3.3553458371363276,ev_charging
ASSET_002,2025-01-03T07:00:00.000000,3.6696576777021637,ev_charging
ASSET_002,2025-01-03T07:30:00.000000,3.7118680311895003,ev_charging
ASSET_002,2025-01-03T08:00:00.000000,3.702561607067365,ev_charging
ASSET_002,2025-01-03T08:30:00.000000,3.798014468646257,ev_charging
ASSET_002,2025-01-03T09:00:00.000000,0.7527864518869957,ev_charging
ASSET_002,2025-01-03T09:30:00.000000,0.6841283502300671,ev_charging
ASSET_002,2025-01-03T10:00:00.000000,0.5871446392934693,ev_charging
ASSET_002,2025-01-03T10:30:00.000000,0.29568822896653435,ev_charging
ASSET_002,2025-01-03T11:00:00.000000,0.6787121951482202,ev_charging
ASSET_002,2025-01-03T11:30:00.000000,0.6380513512552414,ev_charging
ASSET_002,2025-01-03T12:00:00.000000,0.6497571226718666,ev_charging
ASSET_002,2025-01-03T12:30:00.000000,0.3660814216443504,ev_charging
ASSET_002,2025-01-03T13:00:00.000000,0.4019349981323433,ev_charging
ASSET_002,2025-01-03T13:30:00.000000,0.7929526477713498,ev_charging
ASSET_002,2025-01-03T14:00:00.000000,0.5927529307398343,ev_charging
ASSET_002,2025-01-03T14:30:00.000000,0.724860663482913,ev_charging
ASSET_002,2025-01-03T15:00:00.000000,0.6051883310553309,ev_charging
ASSET_002,2025-01-03T15:30:00.000000,0.6054517498433276,ev_charging
ASSET_002,2025-01-03T16:00:00.000000,4.371906997309174,ev_charging
ASSET_002,2025-01-03T16:30:00.000000,4.105453233723031,ev_charging
ASSET_002,2025-01-03T17:00:00.000000,4.217610699489545,ev_charging
ASSET_002,2025-01-03T17:30:00.000000,4.115304563176541,ev_charging
ASSET_002,2025-01-03T18:00:00.000000,4.1203940840454365,ev_charging
ASSET_002,2025-01-03T18:30:00.000000,4.143355250235924,ev_charging
ASSET_002,2025-01-03T19:00:00.000000,4.2406980803028915,ev_charging
ASSET_002,2025-01-03T19:30:00.000000,4.1122864132452275,ev_charging
ASSET_002,2025-01-03T20:00:00.000000,4.430072461578292,ev_charging
ASSET_002,2025-01-03T20:30:00.000000,4.03609516212907,ev_charging
ASSET_002,2025-01-03T21:00:00.000000,0.5657624451947224,ev_charging
ASSET_002,2025-01-03T21:30:00.000000,0.51943498825191,ev_charging
ASSET_002,2025-01-03T22:00:00.000000,2.6651070195262374,ev_charging
ASSET_002,2025-01-03T22:30:00.000000,2.436011642982299,ev_charging
ASSET_002,2025-01-03T23:00:00.000000,2.589048660266932,ev_charging
ASSET_002,2025-01-03T23:30:00.000000,2.1278241173685832,ev_charging
ASSET_002,2025-01-04T00:00:00.000000,1.6489274237110465,ev_charging
ASSET_002,2025-01-04T00:30:00.000000,1.7629930707695798,ev_charging
ASSET_002,2025-01-04T01:00:00.000000,1.6150756023208188,ev_charging
ASSET_002,2025-01-04T01:30:00.000000,1.7952112258601878,ev_charging
ASSET_002,2025-01-04T02:00:00.000000,0.3052253661066104,ev_charging
ASSET_002,2025-01-04T02:30:00.000000,0.658212584576858,ev_charging
ASSET_002,2025-01-04T03:00:00.000000,0.8211909776488127,ev_charging
ASSET_002,2025-01-04T03:30:00.000000,0.3335227923194482,ev_charging
ASSET_002,2025-01-04T04:00:00.000000,0.3183775737576443,ev_charging
ASSET_002,2025-01-04T04:30:00.000000,0.6662807988433503,ev_charging
ASSET_002,2025-01-04T05:00:00.000000,0.6894001824142342,ev_charging
ASSET_002,2025-01-04T05:30:00.000000,0.30420457359656194,ev_charging
ASSET_002,2025-01-04T06:00:00.000000,2.3230157724392235,ev_charging
ASSET_002,2025-01-04T06:30:00.000000,2.348373034162343,ev_charging
ASSET_002,2025-01-04T07:00:00.000000,2.153677459942649,ev_charging
ASSET_002,2025-01-04T07:30:00.000000,2.2316898398048597,ev_charging
ASSET_002,2025-01-04T08:00:00.000000,2.216027066662925,ev_charging
ASSET_002,2025-01-04T08:30:00.000000,2.2593285175362796,ev_charging
ASSET_002,2025-01-04T09:00:00.000000,0.39364523313235045,ev_charging
ASSET_002,2025-01-04T09:30:00.000000,0.44291148492544113,ev_charging
ASSET_002,2025-01-04T10:00:00.000000,0.6840738402905792,ev_charging
ASSET_002,2025-01-04T10:30:00.000000,0.2170872775360715,ev_charging
ASSET_002,2025-01-04T11:00:00.000000,0.5803419251494599,ev_charging
ASSET_002,2025-01-04T11:30:00.000000,0.36079418675439784,ev_charging
ASSET_002,2025-01-04T12:00:00.000000,0.3909375417672507,ev_charging
ASSET_002,2025-01-04T12:30:00.000000,0.5236365712433814,ev_charging
ASSET_002,2025-01-04T13:00:00.000000,0.19430128676376457,ev_charging
ASSET_002,2025-01-04T13:30:00.000000,0.47006292849729214,ev_charging
ASSET_002,2025-01-04T14:00:00.000000,0.43049642243332065,ev_charging
ASSET_002,2025-01-04T14:30:00.000000,0.4902241065843502,ev_charging
ASSET_002,2025-01-04T15:00:00.000000,0.45297982654453955,ev_charging
ASSET_002,2025-01-04T15:30:00.000000,0.8498460613479604,ev_charging
ASSET_002,2025-01-04T16:00:00.000000,2.6831569243139555,ev_charging
ASSET_002,2025-01-04T16:30:00.000000,2.7027137721728813,ev_charging
ASSET_002,2025-01-04T17:00:00.000000,2.685831753551463,ev_charging
ASSET_002,2025-01-04T17:30:00.000000,2.698228656382425,ev_charging
ASSET_002,2025-01-04T18:00:00.000000,2.683221572747056,ev_charging
ASSET_002,2025-01-04T18:30:00.000000,3.017844814449348,ev_charging
ASSET_002,2025-01-04T19:00:00.000000,3.06025667114957,ev_charging
ASSET_002,2025-01-04T19:30:00.000000,2.695431125466614,ev_charging
ASSET_002,2025-01-04T20:00:00.000000,2.647500568213404,ev_charging
ASSET_002,2025-01-04T20:30:00.000000,2.886370064437938,ev_charging
ASSET_002,2025-01-04T21:00:00.000000,0.29882484938709347,ev_charging
ASSET_002,2025-01-04T21:30:00.000000,0.5159621508959205,ev_charging
ASSET_002,2025-01-04T22:00:00.000000,1.6371783963202562,ev_charging
ASSET_002,2025-01-04T22:30:00.000000,1.32229402464515,ev_charging
ASSET_002,2025-01-04T23:00:00.000000,1.8835250601008293,ev_charging
ASSET_002,2025-01-04T23:30:00.000000,1.9290304451064297,ev_charging
ASSET_002,2025-01-05T00:00:00.000000,1.4877283577791107,ev_charging
ASSET_002,2025-01-05T00:30:00.000000,1.5289675356260144,ev_charging
ASSET_002,2025-01-05T01:00:00.000000,1.6523746233720988,ev_charging
ASSET_002,2025-01-05T01:30:00.000000,1.6612772618797658,ev_charging
ASSET_002,2025-01-05T02:00:00.000000,0.5206547185289865,ev_charging
ASSET_002,2025-01-05T02:30:00.000000,0.768298188709692,ev_charging
ASSET_002,2025-01-05T03:00:00.000000,0.3675807401055545,ev_charging
ASSET_002,2025-01-05T03:30:00.000000,0.2537405405542047,ev_charging
ASSET_002,2025-01-05T04:00:00.000000,0.14728901286733836,ev_charging
ASSET_002,2025-01-05T04:30:00.000000,0.26608317482492694,ev_charging
ASSET_002,2025-01-05T05:00:00.000000,0.3939306653270508,ev_charging
ASSET_002,2025-01-05T05:30:00.000000,0.7287886371373662,ev_charging
ASSET_002,2025-01-05T06:00:00.000000,2.305166215569445,ev_charging
ASSET_002,2025-01-05T06:30:00.000000,2.4410011497109845,ev_charging
ASSET_002,2025-01-05T07:00:00.000000,2.396991090826671,ev_charging
ASSET_002,2025-01-05T07:30:00.000000,2.6177306247424528,ev_charging
ASSET_002,2025-01-05T08:00:00.000000,2.8629701194547033,ev_charging
ASSET_002,2025-01-05T08:30:00.000000,2.3027372569613846,ev_charging
ASSET_002,2025-01-05T09:00:00.000000,0.3103277021386257,ev_charging
ASSET_002,2025-01-05T09:30:00.000000,0.5913051892630121,ev_charging
ASSET_002,2025-01-05T10:00:00.000000,0.524932262206535,ev_charging
ASSET_002,2025-01-05T10:30:00.000000,0.7383431636080662,ev_charging
ASSET_002,2025-01-05T11:00:00.000000,0.5069839853829355,ev_charging
ASSET_002,2025-01-05T11:30:00.000000,0.3341725562236566,ev_charging
ASSET_002,2025-01-05T12:00:00.000000,0.5082164029089838,ev_charging
ASSET_002,2025-01-05T12:30:00.000000,0.6031303345853685,ev_charging
ASSET_002,2025-01-05T13:00:00.000000,0.5503240567693742,ev_charging
ASSET_002,2025-01-05T13:30:00.000000,0.49293984927073,ev_charging
ASSET_002,2025-01-05T14:00:00.000000,0.5954300413425844,ev_charging
ASSET_002,2025-01-05T14:30:00.000000,0.614231656392368,ev_charging
ASSET_002,2025-01-05T15:00:00.000000,0.6532312722865184,ev_charging
ASSET_002,2025-01-05T15:30:00.000000,0.518852918690531,ev_charging
ASSET_002,2025-01-05T16:00:00.000000,2.769381580284805,ev_charging
ASSET_002,2025-01-05T16:30:00.000000,2.8268800432643912,ev_charging
ASSET_002,2025-01-05T17:00:00.000000,3.02104967850671,ev_charging
ASSET_002,2025-01-05T17:30:00.000000,2.650325714565553,ev_charging
ASSET_002,2025-01-05T18:00:00.000000,2.867546216947071,ev_charging
ASSET_002,2025-01-05T18:30:00.000000,2.727934710455737,ev_charging
ASSET_002,2025-01-05T19:00:00.000000,2.8052664622019865,ev_charging
ASSET_002,2025-01-05T19:30:00.000000,3.034230644827695,ev_charging
ASSET_002,2025-01-05T20:00:00.000000,2.8350120792479325,ev_charging
ASSET_002,2025-01-05T20:30:00.000000,2.808507839001466,ev_charging
ASSET_002,2025-01-05T21:00:00.000000,0.15085492845617907,ev_charging
ASSET_002,2025-01-05T21:30:00.000000,0.5367243140614159,ev_charging
ASSET_002,2025-01-05T22:00:00.000000,1.7182619231876328,ev_charging
ASSET_002,2025-01-05T22:30:00.000000,1.9963391689484649,ev_charging
ASSET_002,2025-01-05T23:00:00.000000,1.5436106305246824,ev_charging
ASSET_002,2025-01-05T23:30:00.000000,1.6401514707470004,ev_charging
ASSET_002,2025-01-06T00:00:00.000000,2.4456906534798635,ev_charging
ASSET_002,2025-01-06T00:30:00.000000,2.6890119758995223,ev_charging
ASSET_002,2025-01-06T01:00:00.000000,2.382540497101962,ev_charging
ASSET_002,2025-01-06T01:30:00.000000,2.451120729542923,ev_charging
ASSET_002,2025-01-06T02:00:00.000000,0.711375324815923,ev_charging
ASSET_002,2025-01-06T02:30:00.000000,0.6341894572068613,ev_charging
ASSET_002,2025-01-06T03:00:00.000000,0.5182069841912782,ev_charging
ASSET_002,2025-01-06T03:30:00.000000,0.6355600594131542,ev_charging
ASSET_002,2025-01-06T04:00:00.000000,0.7967046741707369,ev_charging
ASSET_002,2025-01-06T04:30:00.000000,0.4119277326436164,ev_charging
ASSET_002,2025-01-06T05:00:00.000000,0.6243619438704812,ev_charging
ASSET_002,2025-01-06T05:30:00.000000,0.47172786497721575,ev_charging
ASSET_002,2025-01-06T06:00:00.000000,3.8189496145137296,ev_charging
ASSET_002,2025-01-06T06:30:00.000000,3.3209303992306864,ev_charging
ASSET_002,2025-01-06T07:00:00.000000,3.4975975329820264,ev_charging
ASSET_002,2025-01-06T07:30:00.000000,3.669110604252892,ev_charging
ASSET_002,2025-01-06T08:00:00.000000,3.88682636678472,ev_charging
ASSET_002,2025-01-06T08:30:00.000000,3.5879536128819844,ev_charging
ASSET_002,2025-01-06T09:00:00.000000,0.49827951528799613,ev_charging
ASSET_002,2025-01-06T09:30:00.000000,0.9446548487939368,ev_charging
ASSET_002,2025-01-06T10:00:00.000000,0.3347031675308809,ev_charging
ASSET_002,2025-01-06T10:30:00.000000,0.1971473372335349,ev_charging
ASSET_002,2025-01-06T11:00:00.000000,0.6806169331704855,ev_charging
ASSET_002,2025-01-06T11:30:00.000000,0.5080164938953966,ev_charging
ASSET_002,2025-01-06T12:00:00.000000,0.41289555886140855,ev_charging
ASSET_002,2025-01-06T12:30:00.000000,0.7297810205230602,ev_charging
ASSET_002,2025-01-06T13:00:00.000000,0.6446677736302232,ev_charging
ASSET_002,2025-01-06T13:30:00.000000,0.49665273658287795,ev_charging
ASSET_002,2025-01-06T14:00:00.000000,0.36542994410065394,ev_charging
ASSET_002,2025-01-06T14:30:00.000000,0.7598466462170408,ev_charging
ASSET_002,2025-01-06T15:00:00.000000,0.7191261443902832,ev_charging
ASSET_002,2025-01-06T15:30:00.000000,0.581829564957563,ev_charging
ASSET_002,2025-01-06T16:00:00.000000,4.538330278204447,ev_charging
ASSET_002,2025-01-06T16:30:00.000000,4.003945183883816,ev_charging
ASSET_002,2025-01-06T17:00:00.000000,3.9205019954698606,ev_charging
ASSET_002,2025-01-06T17:30:00.000000,4.073232557196758,ev_charging
ASSET_002,2025-01-06T18:00:00.000000,4.191647990574868,ev_charging
ASSET_002,2025-01-06T18:30:00.000000,4.244583263393765,ev_charging
ASSET_002,2025-01-06T19:00:00.000000,4.155802107971323,ev_charging
ASSET_002,2025-01-06T19:30:00.000000,4.264501578004227,ev_charging
ASSET_002,2025-01-06T20:00:00.000000,3.9707000983536793,ev_charging
ASSET_002,2025-01-06T20:30:00.000000,4.464518300674851,ev_charging
ASSET_002,2025-01-06T21:00:00.000000,0.5849487305302186,ev_charging
ASSET_002,2025-01-06T21:30:00.000000,0.8047045577159677,ev_charging
ASSET_002,2025-01-06T22:00:00.000000,2.462792179532772,ev_charging
ASSET_002,2025-01-06T22:30:00.000000,2.483683714794961,ev_charging
ASSET_002,2025-01-06T23:00:00.000000,2.5043895052711145,ev_charging
ASSET_002,2025-01-06T23:30:00.000000,2.4820266040317436,ev_charging
ASSET_002,2025-01-07T00:00:00.000000,2.5177559913614465,ev_charging
ASSET_002,2025-01-07T00:30:00.000000,2.643519731413549,ev_charging
ASSET_002,2025-01-07T01:00:00.000000,2.4360054857345905,ev_charging
ASSET_002,2025-01-07T01:30:00.000000,2.5298996170153236,ev_charging
ASSET_002,2025-01-07T02:00:00.000000,0.5835591388680902,ev_charging
ASSET_002,2025-01-07T02:30:00.000000,0.8638500469734213,ev_charging
ASSET_002,2025-01-07T03:00:00.000000,0.4760752675155695,ev_charging
ASSET_002,2025-01-07T03:30:00.000000,0.9299580150297316,ev_charging
ASSET_002,2025-01-07T04:00:00.000000,0.5926424897569471,ev_charging
ASSET_002,2025-01-07T04:30:00.000000,0.3378615616476575,ev_charging
ASSET_002,2025-01-07T05:00:00.000000,0.6234705588747267,ev_charging
ASSET_002,2025-01-07T05:30:00.000000,0.4752216070412093,ev_charging
ASSET_002,2025-01-07T06:00:00.000000,3.754017907368291,ev_charging
ASSET_002,2025-01-07T06:30:00.000000,3.4804299637920972,ev_charging
ASSET_002,2025-01-07T07:00:00.000000,3.5182528209860062,ev_charging
ASSET_002,2025-01-07T07:30:00.000000,3.2538091446517647,ev_charging
ASSET_002,2025-01-07T08:00:00.000000,3.5171310207947224,ev_charging
ASSET_002,2025-01-07T08:30:00.000000,3.1559106805140513,ev_charging
ASSET_002,2025-01-07T09:00:00.000000,0.30980637555422275,ev_charging
ASSET_002,2025-01-07T09:30:00.000000,0.7393188280721517,ev_charging
ASSET_002,2025-01-07T10:00:00.000000,0.7439698147813846,ev_charging
ASSET_002,2025-01-07T10:30:00.000000,0.6779499032841739,ev_charging
ASSET_002,2025-01-07T11:00:00.000000,0.4228361566338263,ev_charging
ASSET_002,2025-01-07T11:30:00.000000,0.5912585979639873,ev_charging
ASSET_002,2025-01-07T12:00:00.000000,0.5993399633737637,ev_charging
ASSET_002,2025-01-07T12:30:00.000000,0.3877710408729377,ev_charging
ASSET_002,2025-01-07T13:00:00.000000,0.8754440460023387,ev_charging
ASSET_002,2025-01-07T13:30:00.000000,0.7607453053804712,ev_charging
ASSET_002,2025-01-07T14:00:00.000000,0.5595162067233508,ev_charging
ASSET_002,2025-01-07T14:30:00.000000,0.6049258697872122,ev_charging
ASSET_002,2025-01-07T15:00:00.000000,0.638178707313248,ev_charging
ASSET_002,2025-01-07T15:30:00.000000,0.2259250044636924,ev_charging
ASSET_002,2025-01-07T16:00:00.000000,4.154713572416762,ev_charging
ASSET_002,2025-01-07T16:30:00.000000,4.075050743134689,ev_charging
ASSET_002,2025-01-07T17:00:00.000000,4.016488905329967,ev_charging
ASSET_002,2025-01-07T17:30:00.000000,4.148498410624823,ev_charging
ASSET_002,2025-01-07T18:00:00.000000,4.52936185295493,ev_charging
ASSET_002,2025-01-07T18:30:00.000000,4.317411567082135,ev_charging
ASSET_002,2025-01-07T19:00:00.000000,4.095351849371938,ev_charging
ASSET_002,2025-01-07T19:30:00.000000,4.304905345298468,ev_charging
ASSET_002,2025-01-07T20:00:00.000000,4.456381906774507,ev_charging
ASSET_002,2025-01-07T20:30:00.000000,4.369406099762233,ev_charging
ASSET_002,2025-01-07T21:00:00.000000,0.6109251356318033,ev_charging
ASSET_002,2025-01-07T21:30:00.000000,0.4814719403703716,ev_charging
ASSET_002,2025-01-07T22:00:00.000000,2.5279244856727754,ev_charging
ASSET_002,2025-01-07T22:30:00.000000,2.472092143829056,ev_charging
ASSET_002,2025-01-07T23:00:00.000000,2.5640121863836525,ev_charging
ASSET_002,2025-01-07T23:30:00.000000,2.516372547951018,ev_charging
ASSET_002,2025-01-08T00:00:00.000000,2.592293051056721,ev_charging
ASSET_002,2025-01-08T00:30:00.000000,2.301937263024796,ev_charging
ASSET_002,2025-01-08T01:00:00.000000,2.641365412739432,ev_charging
ASSET_002,2025-01-08T01:30:00.000000,2.436203070431143,ev_charging
ASSET_002,2025-01-08T02:00:00.000000,0.9802174384488433,ev_charging
ASSET_002,2025-01-08T02:30:00.000000,0.4737309461857327,ev_charging
ASSET_002,2025-01-08T03:00:00.000000,0.9180533682227761,ev_charging
ASSET_002,2025-01-08T03:30:00.000000,0.6362600828272637,ev_charging
ASSET_002,2025-01-08T04:00:00.000000,0.4806509157663528,ev_charging
ASSET_002,2025-01-08T04:30:00.000000,0.5113452025464761,ev_charging
ASSET_002,2025-01-08T05:00:00.000000,0.5413077967486835,ev_charging
ASSET_002,2025-01-08T05:30:00.000000,0.6777132608943511,ev_charging
ASSET_002,2025-01-08T06:00:00.000000,3.6957909304865035,ev_charging
ASSET_002,2025-01-08T06:30:00.000000,3.49488996356411,ev_charging
ASSET_002,2025-01-08T07:00:00.000000,3.595537890775041,ev_charging
ASSET_002,2025-01-08T07:30:00.000000,3.992494533559959,ev_charging
ASSET_002,2025-01-08T08:00:00.000000,3.916510587950594,ev_charging
ASSET_002,2025-01-08T08:30:00.000000,3.679940729479563,ev_charging
ASSET_002,2025-01-08T09:00:00.000000,0.6069627801072452,ev_charging
ASSET_002,2025-01-08T09:30:00.000000,0.6219914537880242,ev_charging
ASSET_002,2025-01-08T10:00:00.000000,0.7124052571466799,ev_charging
ASSET_002,2025-01-08T10:30:00.000000,0.41260979073329207,ev_charging
ASSET_002,2025-01-08T11:00:00.000000,0.5528449415363657,ev_charging
ASSET_002,2025-01-08T11:30:00.000000,0.29429156075028445,ev_charging
ASSET_002,2025-01-08T12:00:00.000000,0.6731433792487529,ev_charging
ASSET_002,2025-01-08T12:30:00.000000,0.7185755418098236,ev_charging
ASSET_002,2025-01-08T13:00:00.000000,0.5114733374430075,ev_charging
ASSET_002,2025-01-08T13:30:00.000000,0.8883768605599238,ev_charging
ASSET_002,2025-01-08T14:00:00.000000,0.37542221959992816,ev_charging
ASSET_002,2025-01-08T14:30:00.000000,0.33170560230441504,ev_charging
ASSET_002,2025-01-08T15:00:00.000000,0.6411227796147377,ev_charging
ASSET_002,2025-01-08T15:30:00.000000,0.7918433675857269,ev_charging
ASSET_002,2025-01-08T16:00:00.000000,4.50851960918496,ev_charging
ASSET_002,2025-01-08T16:30:00.000000,4.1159258475529406,ev_charging
ASSET_002,2025-01-08T17:00:00.000000,4.397629738410806,ev_charging
ASSET_002,2025-01-08T17:30:00.000000,4.192944698266477,ev_charging
ASSET_002,2025-01-08T18:00:00.000000,4.168372212546557,ev_charging
ASSET_002,2025-01-08T18:30:00.000000,4.361899124260951,ev_charging
ASSET_002,2025-01-08T19:00:00.000000,4.3195148702236015,ev_charging
ASSET_002,2025-01-08T19:30:00.000000,3.9111824369525285,ev_charging
ASSET_002,2025-01-08T20:00:00.000000,4.470523285503352,ev_charging
ASSET_002,2025-01-08T20:30:00.000000,4.452852451670587,ev_charging
ASSET_002,2025-01-08T21:00:00.000000,0.48538797647343257,ev_charging
ASSET_002,2025-01-08T21:30:00.000000,0.6725168616619253,ev_charging
ASSET_002,2025-01-08T22:00:00.000000,2.490513387701087,ev_charging
ASSET_002,2025-01-08T22:30:00.000000,2.44775915780988,ev_charging
ASSET_002,2025-01-08T23:00:00.000000,2.2991762343133213,ev_charging
ASSET_002,2025-01-08T23:30:00.000000,2.276949004374207,ev_charging
ASSET_002,2025-01-09T00:00:00.000000,2.3953181291362102,ev_charging
ASSET_002,2025-01-09T00:30:00.000000,2.6148607096000194,ev_charging
ASSET_002,2025-01-09T01:00:00.000000,2.4995953140381943,ev_charging
ASSET_002,2025-01-09T01:30:00.000000,2.332098159871367,ev_charging
ASSET_002,2025-01-09T02:00:00.000000,0.7413862280580718,ev_charging
ASSET_002,2025-01-09T02:30:00.000000,0.07810629843456107,ev_charging
ASSET_002,2025-01-09T03:00:00.000000,0.8104702872467461,ev_charging
ASSET_002,2025-01-09T03:30:00.000000,0.2812595826738695,ev_charging
ASSET_002,2025-01-09T04:00:00.000000,0.5335956418072119,ev_charging
ASSET_002,2025-01-09T04:30:00.000000,0.3948604800202814,ev_charging
ASSET_002,2025-01-09T05:00:00.000000,0.36279585819827687,ev_charging
ASSET_002,2025-01-09T05:30:00.000000,0.8126800506875644,ev_charging
ASSET_002,2025-01-09T06:00:00.000000,3.514310458473928,ev_charging
ASSET_002,2025-01-09T06:30:00.000000,3.6634844611885202,ev_charging
ASSET_002,2025-01-09T07:00:00.000000,3.5914034796553493,ev_charging
ASSET_002,2025-01-09T07:30:00.000000,3.687400694416236,ev_charging
ASSET_002,2025-01-09T08:00:00.000000,3.614074867897825,ev_charging
ASSET_002,2025-01-09T08:30:00.000000,3.364937496068308,ev_charging
ASSET_002,2025-01-09T09:00:00.000000,0.782530313705851,ev_charging
ASSET_002,2025-01-09T09:30:00.000000,0.5095367402993738,ev_charging
ASSET_002,2025-01-09T10:00:00.000000,0.314811959281267,ev_charging
ASSET_002,2025-01-09T10:30:00.000000,0.5215631865801739,ev_charging
ASSET_002,2025-01-09T11:00:00.000000,0.8749606330697863,ev_charging
ASSET_002,2025-01-09T11:30:00.000000,0.7557727691800793,ev_charging
ASSET_002,2025-01-09T12:00:00.000000,0.5361219482317029,ev_charging
ASSET_002,2025-01-09T12:30:00.000000,0.5360109991730878,ev_charging
ASSET_002,2025-01-09T13:00:00.000000,0.5410718638305295,ev_charging
ASSET_002,2025-01-09T13:30:00.000000,0.9804898984166827,ev_charging
ASSET_002,2025-01-09T14:00:00.000000,0.6699760310695667,ev_charging
ASSET_002,2025-01-09T14:30:00.000000,0.6787897732175067,ev_charging
ASSET_002,2025-01-09T15:00:00.000000,0.788762647113691,ev_charging
ASSET_002,2025-01-09T15:30:00.000000,0.6437495852073576,ev_charging
ASSET_002,2025-01-09T16:00:00.000000,4.152539778283564,ev_charging
ASSET_002,2025-01-09T16:30:00.000000,4.164025902649788,ev_charging
ASSET_002,2025-01-09T17:00:00.000000,4.1868816264002096,ev_charging
ASSET_002,2025-01-09T17:30:00.000000,4.193180354525161,ev_charging
ASSET_002,2025-01-09T18:00:00.000000,4.333312127102062,ev_charging
ASSET_002,2025-01-09T18:30:00.000000,4.20951722836398,ev_charging
ASSET_002,2025-01-09T19:00:00.000000,4.334230128432711,ev_charging
ASSET_002,2025-01-09T19:30:00.000000,4.185211569430106,ev_charging
ASSET_002,2025-01-09T20:00:00.000000,4.2144070902257695,ev_charging
ASSET_002,2025-01-09T20:30:00.000000,3.8339010888696534,ev_charging
ASSET_002,2025-01-09T21:00:00.000000,0.7678843204008475,ev_charging
ASSET_002,2025-01-09T21:30:00.000000,0.6634816386198822,ev_charging
ASSET_002,2025-01-09T22:00:00.000000,2.582849709413572,ev_charging
ASSET_002,2025-01-09T22:30:00.000000,1.8693646396380847,ev_charging
ASSET_002,2025-01-09T23:00:00.000000,2.7826200798401834,ev_charging
ASSET_002,2025-01-09T23:30:00.000000,2.374425185984427,ev_charging
ASSET_002,2025-01-10T00:00:00.000000,2.6030349232094094,ev_charging
ASSET_002,2025-01-10T00:30:00.000000,2.2094743783516435,ev_charging
ASSET_002,2025-01-10T01:00:00.000000,2.5122689333203923,ev_charging
ASSET_002,2025-01-10T01:30:00.000000,2.2069992200328263,ev_charging
ASSET_002,2025-01-10T02:00:00.000000,0.4857166154153757,ev_charging
ASSET_002,2025-01-10T02:30:00.000000,0.9506778873334505,ev_charging
ASSET_002,2025-01-10T03:00:00.000000,0.5650642601458583,ev_charging
ASSET_002,2025-01-10T03:30:00.000000,0.6398368085504278,ev_charging
ASSET_002,2025-01-10T04:00:00.000000,0.7594088378011896,ev_charging
ASSET_002,2025-01-10T04:30:00.000000,0.6908160030464093,ev_charging
ASSET_002,2025-01-10T05:00:00.000000,0.6275588922638052,ev_charging
ASSET_002,2025-01-10T05:30:00.000000,0.6668660693804191,ev_charging
ASSET_002,2025-01-10T06:00:00.000000,4.040340069724012,ev_charging
ASSET_002,2025-01-10T06:30:00.000000,3.589443413257775,ev_charging
ASSET_002,2025-01-10T07:00:00.000000,3.636844218201706,ev_charging
ASSET_002,2025-01-10T07:30:00.000000,3.7924948946971084,ev_charging
ASSET_002,2025-01-10T08:00:00.000000,3.802548144145516,ev_charging
ASSET_002,2025-01-10T08:30:00.000000,3.817480909554455,ev_charging
ASSET_002,2025-01-10T09:00:00.000000,0.7170245013932042,ev_charging
ASSET_002,2025-01-10T09:30:00.000000,0.3905851713461649,ev_charging
ASSET_002,2025-01-10T10:00:00.000000,0.8992679914537365,ev_charging
ASSET_002,2025-01-10T10:30:00.000000,0.38997314763621893,ev_charging
ASSET_002,2025-01-10T11:00:00.000000,0.65544714059558,ev_charging
ASSET_002,2025-01-10T11:30:00.000000,0.46180588890716756,ev_charging
ASSET_002,2025-01-10T12:00:00.000000,0.5882489386420695,ev_charging
ASSET_002,2025-01-10T12:30:00.000000,0.6602339701734591,ev_charging
ASSET_002,2025-01-10T13:00:00.000000,0.6588772326878536,ev_charging
ASSET_002,2025-01-10T13:30:00.000000,0.6773019096152504,ev_charging
ASSET_002,2025-01-10T14:00:00.000000,0.8956549575096735,ev_charging
ASSET_002,2025-01-10T14:30:00.000000,0.6830939630988113,ev_charging
ASSET_002,2025-01-10T15:00:00.000000,0.5552670164628204,ev_charging
ASSET_002,2025-01-10T15:30:00.000000,0.7766345419042597,ev_charging
ASSET_002,2025-01-10T16:00:00.000000,4.417927986006551,ev_charging
ASSET_002,2025-01-10T16:30:00.000000,3.9750847110124012,ev_charging
ASSET_002,2025-01-10T17:00:00.000000,4.309452227083207,ev_charging
ASSET_002,2025-01-10T17:30:00.000000,4.328464863144818,ev_charging
ASSET_002,2025-01-10T18:00:00.000000,4.145482115277259,ev_charging
ASSET_002,2025-01-10T18:30:00.000000,4.452049141153164,ev_charging
ASSET_002,2025-01-10T19:00:00.000000,4.172507672804398,ev_charging
ASSET_002,2025-01-10T19:30:00.000000,4.223007400225322,ev_charging
ASSET_002,2025-01-10T20:00:00.000000,4.168290769336562,ev_charging
ASSET_002,2025-01-10T20:30:00.000000,4.202854304074748,ev_charging
ASSET_002,2025-01-10T21:00:00.000000,0.399146743008129,ev_charging
ASSET_002,2025-01-10T21:30:00.000000,0.3361621061532596,ev_charging
ASSET_002,2025-01-10T22:00:00.000000,2.692136106226575,ev_charging
ASSET_002,2025-01-10T22:30:00.000000,2.244824581540249,ev_charging
ASSET_002,2025-01-10T23:00:00.000000,2.218362758831755,ev_charging
ASSET_002,2025-01-10T23:30:00.000000,2.0054681684718907,ev_charging
ASSET_002,2025-01-11T00:00:00.000000,1.4829330797983162,ev_charging
ASSET_002,2025-01-11T00:30:00.000000,1.3575910485649834,ev_charging
ASSET_002,2025-01-11T01:00:00.000000,1.9008406346964135,ev_charging
ASSET_002,2025-01-11T01:30:00.000000,1.7850129167259898,ev_charging
ASSET_002,2025-01-11T02:00:00.000000,0.2739210260442242,ev_charging
ASSET_002,2025-01-11T02:30:00.000000,0.8126784171934396,ev_charging
ASSET_002,2025-01-11T03:00:00.000000,0.5798734624381029,ev_charging
ASSET_002,2025-01-11T03:30:00.000000,0.3404862500928845,ev_charging
ASSET_002,2025-01-11T04:00:00.000000,0.0,ev_charging
ASSET_002,2025-01-11T04:30:00.000000,0.8197334070496609,ev_charging
ASSET_002,2025-01-11T05:00:00.000000,0.14541047305366972,ev_charging
ASSET_002,2025-01-11T05:30:00.000000,0.0985394438611123,ev_charging
ASSET_002,2025-01-11T06:00:00.000000,2.587349511293195,ev_charging
ASSET_002,2025-01-11T06:30:00.000000,2.84699749444716,ev_charging
ASSET_002,2025-01-11T07:00:00.000000,2.653618555677106,ev_charging
ASSET_002,2025-01-11T07:30:00.000000,2.5033162066381647,ev_charging
ASSET_002,2025-01-11T08:00:00.000000,2.508967491883676,ev_charging
ASSET_002,2025-01-11T08:30:00.000000,2.5563579220193926,ev_charging
ASSET_002,2025-01-11T09:00:00.000000,0.5390465594859324,ev_charging
ASSET_002,2025-01-11T09:30:00.000000,0.4515182858915321,ev_charging
ASSET_002,2025-01-11T10:00:00.000000,0.41909113083118305,ev_charging
ASSET_002,2025-01-11T10:30:00.000000,0.3885320447812661,ev_charging
ASSET_002,2025-01-11T11:00:00.000000,0.2618629163969268,ev_charging
ASSET_002,2025-01-11T11:30:00.000000,0.3485763162740518,ev_charging
ASSET_002,2025-01-11T12:00:00.000000,0.08982612654205968,ev_charging
ASSET_002,2025-01-11T12:30:00.000000,0.38198277551939047,ev_charging
ASSET_002,2025-01-11T13:00:00.000000,0.21887598643984976,ev_charging
ASSET_002,2025-01-11T13:30:00.000000,0.19780667152439624,ev_charging
ASSET_002,2025-01-11T14:00:00.000000,0.4329591784077623,ev_charging
ASSET_002,2025-01-11T14:30:00.000000,0.6550347046052785,ev_charging
ASSET_002,2025-01-11T15:00:00.000000,0.568248721028281,ev_charging
ASSET_002,2025-01-11T15:30:00.000000,0.11226185369332503,ev_charging
ASSET_002,2025-01-11T16:00:00.000000,2.6186859878355064,ev_charging
ASSET_002,2025-01-11T16:30:00.000000,2.9723627212278414,ev_charging
ASSET_002,2025-01-11T17:00:00.000000,2.6199942739695885,ev_charging
ASSET_002,2025-01-11T17:30:00.000000,2.7588439978755455,ev_charging
ASSET_002,2025-01-11T18:00:00.000000,2.900777402428427,ev_charging
ASSET_002,2025-01-11T18:30:00.000000,2.6225854623767697,ev_charging
ASSET_002,2025-01-11T19:00:00.000000,2.819306298090314,ev_charging
ASSET_002,2025-01-11T19:30:00.000000,2.555587471823915,ev_charging
ASSET_002,2025-01-11T20:00:00.000000,2.689820856661796,ev_charging
ASSET_002,2025-01-11T20:30:00.000000,2.858588618648258,ev_charging
ASSET_002,2025-01-11T21:00:00.000000,0.10814079096366197,ev_charging
ASSET_002,2025-01-11T21:30:00.000000,0.4807012644906017,ev_charging
ASSET_002,2025-01-11T22:00:00.000000,1.5964020746966474,ev_charging
ASSET_002,2025-01-11T22:30:00.000000,1.7012240523628561,ev_charging
ASSET_002,2025-01-11T23:00:00.000000,1.64102426813399,ev_charging
ASSET_002,2025-01-11T23:30:00.000000,1.8499300144916366,ev_charging
ASSET_002,2025-01-12T00:00:00.000000,1.622942917806563,ev_charging
ASSET_002,2025-01-12T00:30:00.000000,1.5213267705009805,ev_charging
ASSET_002,2025-01-12T01:00:00.000000,1.6224066496627008,ev_charging
ASSET_002,2025-01-12T01:30:00.000000,1.699539960319881,ev_charging
ASSET_002,2025-01-12T02:00:00.000000,0.4089518628846737,ev_charging
ASSET_002,2025-01-12T02:30:00.000000,0.4074369777098542,ev_charging
ASSET_002,2025-01-12T03:00:00.000000,0.27138509434111946,ev_charging
ASSET_002,2025-01-12T03:30:00.000000,0.2785470818915584,ev_charging
ASSET_002,2025-01-12T04:00:00.000000,0.14302267698812754,ev_charging
ASSET_002,2025-01-12T04:30:00.000000,0.7205474533053214,ev_charging
ASSET_002,2025-01-12T05:00:00.000000,0.17210648580152527,ev_charging
ASSET_002,2025-01-12T05:30:00.000000,0.27304986911810697,ev_charging
ASSET_002,2025-01-12T06:00:00.000000,2.2683775259867867,ev_charging
ASSET_002,2025-01-12T06:30:00.000000,2.5639629304901783,ev_charging
ASSET_002,2025-01-12T07:00:00.000000,2.345961005370068,ev_charging
ASSET_002,2025-01-12T07:30:00.000000,2.628604172600581,ev_charging
ASSET_002,2025-01-12T08:00:00.000000,2.2766068963438917,ev_charging
ASSET_002,2025-01-12T08:30:00.000000,2.45111571615029,ev_charging
ASSET_002,2025-01-12T09:00:00.000000,0.24695248631348016,ev_charging
ASSET_002,2025-01-12T09:30:00.000000,0.7930219651956245,ev_charging
ASSET_002,2025-01-12T10:00:00.000000,0.1824150039420928,ev_charging
ASSET_002,2025-01-12T10:30:00.000000,0.4567635801237376,ev_charging
ASSET_002,2025-01-12T11:00:00.000000,0.5161169785422024,ev_charging
ASSET_002,2025-01-12T11:30:00.000000,0.47581390606879237,ev_charging
ASSET_002,2025-01-12T12:00:00.000000,0.36605265392704844,ev_charging
ASSET_002,2025-01-12T12:30:00.000000,0.3762149932274116,ev_charging
ASSET_002,2025-01-12T13:00:00.000000,0.40802688754474403,ev_charging
ASSET_002,2025-01-12T13:30:00.000000,0.37306713327306623,ev_charging
ASSET_002,2025-01-12T14:00:00.000000,0.576596423898496,ev_charging
ASSET_002,2025-01-12T14:30:00.000000,0.8049993927915584,ev_charging
ASSET_002,2025-01-12T15:00:00.000000,0.29785954081820765,ev_charging
ASSET_002,2025-01-12T15:30:00.000000,0.14903252552711893,ev_charging
ASSET_002,2025-01-12T16:00:00.000000,2.783825467569931,ev_charging
ASSET_002,2025-01-12T16:30:00.000000,3.2726396036488095,ev_charging
ASSET_002,2025-01-12T17:00:00.000000,2.652755338082689,ev_charging
ASSET_002,2025-01-12T17:30:00.000000,3.100309614711717,ev_charging
ASSET_002,2025-01-12T18:00:00.000000,3.107378756293291,ev_charging
ASSET_002,2025-01-12T18:30:00.000000,2.6985747257156425,ev_charging
ASSET_002,2025-01-12T19:00:00.000000,2.904245828436445,ev_charging
ASSET_002,2025-01-12T19:30:00.000000,3.0983455241660502,ev_charging
ASSET_002,2025-01-12T20:00:00.000000,2.730538381740507,ev_charging
ASSET_002,2025-01-12T20:30:00.000000,2.762701169738389,ev_charging
ASSET_002,2025-01-12T21:00:00.000000,0.29342774683726636,ev_charging
ASSET_002,2025-01-12T21:30:00.000000,0.2140820704123426,ev_charging
ASSET_002,2025-01-12T22:00:00.000000,1.4810430783504067,ev_charging
ASSET_002,2025-01-12T22:30:00.000000,1.3757566582682008,ev_charging
ASSET_002,2025-01-12T23:00:00.000000,1.6062445782917798,ev_charging
ASSET_002,2025-01-12T23:30:00.000000,1.4589299044524704,ev_charging
ASSET_002,2025-01-13T00:00:00.000000,2.4428329188388047,ev_charging
ASSET_002,2025-01-13T00:30:00.000000,2.1149376905348354,ev_charging
ASSET_002,2025-01-13T01:00:00.000000,2.4606219854021485,ev_charging
ASSET_002,2025-01-13T01:30:00.000000,2.5527144133233493,ev_charging
ASSET_002,2025-01-13T02:00:00.000000,0.23471914834315827,ev_charging
ASSET_002,2025-01-13T02:30:00.000000,0.6685325072613587,ev_charging
ASSET_002,2025-01-13T03:00:00.000000,0.824926497549571,ev_charging
ASSET_002,2025-01-13T03:30:00.000000,0.3783764847897898,ev_charging
ASSET_002,2025-01-13T04:00:00.000000,0.9064391551599078,ev_charging
ASSET_002,2025-01-13T04:30:00.000000,0.6767702685017075,ev_charging
ASSET_002,2025-01-13T05:00:00.000000,0.47083175642712005,ev_charging
ASSET_002,2025-01-13T05:30:00.000000,0.5897823082719988,ev_charging
ASSET_002,2025-01-13T06:00:00.000000,3.7022934664727294,ev_charging
ASSET_002,2025-01-13T06:30:00.000000,3.6139252734980594,ev_charging
ASSET_002,2025-01-13T07:00:00.000000,3.6987077943303523,ev_charging
ASSET_002,2025-01-13T07:30:00.000000,3.4313194452679587,ev_charging
ASSET_002,2025-01-13T08:00:00.000000,3.6310293224037524,ev_charging
ASSET_002,2025-01-13T08:30:00.000000,3.340987308245623,ev_charging
ASSET_002,2025-01-13T09:00:00.000000,0.5796217966171845,ev_charging
ASSET_002,2025-01-13T09:30:00.000000,0.4343912071173438,ev_charging
ASSET_002,2025-01-13T10:00:00.000000,0.4652404069469463,ev_charging
ASSET_002,2025-01-13T10:30:00.000000,0.8264699281724837,ev_charging
ASSET_002,2025-01-13T11:00:00.000000,0.79994360423745,ev_charging
ASSET_002,2025-01-13T11:30:00.000000,0.7116028057233507,ev_charging
ASSET_002,2025-01-13T12:00:00.000000,0.3998726970439167,ev_charging
ASSET_002,2025-01-13T12:30:00.000000,0.5420294518952024,ev_charging
ASSET_002,2025-01-13T13:00:00.000000,0.8222568286033289,ev_charging
ASSET_002,2025-01-13T13:30:00.000000,0.6259645631061682,ev_charging
ASSET_002,2025-01-13T14:00:00.000000,1.024934305003789,ev_charging
ASSET_002,2025-01-13T14:30:00.000000,0.6720614470033259,ev_charging
ASSET_002,2025-01-13T15:00:00.000000,0.6351861416997808,ev_charging
ASSET_002,2025-01-13T15:30:00.000000,0.5433654478086131,ev_charging
ASSET_002,2025-01-13T16:00:00.000000,4.224466601483326,ev_charging
ASSET_002,2025-01-13T16:30:00.000000,4.172065347834565,ev_charging
ASSET_002,2025-01-13T17:00:00.000000,4.329735625407588,ev_charging
ASSET_002,2025-01-13T17:30:00.000000,4.375281531612722,ev_charging
ASSET_002,2025-01-13T18:00:00.000000,4.0559955024140795,ev_charging
ASSET_002,2025-01-13T18:30:00.000000,3.956099105294593,ev_charging
ASSET_002,2025-01-13T19:00:00.000000,3.863580944142146,ev_charging
ASSET_002,2025-01-13T19:30:00.000000,4.293071268109334,ev_charging
ASSET_002,2025-01-13T20:00:00.000000,3.997847475368858,ev_charging
ASSET_002,2025-01-13T20:30:00.000000,3.805559687791206,ev_charging
ASSET_002,2025-01-13T21:00:00.000000,0.6711931514729945,ev_charging
ASSET_002,2025-01-13T21:30:00.000000,1.0567531258725078,ev_charging
ASSET_002,2025-01-13T22:00:00.000000,2.398887722278584,ev_charging
ASSET_002,2025-01-13T22:30:00.000000,2.5536234883191757,ev_charging
ASSET_002,2025-01-13T23:00:00.000000,2.41499230747675,ev_charging
ASSET_002,2025-01-13T23:30:00.000000,2.3818820028260514,ev_charging
ASSET_002,2025-01-14T00:00:00.000000,2.568387941347402,ev_charging
ASSET_002,2025-01-14T00:30:00.000000,2.346817556725436,ev_charging
ASSET_002,2025-01-14T01:00:00.000000,2.4489900918281737,ev_charging
ASSET_002,2025-01-14T01:30:00.000000,2.4589396337780554,ev_charging
ASSET_002,2025-01-14T02:00:00.000000,0.47759628474325566,ev_charging
ASSET_002,2025-01-14T02:30:00.000000,0.7817563304686558,ev_charging
ASSET_002,2025-01-14T03:00:00.000000,0.5679448731483054,ev_charging
ASSET_002,2025-01-14T03:30:00.000000,0.4615366904214895,ev_charging
ASSET_002,2025-01-14T04:00:00.000000,0.6982962677684347,ev_charging
ASSET_002,2025-01-14T04:30:00.000000,0.4353878304789992,ev_charging
ASSET_002,2025-01-14T05:00:00.000000,0.6051631906179867,ev_charging
ASSET_002,2025-01-14T05:30:00.000000,0.5983292695434013,ev_charging
ASSET_002,2025-01-14T06:00:00.000000,3.7989515804541423,ev_charging
ASSET_002,2025-01-14T06:30:00.000000,3.6869714976669337,ev_charging
ASSET_002,2025-01-14T07:00:00.000000,3.595414703629907,ev_charging
ASSET_002,2025-01-14T07:30:00.000000,3.749826468389195,ev_charging
ASSET_002,2025-01-14T08:00:00.000000,3.8547058830878145,ev_charging
ASSET_002,2025-01-14T08:30:00.000000,3.7021988168423228,ev_charging
ASSET_002,2025-01-14T09:00:00.000000,0.6018967478498765,ev_charging
ASSET_002,2025-01-14T09:30:00.000000,0.3596528617158457,ev_charging
ASSET_002,2025-01-14T10:00:00.000000,0.40485596101511917,ev_charging
ASSET_002,2025-01-14T10:30:00.000000,0.5440784738093055,ev_charging
ASSET_002,2025-01-14T11:00:00.000000,0.4883286572472456,ev_charging
ASSET_002,2025-01-14T11:30:00.000000,0.5657441862744522,ev_charging
ASSET_002,2025-01-14T12:00:00.000000,0.6103790755257914,ev_charging
ASSET_002,2025-01-14T12:30:00.000000,0.697047279637501,ev_charging
ASSET_002,2025-01-14T13:00:00.000000,0.5870836167341736,ev_charging
ASSET_002,2025-01-14T13:30:00.000000,0.6891340511724434,ev_charging
ASSET_002,2025-01-14T14:00:00.000000,0.6118126338562827,ev_charging
ASSET_002,2025-01-14T14:30:00.000000,0.23806630409302276,ev_charging
ASSET_002,2025-01-14T15:00:00.000000,0.4279003367753496,ev_charging
ASSET_002,2025-01-14T15:30:00.000000,0.5736011013981469,ev_charging
ASSET_002,2025-01-14T16:00:00.000000,3.97836664175804,ev_charging
ASSET_002,2025-01-14T16:30:00.000000,4.309915513745733,ev_charging
ASSET_002,2025-01-14T17:00:00.000000,4.480455420354399,ev_charging
ASSET_002,2025-01-14T17:30:00.000000,4.423294582114544,ev_charging
ASSET_002,2025-01-14T18:00:00.000000,4.160894216861716,ev_charging
ASSET_002,2025-01-14T18:30:00.000000,4.473122324358581,ev_charging
ASSET_002,2025-01-14T19:00:00.000000,4.227238001980244,ev_charging
ASSET_002,2025-01-14T19:30:00.000000,4.138241034577303,ev_charging
ASSET_002,2025-01-14T20:00:00.000000,4.0876158691441065,ev_charging
ASSET_002,2025-01-14T20:30:00.000000,4.144583232439854,ev_charging
ASSET_002,2025-01-14T21:00:00.000000,0.5288804614601248,ev_charging
ASSET_002,2025-01-14T21:30:00.000000,0.6312226864566518,ev_charging
ASSET_002,2025-01-14T22:00:00.000000,2.42941944724235,ev_charging
ASSET_002,2025-01-14T22:30:00.000000,2.4005580744066792,ev_charging
ASSET_002,2025-01-14T23:00:00.000000,2.480053314671385,ev_charging
ASSET_002,2025-01-14T23:30:00.000000,2.6181434067733544,ev_charging
ASSET_003,2025-01-01T00:00:00.000000,2.5739718826719282,ev_charging
ASSET_003,2025-01-01T00:30:00.000000,2.127945479351857,ev_charging
ASSET_003,2025-01-01T01:00:00.000000,1.9320851634983203,ev_charging
ASSET_003,2025-01-01T01:30:00.000000,2.5711807551663384,ev_charging
ASSET_003,2025-01-01T02:00:00.000000,0.349568295611746,ev_charging
ASSET_003,2025-01-01T02:30:00.000000,0.5588197674389476,ev_charging
ASSET_003,2025-01-01T03:00:00.000000,0.38561857772555297,ev_charging
ASSET_003,2025-01-01T03:30:00.000000,0.2698514412576606,ev_charging
ASSET_003,2025-01-01T04:00:00.000000,0.6992037069889486,ev_charging
ASSET_003,2025-01-01T04:30:00.000000,0.7390880704411635,ev_charging
ASSET_003,2025-01-01T05:00:00.000000,0.49437505872399745,ev_charging
ASSET_003,2025-01-01T05:30:00.000000,0.12528403718916464,ev_charging
ASSET_003,2025-01-01T06:00:00.000000,3.4999202135880267,ev_charging
ASSET_003,2025-01-01T06:30:00.000000,3.6717840909898234,ev_charging
ASSET_003,2025-01-01T07:00:00.000000,3.329042273292454,ev_charging
ASSET_003,2025-01-01T07:30:00.000000,3.6335941567309664,ev_charging
ASSET_003,2025-01-01T08:00:00.000000,3.597195016919376,ev_charging
ASSET_003,2025-01-01T08:30:00.000000,3.7061344783197705,ev_charging
ASSET_003,2025-01-01T09:00:00.000000,0.6219088317844502,ev_charging
ASSET_003,2025-01-01T09:30:00.000000,0.42171986904562925,ev_charging
ASSET_003,2025-01-01T10:00:00.000000,0.81922899298353,ev_charging
ASSET_003,2025-01-01T10:30:00.000000,0.570955117513273,ev_charging
ASSET_003,2025-01-01T11:00:00.000000,0.5949974182969303,ev_charging
ASSET_003,2025-01-01T11:30:00.000000,0.4290119774983751,ev_charging
ASSET_003,2025-01-01T12:00:00.000000,0.5187843589781268,ev_charging
ASSET_003,2025-01-01T12:30:00.000000,0.4378915027514999,ev_charging
ASSET_003,2025-01-01T13:00:00.000000,0.56831381116403,ev_charging
ASSET_003,2025-01-01T13:30:00.000000,0.913609446540365,ev_charging
ASSET_003,2025-01-01T14:00:00.000000,0.3486481120272193,ev_charging
ASSET_003,2025-01-01T14:30:00.000000,0.3043725010318684,ev_charging
ASSET_003,2025-01-01T15:00:00.000000,0.8695394207157934,ev_charging
ASSET_003,2025-01-01T15:30:00.000000,0.5616489120075331,ev_charging
ASSET_003,2025-01-01T16:00:00.000000,4.077416316095523,ev_charging
ASSET_003,2025-01-01T16:30:00.000000,4.39052539451221,ev_charging
ASSET_003,2025-01-01T17:00:00.000000,4.089042581469639,ev_charging
ASSET_003,2025-01-01T17:30:00.000000,4.53455106537485,ev_charging
ASSET_003,2025-01-01T18:00:00.000000,4.324205704284659,ev_charging
ASSET_003,2025-01-01T18:30:00.000000,4.110607659864734,ev_charging
ASSET_003,2025-01-01T19:00:00.000000,4.595249683359001,ev_charging
ASSET_003,2025-01-01T19:30:00.000000,4.08902437303546,ev_charging
ASSET_003,2025-01-01T20:00:00.000000,4.335962473514562,ev_charging
ASSET_003,2025-01-01T20:30:00.000000,4.254834676338761,ev_charging
ASSET_003,2025-01-01T21:00:00.000000,0.8384976005219941,ev_charging
ASSET_003,2025-01-01T21:30:00.000000,0.8860911585431699,ev_charging
ASSET_003,2025-01-01T22:00:00.000000,2.405863617310978,ev_charging
ASSET_003,2025-01-01T22:30:00.000000,2.2619630830401456,ev_charging
ASSET_003,2025-01-01T23:00:00.000000,2.4842734676170597,ev_charging
ASSET_003,2025-01-01T23:30:00.000000,2.275832862613275,ev_charging
ASSET_003,2025-01-02T00:00:00.000000,2.768881306421842,ev_charging
ASSET_003,2025-01-02T00:30:00.000000,2.4250152231590874,ev_charging
ASSET_003,2025-01-02T01:00:00.000000,2.333067872920317,ev_charging
ASSET_003,2025-01-02T01:30:00.000000,2.433836070324535,ev_charging
ASSET_003,2025-01-02T02:00:00.000000,0.35318721909688056,ev_charging
ASSET_003,2025-01-02T02:30:00.000000,0.4219864279442984,ev_charging
ASSET_003,2025-01-02T03:00:00.000000,0.8199329767055322,ev_charging
ASSET_003,2025-01-02T03:30:00.000000,0.47964758388845496,ev_charging
ASSET_003,2025-01-02T04:00:00.000000,0.4081909521014874,ev_charging
ASSET_003,2025-01-02T04:30:00.000000,0.698322450730892,ev_charging
ASSET_003,2025-01-02T05:00:00.000000,0.817237939765042,ev_charging
ASSET_003,2025-01-02T05:30:00.000000,0.7317225172754211,ev_charging
ASSET_003,2025-01-02T06:00:00.000000,3.7824901652922795,ev_charging
ASSET_003,2025-01-02T06:30:00.000000,3.461344328415666,ev_charging
ASSET_003,2025-01-02T07:00:00.000000,3.33950397427194,ev_charging
ASSET_003,2025-01-02T07:30:00.000000,3.875065772661844,ev_charging
ASSET_003,2025-01-02T08:00:00.000000,3.540880443812137,ev_charging
ASSET_003,2025-01-02T08:30:00.000000,3.5540438080566283,ev_charging
ASSET_003,2025-01-02T09:00:00.000000,0.8433441409887739,ev_charging
ASSET_003,2025-01-02T09:30:00.000000,0.7019092838651924,ev_charging
ASSET_003,2025-01-02T10:00:00.000000,0.6835251525278088,ev_charging
ASSET_003,2025-01-02T10:30:00.000000,0.9966593581908059,ev_charging
ASSET_003,2025-01-02T11:00:00.000000,0.4820982670767809,ev_charging
ASSET_003,2025-01-02T11:30:00.000000,0.7699935663234553,ev_charging
ASSET_003,2025-01-02T12:00:00.000000,0.6104456189543587,ev_charging
ASSET_003,2025-01-02T12:30:00.000000,0.6492099425203038,ev_charging
ASSET_003,2025-01-02T13:00:00.000000,0.8800372509820102,ev_charging
ASSET_003,2025-01-02T13:30:00.000000,0.6930427653487775,ev_charging
ASSET_003,2025-01-02T14:00:00.000000,0.6986235316258792,ev_charging
ASSET_003,2025-01-02T14:30:00.000000,0.7964986657285459,ev_charging
ASSET_003,2025-01-02T15:00:00.000000,0.5331354463373214,ev_charging
ASSET_003,2025-01-02T15:30:00.000000,0.44624480023396057,ev_charging
ASSET_003,2025-01-02T16:00:00.000000,4.008576029809718,ev_charging
ASSET_003,2025-01-02T16:30:00.000000,3.839735382017897,ev_charging
ASSET_003,2025-01-02T17:00:00.000000,4.576726520592638,ev_charging
ASSET_003,2025-01-02T17:30:00.000000,3.9978764672802773,ev_charging
ASSET_003,2025-01-02T18:00:00.000000,4.159463175393036,ev_charging
ASSET_003,2025-01-02T18:30:00.000000,4.149283848984637,ev_charging
ASSET_003,2025-01-02T19:00:00.000000,4.256321298562882,ev_charging
ASSET_003,2025-01-02T19:30:00.000000,4.34945471072595,ev_charging
ASSET_003,2025-01-02T20:00:00.000000,4.357651035545911,ev_charging
ASSET_003,2025-01-02T20:30:00.000000,4.093171883576477,ev_charging
ASSET_003,2025-01-02T21:00:00.000000,0.5693809145812753,ev_charging
ASSET_003,2025-01-02T21:30:00.000000,0.651772683785892,ev_charging
ASSET_003,2025-01-02T22:00:00.000000,2.3544362329528,ev_charging
ASSET_003,2025-01-02T22:30:00.000000,2.69448867160652,ev_charging
ASSET_003,2025-01-02T23:00:00.000000,2.4899536250680083,ev_charging
ASSET_003,2025-01-02T23:30:00.000000,2.534640108658413,ev_charging
ASSET_003,2025-01-03T00:00:00.000000,2.5214493181522797,ev_charging
ASSET_003,2025-01-03T00:30:00.000000,2.614997174603561,ev_charging
ASSET_003,2025-01-03T01:00:00.000000,2.4331657355767864,ev_charging
ASSET_003,2025-01-03T01:30:00.000000,2.162401860963804,ev_charging
ASSET_003,2025-01-03T02:00:00.000000,0.6732285425889661,ev_charging
ASSET_003,2025-01-03T02:30:00.000000,0.4806621119588541,ev_charging
ASSET_003,2025-01-03T03:00:00.000000,0.5031498722365624,ev_charging
ASSET_003,2025-01-03T03:30:00.000000,0.7074302648647725,ev_charging
ASSET_003,2025-01-03T04:00:00.000000,0.8268711484448055,ev_charging
ASSET_003,2025-01-03T04:30:00.000000,0.6038972567377141,ev_charging
ASSET_003,2025-01-03T05:00:00.000000,0.6565826198083101,ev_charging
ASSET_003,2025-01-03T05:30:00.000000,0.9118700952135276,ev_charging
ASSET_003,2025-01-03T06:00:00.000000,3.644109421813441,ev_charging
ASSET_003,2025-01-03T06:30:00.000000,4.07666551341948,ev_charging
ASSET_003,2025-01-03T07:00:00.000000,3.703609445788922,ev_charging
ASSET_003,2025-01-03T07:30:00.000000,3.2774031087689517,ev_charging
ASSET_003,2025-01-03T08:00:00.000000,3.7380229470095085,ev_charging
ASSET_003,2025-01-03T08:30:00.000000,3.6698336612303084,ev_charging
ASSET_003,2025-01-03T09:00:00.000000,0.8363011295873031,ev_charging
ASSET_003,2025-01-03T09:30:00.000000,0.7233364404291031,ev_charging
ASSET_003,2025-01-03T10:00:00.000000,0.5746328857915443,ev_charging
ASSET_003,2025-01-03T10:30:00.000000,0.375691073136984,ev_charging
ASSET_003,2025-01-03T11:00:00.000000,0.5617039532186675,ev_charging
ASSET_003,2025-01-03T11:30:00.000000,0.4441725024966532,ev_charging
ASSET_003,2025-01-03T12:00:00.000000,0.4936398108036347,ev_charging
ASSET_003,2025-01-03T12:30:00.000000,0.7078359719527759,ev_charging
ASSET_003,2025-01-03T13:00:00.000000,0.9059503609758113,ev_charging
ASSET_003,2025-01-03T13:30:00.000000,0.6723094624282819,ev_charging
ASSET_003,2025-01-03T14:00:00.000000,0.3808971389914108,ev_charging
ASSET_003,2025-01-03T14:30:00.000000,0.6814575602846187,ev_charging
ASSET_003,2025-01-03T15:00:00.000000,0.8192399830890068,ev_charging
ASSET_003,2025-01-03T15:30:00.000000,0.4882790607443417,ev_charging
ASSET_003,2025-01-03T16:00:00.000000,4.175446140534569,ev_charging
ASSET_003,2025-01-03T16:30:00.000000,4.202691087105743,ev_charging
ASSET_003,2025-01-03T17:00:00.000000,4.05619541621029,ev_charging
ASSET_003,2025-01-03T17:30:00.000000,4.31877423662925,ev_charging
ASSET_003,2025-01-03T18:00:00.000000,4.17784057134436,ev_charging
ASSET_003,2025-01-03T18:30:00.000000,4.276864337044395,ev_charging
ASSET_003,2025-01-03T19:00:00.000000,4.037398754566973,ev_charging
ASSET_003,2025-01-03T19:30:00.000000,4.119851389976461,ev_charging
ASSET_003,2025-01-03T20:00:00.000000,4.332350584487731,ev_charging
ASSET_003,2025-01-03T20:30:00.000000,4.131691640348901,ev_charging
ASSET_003,2025-01-03T21:00:00.000000,0.9164044484581203,ev_charging
ASSET_003,2025-01-03T21:30:00.000000,0.5267809417070389,ev_charging
ASSET_003,2025-01-03T22:00:00.000000,2.441165451539542,ev_charging
ASSET_003,2025-01-03T22:30:00.000000,2.5708639631253196,ev_charging
ASSET_003,2025-01-03T23:00:00.000000,2.140135135359055,ev_charging
ASSET_003,2025-01-03T23:30:00.000000,2.077394671233522,ev_charging
ASSET_003,2025-01-04T00:00:00.000000,1.3204779680805505,ev_charging
ASSET_003,2025-01-04T00:30:00.000000,1.831323444663623,ev_charging
ASSET_003,2025-01-04T01:00:00.000000,1.4988917039847054,ev_charging
ASSET_003,2025-01-04T01:30:00.000000,2.068698654838505,ev_charging
ASSET_003,2025-01-04T02:00:00.000000,0.2966217792459856,ev_charging
ASSET_003,2025-01-04T02:30:00.000000,0.4338124351928857,ev_charging
ASSET_003,2025-01-04T03:00:00.000000,0.6825365734526144,ev_charging
ASSET_003,2025-01-04T03:30:00.000000,0.7675448755805823,ev_charging
ASSET_003,2025-01-04T04:00:00.000000,0.777696905290883,ev_charging
ASSET_003,2025-01-04T04:30:00.000000,0.6213899558193865,ev_charging
ASSET_003,2025-01-04T05:00:00.000000,0.5876228841933144,ev_charging
ASSET_003,2025-01-04T05:30:00.000000,0.5085594017643597,ev_charging
ASSET_003,2025-01-04T06:00:00.000000,2.5426068685976735,ev_charging
ASSET_003,2025-01-04T06:30:00.000000,2.299014902686951,ev_charging
ASSET_003,2025-01-04T07:00:00.000000,2.250094276001556,ev_charging
ASSET_003,2025-01-04T07:30:00.000000,2.3993817511957793,ev_charging
ASSET_003,2025-01-04T08:00:00.000000,2.36881974594454,ev_charging
ASSET_003,2025-01-04T08:30:00.000000,2.3169621466768247,ev_charging
ASSET_003,2025-01-04T09:00:00.000000,0.5275881287661768,ev_charging
ASSET_003,2025-01-04T09:30:00.000000,0.5750255614273829,ev_charging
ASSET_003,2025-01-04T10:00:00.000000,0.4161974045241849,ev_charging
ASSET_003,2025-01-04T10:30:00.000000,0.6707046184219105,ev_charging
ASSET_003,2025-01-04T11:00:00.000000,0.19082624444625423,ev_charging
ASSET_003,2025-01-04T11:30:00.000000,0.36451882049625167,ev_charging
ASSET_003,2025-01-04T12:00:00.000000,0.26866791054670036,ev_charging
ASSET_003,2025-01-04T12:30:00.000000,0.058023826943400025,ev_charging
ASSET_003,2025-01-04T13:00:00.000000,0.3848517172009626,ev_charging
ASSET_003,2025-01-04T13:30:00.000000,0.3776941172140627,ev_charging
ASSET_003,2025-01-04T14:00:00.000000,0.6772856136725762,ev_charging
ASSET_003,2025-01-04T14:30:00.000000,0.515573712205929,ev_charging
ASSET_003,2025-01-04T15:00:00.000000,0.2123543425425421,ev_charging
ASSET_003,2025-01-04T15:30:00.000000,0.7396962451890853,ev_charging
ASSET_003,2025-01-04T16:00:00.000000,3.0237108163587525,ev_charging
ASSET_003,2025-01-04T16:30:00.000000,2.9066486149569286,ev_charging
ASSET_003,2025-01-04T17:00:00.000000,2.7585048776035848,ev_charging
ASSET_003,2025-01-04T17:30:00.000000,2.6242170255574484,ev_charging
ASSET_003,2025-01-04T18:00:00.000000,2.7318064013841252,ev_charging
ASSET_003,2025-01-04T18:30:00.000000,2.999474300681517,ev_charging
ASSET_003,2025-01-04T19:00:00.000000,3.145283133908734,ev_charging
ASSET_003,2025-01-04T19:30:00.000000,3.0827442607155833,ev_charging
ASSET_003,2025-01-04T20:00:00.000000,2.7104358023655863,ev_charging
ASSET_003,2025-01-04T20:30:00.000000,2.5948700916866922,ev_charging
ASSET_003,2025-01-04T21:00:00.000000,0.42581237309480274,ev_charging
ASSET_003,2025-01-04T21:30:00.000000,0.07599664480937751,ev_charging
ASSET_003,2025-01-04T22:00:00.000000,1.6592089419202833,ev_charging
ASSET_003,2025-01-04T22:30:00.000000,1.5729570975817082,ev_charging
ASSET_003,2025-01-04T23:00:00.000000,1.5146154551934257,ev_charging
ASSET_003,2025-01-04T23:30:00.000000,1.3078276166043337,ev_charging
ASSET_003,2025-01-05T00:00:00.000000,1.6940988766679517,ev_charging
ASSET_003,2025-01-05T00:30:00.000000,1.5024015961619428,ev_charging
ASSET_003,2025-01-05T01:00:00.000000,1.3856545226002224,ev_charging
ASSET_003,2025-01-05T01:30:00.000000,1.0737605302094693,ev_charging
ASSET_003,2025-01-05T02:00:00.000000,0.3949588763246513,ev_charging
ASSET_003,2025-01-05T02:30:00.000000,0.7247018103898496,ev_charging
ASSET_003,2025-01-05T03:00:00.000000,0.7043664203796633,ev_charging
ASSET_003,2025-01-05T03:30:00.000000,0.3162534358468724,ev_charging
ASSET_003,2025-01-05T04:00:00.000000,0.2896661475122881,ev_charging
ASSET_003,2025-01-05T04:30:00.000000,0.4858861404880312,ev_charging
ASSET_003,2025-01-05T05:00:00.000000,0.21708152489157373,ev_charging
ASSET_003,2025-01-05T05:30:00.000000,0.45529258735978073,ev_charging
ASSET_003,2025-01-05T06:00:00.000000,2.5403568510040526,ev_charging
ASSET_003,2025-01-05T06:30:00.000000,2.62479169423309,ev_charging
ASSET_003,2025-01-05T07:00:00.000000,2.3816503424163518,ev_charging
ASSET_003,2025-01-05T07:30:00.000000,2.3626840593425777,ev_charging
ASSET_003,2025-01-05T08:00:00.000000,2.239141047497816,ev_charging
ASSET_003,2025-01-05T08:30:00.000000,2.2485037065634117,ev_charging
ASSET_003,2025-01-05T09:00:00.000000,0.3585058315908989,ev_charging
ASSET_003,2025-01-05T09:30:00.000000,0.4673066089273927,ev_charging
ASSET_003,2025-01-05T10:00:00.000000,0.5673817547348775,ev_charging
ASSET_003,2025-01-05T10:30:00.000000,0.25284614225035107,ev_charging
ASSET_003,2025-01-05T11:00:00.000000,0.6734818699557982,ev_charging
ASSET_003,2025-01-05T11:30:00.000000,0.3503262830947008,ev_charging
ASSET_003,2025-01-05T12:00:00.000000,0.3960852064283044,ev_charging
ASSET_003,2025-01-05T12:30:00.000000,0.2631001459275595,ev_charging
ASSET_003,2025-01-05T13:00:00.000000,0.0,ev_charging
ASSET_003,2025-01-05T13:30:00.000000,0.5619697458332924,ev_charging
ASSET_003,2025-01-05T14:00:00.000000,0.5350003282887209,ev_charging
ASSET_003,2025-01-05T14:30:00.000000,0.3484567725708416,ev_charging
ASSET_003,2025-01-05T15:00:00.000000,0.4122736564058426,ev_charging
ASSET_003,2025-01-05T15:30:00.000000,0.49452743524364395,ev_charging
ASSET_003,2025-01-05T16:00:00.000000,2.5137192769347156,ev_charging
ASSET_003,2025-01-05T16:30:00.000000,2.7030699916147682,ev_charging
ASSET_003,2025-01-05T17:00:00.000000,2.9455206359449995,ev_charging
ASSET_003,2025-01-05T17:30:00.000000,2.570196259255063,ev_charging
ASSET_003,2025-01-05T18:00:00.000000,2.853784006857672,ev_charging
ASSET_003,2025-01-05T18:30:00.000000,2.5514548336529264,ev_charging
ASSET_003,2025-01-05T19:00:00.000000,2.8854566360672855,ev_charging
ASSET_003,2025-01-05T19:30:00.000000,2.7934699712790683,ev_charging
ASSET_003,2025-01-05T20:00:00.000000,2.5040847780144553,ev_charging
ASSET_003,2025-01-05T20:30:00.000000,3.013396888870189,ev_charging
ASSET_003,2025-01-05T21:00:00.000000,0.26541232896521455,ev_charging
ASSET_003,2025-01-05T21:30:00.000000,0.2515501785041509,ev_charging
ASSET_003,2025-01-05T22:00:00.000000,1.636747142206955,ev_charging
ASSET_003,2025-01-05T22:30:00.000000,1.8104467715203325,ev_charging
ASSET_003,2025-01-05T23:00:00.000000,1.4138869310228865,ev_charging
ASSET_003,2025-01-05T23:30:00.000000,1.6113006296328607,ev_charging
ASSET_003,2025-01-06T00:00:00.000000,2.4785653088105657,ev_charging
ASSET_003,2025-01-06T00:30:00.000000,2.5269868487592833,ev_charging
ASSET_003,2025-01-06T01:00:00.000000,2.432326613520434,ev_charging
ASSET_003,2025-01-06T01:30:00.000000,2.332755256625091,ev_charging
ASSET_003,2025-01-06T02:00:00.000000,0.44837364885971664,ev_charging
ASSET_003,2025-01-06T02:30:00.000000,0.6157827900009964,ev_charging
ASSET_003,2025-01-06T03:00:00.000000,0.403568816732637,ev_charging
ASSET_003,2025-01-06T03:30:00.000000,0.06476685784545222,ev_charging
ASSET_003,2025-01-06T04:00:00.000000,0.6799839926903155,ev_charging
ASSET_003,2025-01-06T04:30:00.000000,0.7656137762418637,ev_charging
ASSET_003,2025-01-06T05:00:00.000000,0.1670770216310845,ev_charging
ASSET_003,2025-01-06T05:30:00.000000,0.4150029101727864,ev_charging
ASSET_003,2025-01-06T06:00:00.000000,3.7134379056770235,ev_charging
ASSET_003,2025-01-06T06:30:00.000000,3.9769625628436076,ev_charging
ASSET_003,2025-01-06T07:00:00.000000,3.6038097042991013,ev_charging
ASSET_003,2025-01-06T07:30:00.000000,3.4666194611248047,ev_charging
ASSET_003,2025-01-06T08:00:00.000000,3.5664907591832913,ev_charging
ASSET_003,2025-01-06T08:30:00.000000,3.8518970010796494,ev_charging
ASSET_003,2025-01-06T09:00:00.000000,0.4816501343246833,ev_charging
ASSET_003,2025-01-06T09:30:00.000000,0.4535766073530071,ev_charging
ASSET_003,2025-01-06T10:00:00.000000,0.5115544904002205,ev_charging
ASSET_003,2025-01-06T10:30:00.000000,0.4253365799868859,ev_charging
ASSET_003,2025-01-06T11:00:00.000000,0.6224749543233321,ev_charging
ASSET_003,2025-01-06T11:30:00.000000,0.8976643032838874,ev_charging
ASSET_003,2025-01-06T12:00:00.000000,0.6591927382530439,ev_charging
ASSET_003,2025-01-06T12:30:00.000000,0.5537652333604337,ev_charging
ASSET_003,2025-01-06T13:00:00.000000,0.5465360068022592,ev_charging
ASSET_003,2025-01-06T13:30:00.000000,0.31360111254950523,ev_charging
ASSET_003,2025-01-06T14:00:00.000000,0.7617983270273188,ev_charging
ASSET_003,2025-01-06T14:30:00.000000,0.5857391135472974,ev_charging
ASSET_003,2025-01-06T15:00:00.000000,0.5669335015457175,ev_charging
ASSET_003,2025-01-06T15:30:00.000000,1.1850229222515765,ev_charging
ASSET_003,2025-01-06T16:00:00.000000,4.254735800711285,ev_charging
ASSET_003,2025-01-06T16:30:00.000000,4.062261139750418,ev_charging
ASSET_003,2025-01-06T17:00:00.000000,4.121885197552341,ev_charging
ASSET_003,2025-01-06T17:30:00.000000,4.4104116602921195,ev_charging
ASSET_003,2025-01-06T18:00:00.000000,4.22075275735924,ev_charging
ASSET_003,2025-01-06T18:30:00.000000,3.9364869275439967,ev_charging
ASSET_003,2025-01-06T19:00:00.000000,4.3684158726561,ev_charging
ASSET_003,2025-01-06T19:30:00.000000,4.077586458613749,ev_charging
ASSET_003,2025-01-06T20:00:00.000000,4.543214913999858,ev_charging
ASSET_003,2025-01-06T20:30:00.000000,4.397880234897006,ev_charging
ASSET_003,2025-01-06T21:00:00.000000,0.5180442384025217,ev_charging
ASSET_003,2025-01-06T21:30:00.000000,0.8347004977036118,ev_charging
ASSET_003,2025-01-06T22:00:00.000000,2.4124320988930563,ev_charging
ASSET_003,2025-01-06T22:30:00.000000,2.5562403197634636,ev_charging
ASSET_003,2025-01-06T23:00:00.000000,2.4888099768828806,ev_charging
ASSET_003,2025-01-06T23:30:00.000000,2.244935369996315,ev_charging
ASSET_003,2025-01-07T00:00:00.000000,2.2820924771504076,ev_charging
ASSET_003,2025-01-07T00:30:00.000000,2.588703535506834,ev_charging
ASSET_003,2025-01-07T01:00:00.000000,2.338664376653337,ev_charging
ASSET_003,2025-01-07T01:30:00.000000,2.3260458351274482,ev_charging
ASSET_003,2025-01-07T02:00:00.000000,0.4250078988549221,ev_charging
ASSET_003,2025-01-07T02:30:00.000000,0.6776094002319448,ev_charging
ASSET_003,2025-01-07T03:00:00.000000,0.9778840298470477,ev_charging
ASSET_003,2025-01-07T03:30:00.000000,0.4044127196384135,ev_charging
ASSET_003,2025-01-07T04:00:00.000000,0.6044373504546874,ev_charging
ASSET_003,2025-01-07T04:30:00.000000,0.8587389803314698,ev_charging
ASSET_003,2025-01-07T05:00:00.000000,0.5854085593896243,ev_charging
ASSET_003,2025-01-07T05:30:00.000000,0.6828809755271834,ev_charging
ASSET_003,2025-01-07T06:00:00.000000,3.405354328593089,ev_charging
ASSET_003,2025-01-07T06:30:00.000000,3.6784719788812583,ev_charging
ASSET_003,2025-01-07T07:00:00.000000,3.565712497161666,ev_charging
ASSET_003,2025-01-07T07:30:00.000000,3.7805998170656316,ev_charging
ASSET_003,2025-01-07T08:00:00.000000,3.8175460873045415,ev_charging
ASSET_003,2025-01-07T08:30:00.000000,4.0744450529841245,ev_charging
ASSET_003,2025-01-07T09:00:00.000000,0.7061970778066301,ev_charging
ASSET_003,2025-01-07T09:30:00.000000,0.6596905394309469,ev_charging
ASSET_003,2025-01-07T10:00:00.000000,0.6356139809675619,ev_charging
ASSET_003,2025-01-07T10:30:00.000000,0.5352948899243274,ev_charging
ASSET_003,2025-01-07T11:00:00.000000,0.6620150756056599,ev_charging
ASSET_003,2025-01-07T11:30:00.000000,0.545878241642385,ev_charging
ASSET_003,2025-01-07T12:00:00.000000,0.6308644574379686,ev_charging
ASSET_003,2025-01-07T12:30:00.000000,0.8414026913453154,ev_charging
ASSET_003,2025-01-07T13:00:00.000000,0.4155870228612657,ev_charging
ASSET_003,2025-01-07T13:30:00.000000,0.8088420363782858,ev_charging
ASSET_003,2025-01-07T14:00:00.000000,0.8413142962661968,ev_charging
ASSET_003,2025-01-07T14:30:00.000000,0.5783681591619916,ev_charging
ASSET_003,2025-01-07T15:00:00.000000,0.2112458702887824,ev_charging
ASSET_003,2025-01-07T15:30:00.000000,0.48863832879305574,ev_charging
ASSET_003,2025-01-07T16:00:00.000000,4.437627929423518,ev_charging
ASSET_003,2025-01-07T16:30:00.000000,4.19581024430024,ev_charging
ASSET_003,2025-01-07T17:00:00.000000,4.016913555297397,ev_charging
ASSET_003,2025-01-07T17:30:00.000000,4.107518023360687,ev_charging
ASSET_003,2025-01-07T18:00:00.000000,4.3540135977131555,ev_charging
ASSET_003,2025-01-07T18:30:00.000000,4.300169400174038,ev_charging
ASSET_003,2025-01-07T19:00:00.000000,4.15622422611641,ev_charging
ASSET_003,2025-01-07T19:30:00.000000,4.132792527406809,ev_charging
ASSET_003,2025-01-07T20:00:00.000000,4.128224310550186,ev_charging
ASSET_003,2025-01-07T20:30:00.000000,4.031001276911525,ev_charging
ASSET_003,2025-01-07T21:00:00.000000,0.8959599031063656,ev_charging
ASSET_003,2025-01-07T21:30:00.000000,0.5409462854623509,ev_charging
ASSET_003,2025-01-07T22:00:00.000000,2.6230008289941,ev_charging
ASSET_003,2025-01-07T22:30:00.000000,2.678726833798649,ev_charging
ASSET_003,2025-01-07T23:00:00.000000,2.5829048181249656,ev_charging
ASSET_003,2025-01-07T23:30:00.000000,2.320920992705586,ev_charging
ASSET_003,2025-01-08T00:00:00.000000,2.4739691201223857,ev_charging
ASSET_003,2025-01-08T00:30:00.000000,2.395567019257664,ev_charging
ASSET_003,2025-01-08T01:00:00.000000,2.2344289090876583,ev_charging
ASSET_003,2025-01-08T01:30:00.000000,2.4594272541154223,ev_charging
ASSET_003,2025-01-08T02:00:00.000000,0.3839830668339361,ev_charging
ASSET_003,2025-01-08T02:30:00.000000,0.8175998308145651,ev_charging
ASSET_003,2025-01-08T03:00:00.000000,0.514875473744973,ev_charging
ASSET_003,2025-01-08T03:30:00.000000,0.6368553226652738,ev_charging
ASSET_003,2025-01-08T04:00:00.000000,0.6519023850368467,ev_charging
ASSET_003,2025-01-08T04:30:00.000000,0.5525649101749315,ev_charging
ASSET_003,2025-01-08T05:00:00.000000,0.7074906857702914,ev_charging
ASSET_003,2025-01-08T05:30:00.000000,0.5129908657688017,ev_charging
ASSET_003,2025-01-08T06:00:00.000000,3.759634111998416,ev_charging
ASSET_003,2025-01-08T06:30:00.000000,3.3533972942976487,ev_charging
ASSET_003,2025-01-08T07:00:00.000000,3.6231545443954674,ev_charging
ASSET_003,2025-01-08T07:30:00.000000,3.9552394916131783,ev_charging
ASSET_003,2025-01-08T08:00:00.000000,3.4167250108847638,ev_charging
ASSET_003,2025-01-08T08:30:00.000000,3.4758274393288393,ev_charging
ASSET_003,2025-01-08T09:00:00.000000,0.6941552595982227,ev_charging
ASSET_003,2025-01-08T09:30:00.000000,0.632901947905362,ev_charging
ASSET_003,2025-01-08T10:00:00.000000,0.6642404431883342,ev_charging
ASSET_003,2025-01-08T10:30:00.000000,0.6896260706306255,ev_charging
ASSET_003,2025-01-08T11:00:00.000000,0.7162900404900672,ev_charging
ASSET_003,2025-01-08T11:30:00.000000,0.8033128639012652,ev_charging
ASSET_003,2025-01-08T12:00:00.000000,0.6750846325015454,ev_charging
ASSET_003,2025-01-08T12:30:00.000000,0.5557981511359599,ev_charging
ASSET_003,2025-01-08T13:00:00.000000,0.7232251102560718,ev_charging
ASSET_003,2025-01-08T13:30:00.000000,0.948085511643302,ev_charging
ASSET_003,2025-01-08T14:00:00.000000,0.5756996028949071,ev_charging
ASSET_003,2025-01-08T14:30:00.000000,0.42145230953712887,ev_charging
ASSET_003,2025-01-08T15:00:00.000000,0.8028329940515061,ev_charging
ASSET_003,2025-01-08T15:30:00.000000,0.5779444510327871,ev_charging
ASSET_003,2025-01-08T16:00:00.000000,3.801935901033857,ev_charging
ASSET_003,2025-01-08T16:30:00.000000,4.355259757277917,ev_charging
ASSET_003,2025-01-08T17:00:00.000000,4.101920228787728,ev_charging
ASSET_003,2025-01-08T17:30:00.000000,4.183413009349273,ev_charging
ASSET_003,2025-01-08T18:00:00.000000,4.2608235391363944,ev_charging
ASSET_003,2025-01-08T18:30:00.000000,4.234902262759522,ev_charging
ASSET_003,2025-01-08T19:00:00.000000,4.329981707925832,ev_charging
ASSET_003,2025-01-08T19:30:00.000000,4.12021267567774,ev_charging
ASSET_003,2025-01-08T20:00:00.000000,4.29400831230869,ev_charging
ASSET_003,2025-01-08T20:30:00.000000,4.152447340856947,ev_charging
ASSET_003,2025-01-08T21:00:00.000000,0.7353606345340318,ev_charging
ASSET_003,2025-01-08T21:30:00.000000,0.7127441140352487,ev_charging
ASSET_003,2025-01-08T22:00:00.000000,2.2286142663754007,ev_charging
ASSET_003,2025-01-08T22:30:00.000000,2.598967437713497,ev_charging
ASSET_003,2025-01-08T23:00:00.000000,2.3018038402344616,ev_charging
ASSET_003,2025-01-08T23:30:00.000000,2.5480477323279382,ev_charging
ASSET_003,2025-01-09T00:00:00.000000,2.4672922827767456,ev_charging
ASSET_003,2025-01-09T00:30:00.000000,2.7367815093556778,ev_charging
ASSET_003,2025-01-09T01:00:00.000000,2.3590578396582997,ev_charging
ASSET_003,2025-01-09T01:30:00.000000,2.3360001727112016,ev_charging
ASSET_003,2025-01-09T02:00:00.000000,0.5964420507784262,ev_charging
ASSET_003,2025-01-09T02:30:00.000000,0.5444531326450059,ev_charging
ASSET_003,2025-01-09T03:00:00.000000,0.7465607841772399,ev_charging
ASSET_003,2025-01-09T03:30:00.000000,0.30386880638286795,ev_charging
ASSET_003,2025-01-09T04:00:00.000000,0.4069503282064001,ev_charging
ASSET_003,2025-01-09T04:30:00.000000,0.4043632504392406,ev_charging
ASSET_003,2025-01-09T05:00:00.000000,0.7741099266723015,ev_charging
ASSET_003,2025-01-09T05:30:00.000000,0.9134088071909028,ev_charging
ASSET_003,2025-01-09T06:00:00.000000,3.5808634110322415,ev_charging
ASSET_003,2025-01-09T06:30:00.000000,3.569069448572687,ev_charging
ASSET_003,2025-01-09T07:00:00.000000,3.6128345570275218,ev_charging
ASSET_003,2025-01-09T07:30:00.000000,3.812872703299286,ev_charging
ASSET_003,2025-01-09T08:00:00.000000,3.4300956579143693,ev_charging
ASSET_003,2025-01-09T08:30:00.000000,3.643672602908194,ev_charging
ASSET_003,2025-01-09T09:00:00.000000,0.7786701371708523,ev_charging
ASSET_003,2025-01-09T09:30:00.000000,0.6918076104211216,ev_charging
ASSET_003,2025-01-09T10:00:00.000000,0.6347340604696983,ev_charging
ASSET_003,2025-01-09T10:30:00.000000,0.7834059448167655,ev_charging
ASSET_003,2025-01-09T11:00:00.000000,0.10472922631835396,ev_charging
ASSET_003,2025-01-09T11:30:00.000000,0.7241964424711984,ev_charging
ASSET_003,2025-01-09T12:00:00.000000,0.48016399091272555,ev_charging
ASSET_003,2025-01-09T12:30:00.000000,0.2646019013973705,ev_charging
ASSET_003,2025-01-09T13:00:00.000000,0.6936596191272554,ev_charging
ASSET_003,2025-01-09T13:30:00.000000,0.8516738691673562,ev_charging
ASSET_003,2025-01-09T14:00:00.000000,0.5748174685699978,ev_charging
ASSET_003,2025-01-09T14:30:00.000000,0.7745802295411099,ev_charging
ASSET_003,2025-01-09T15:00:00.000000,0.8953924094100626,ev_charging
ASSET_003,2025-01-09T15:30:00.000000,0.8409111123887916,ev_charging
ASSET_003,2025-01-09T16:00:00.000000,4.500464929845545,ev_charging
ASSET_003,2025-01-09T16:30:00.000000,4.335968358185672,ev_charging
ASSET_003,2025-01-09T17:00:00.000000,4.213820520270185,ev_charging
ASSET_003,2025-01-09T17:30:00.000000,3.9064969780345544,ev_charging
ASSET_003,2025-01-09T18:00:00.000000,4.154917836996192,ev_charging
ASSET_003,2025-01-09T18:30:00.000000,4.045505177358141,ev_charging
ASSET_003,2025-01-09T19:00:00.000000,4.597747719312992,ev_charging
ASSET_003,2025-01-09T19:30:00.000000,4.167775206507933,ev_charging
ASSET_003,2025-01-09T20:00:00.000000,4.222572880671586,ev_charging
ASSET_003,2025-01-09T20:30:00.000000,4.3010399992531285,ev_charging
ASSET_003,2025-01-09T21:00:00.000000,0.6079885910675246,ev_charging
ASSET_003,2025-01-09T21:30:00.000000,0.9105575656217773,ev_charging
ASSET_003,2025-01-09T22:00:00.000000,2.2859217419393665,ev_charging
ASSET_003,2025-01-09T22:30:00.000000,2.435654865905966,ev_charging
ASSET_003,2025-01-09T23:00:00.000000,2.2639687819774648,ev_charging
ASSET_003,2025-01-09T23:30:00.000000,2.1581530184799207,ev_charging
ASSET_003,2025-01-10T00:00:00.000000,2.28791516298771,ev_charging
ASSET_003,2025-01-10T00:30:00.000000,2.39321432968363,ev_charging
ASSET_003,2025-01-10T01:00:00.000000,2.321345699579516,ev_charging
ASSET_003,2025-01-10T01:30:00.000000,2.2731385847588257,ev_charging
ASSET_003,2025-01-10T02:00:00.000000,0.34234255040583894,ev_charging
ASSET_003,2025-01-10T02:30:00.000000,0.584773871871957,ev_charging
ASSET_003,2025-01-10T03:00:00.000000,0.324313731472177,ev_charging
ASSET_003,2025-01-10T03:30:00.000000,0.7392531104902736,ev_charging
ASSET_003,2025-01-10T04:00:00.000000,0.6151041404483572,ev_charging
ASSET_003,2025-01-10T04:30:00.000000,0.3329557431337466,ev_charging
ASSET_003,2025-01-10T05:00:00.000000,0.5433484798119357,ev_charging
ASSET_003,2025-01-10T05:30:00.000000,0.4621942014042967,ev_charging
ASSET_003,2025-01-10T06:00:00.000000,3.6584773299446565,ev_charging
ASSET_003,2025-01-10T06:30:00.000000,3.845589671003526,ev_charging
ASSET_003,2025-01-10T07:00:00.000000,3.2564416153827613,ev_charging
ASSET_003,2025-01-10T07:30:00.000000,3.6210744209295087,ev_charging
ASSET_003,2025-01-10T08:00:00.000000,3.5706613842408257,ev_charging
ASSET_003,2025-01-10T08:30:00.000000,3.7229990925782457,ev_charging
ASSET_003,2025-01-10T09:00:00.000000,0.6390606679592623,ev_charging
ASSET_003,2025-01-10T09:30:00.000000,0.46222847600642347,ev_charging
ASSET_003,2025-01-10T10:00:00.000000,0.5415447610725088,ev_charging
ASSET_003,2025-01-10T10:30:00.000000,0.4541566912356464,ev_charging
ASSET_003,2025-01-10T11:00:00.000000,0.7971398793218146,ev_charging
ASSET_003,2025-01-10T11:30:00.000000,0.6039045984888237,ev_charging
ASSET_003,2025-01-10T12:00:00.000000,0.9483252934968903,ev_charging
ASSET_003,2025-01-10T12:30:00.000000,0.5888860723261069,ev_charging
ASSET_003,2025-01-10T13:00:00.000000,0.470209760205333,ev_charging
ASSET_003,2025-01-10T13:30:00.000000,0.32266589878200697,ev_charging
ASSET_003,2025-01-10T14:00:00.000000,0.26963905217167855,ev_charging
ASSET_003,2025-01-10T14:30:00.000000,0.3097636647279227,ev_charging
ASSET_003,2025-01-10T15:00:00.000000,0.6489414185603182,ev_charging
ASSET_003,2025-01-10T15:30:00.000000,0.6932056917560557,ev_charging
ASSET_003,2025-01-10T16:00:00.000000,3.9103032749491127,ev_charging
ASSET_003,2025-01-10T16:30:00.000000,4.363983805400374,ev_charging
ASSET_003,2025-01-10T17:00:00.000000,4.111496314459427,ev_charging
ASSET_003,2025-01-10T17:30:00.000000,4.226894576838781,ev_charging
ASSET_003,2025-01-10T18:00:00.000000,4.495381850819655,ev_charging
ASSET_003,2025-01-10T18:30:00.000000,4.364313774656792,ev_charging
ASSET_003,2025-01-10T19:00:00.000000,4.150801349151538,ev_charging
ASSET_003,2025-01-10T19:30:00.000000,4.036720852986414,ev_charging
ASSET_003,2025-01-10T20:00:00.000000,3.8057566782564525,ev_charging
ASSET_003,2025-01-10T20:30:00.000000,4.068240838295942,ev_charging
ASSET_003,2025-01-10T21:00:00.000000,0.5613179241004974,ev_charging
ASSET_003,2025-01-10T21:30:00.000000,0.4191346080612295,ev_charging
ASSET_003,2025-01-10T22:00:00.000000,2.37595184852916,ev_charging
ASSET_003,2025-01-10T22:30:00.000000,2.4140803628420886,ev_charging
ASSET_003,2025-01-10T23:00:00.000000,2.3588031719044484,ev_charging
ASSET_003,2025-01-10T23:30:00.000000,2.2809102414419873,ev_charging
ASSET_003,2025-01-11T00:00:00.000000,1.6308999452567612,ev_charging
ASSET_003,2025-01-11T00:30:00.000000,1.6809698404389668,ev_charging
ASSET_003,2025-01-11T01:00:00.000000,1.400223311882793,ev_charging
ASSET_003,2025-01-11T01:30:00.000000,1.8585029681463703,ev_charging
ASSET_003,2025-01-11T02:00:00.000000,0.38193724576363347,ev_charging
ASSET_003,2025-01-11T02:30:00.000000,0.4034535202038239,ev_charging
ASSET_003,2025-01-11T03:00:00.000000,0.529754999689505,ev_charging
ASSET_003,2025-01-11T03:30:00.000000,0.44272852690649156,ev_charging
ASSET_003,2025-01-11T04:00:00.000000,0.5746282475705339,ev_charging
ASSET_003,2025-01-11T04:30:00.000000,0.45260524883876285,ev_charging
ASSET_003,2025-01-11T05:00:00.000000,0.2877927238605198,ev_charging
ASSET_003,2025-01-11T05:30:00.000000,0.4662326101538322,ev_charging
ASSET_003,2025-01-11T06:00:00.000000,2.1904530198730363,ev_charging
ASSET_003,2025-01-11T06:30:00.000000,2.419889688951199,ev_charging
ASSET_003,2025-01-11T07:00:00.000000,2.393911790999783,ev_charging
ASSET_003,2025-01-11T07:30:00.000000,2.36187001864971,ev_charging
ASSET_003,2025-01-11T08:00:00.000000,2.376450091654225,ev_charging
ASSET_003,2025-01-11T08:30:00.000000,2.05521837130704,ev_charging
ASSET_003,2025-01-11T09:00:00.000000,0.2994657579746024,ev_charging
ASSET_003,2025-01-11T09:30:00.000000,0.4170105122447828,ev_charging
ASSET_003,2025-01-11T10:00:00.000000,0.4292879746766666,ev_charging
ASSET_003,2025-01-11T10:30:00.000000,0.21171523310892265,ev_charging
ASSET_003,2025-01-11T11:00:00.000000,0.631895757986997,ev_charging
ASSET_003,2025-01-11T11:30:00.000000,0.24130439388070038,ev_charging
ASSET_003,2025-01-11T12:00:00.000000,0.5776184085250772,ev_charging
ASSET_003,2025-01-11T12:30:00.000000,0.4782681098714909,ev_charging
ASSET_003,2025-01-11T13:00:00.000000,0.2816019250179032,ev_charging
ASSET_003,2025-01-11T13:30:00.000000,0.7252623171102428,ev_charging
ASSET_003,2025-01-11T14:00:00.000000,0.18130868046747345,ev_charging
ASSET_003,2025-01-11T14:30:00.000000,0.5684021753792611,ev_charging
ASSET_003,2025-01-11T15:00:00.000000,0.5833209746985886,ev_charging
ASSET_003,2025-01-11T15:30:00.000000,0.27713279740845753,ev_charging
ASSET_003,2025-01-11T16:00:00.000000,3.055119535333215,ev_charging
ASSET_003,2025-01-11T16:30:00.000000,2.7541879064324064,ev_charging
ASSET_003,2025-01-11T17:00:00.000000,2.8528927970787743,ev_charging
ASSET_003,2025-01-11T17:30:00.000000,2.847694679746299,ev_charging
ASSET_003,2025-01-11T18:00:00.000000,2.7753927198662893,ev_charging
ASSET_003,2025-01-11T18:30:00.000000,2.9485516586182032,ev_charging
ASSET_003,2025-01-11T19:00:00.000000,2.9453784691583165,ev_charging
ASSET_003,2025-01-11T19:30:00.000000,2.4796439634745764,ev_charging
ASSET_003,2025-01-11T20:00:00.000000,3.038973765927319,ev_charging
ASSET_003,2025-01-11T20:30:00.000000,2.495407717906321,ev_charging
ASSET_003,2025-01-11T21:00:00.000000,0.5891772152954537,ev_charging
ASSET_003,2025-01-11T21:30:00.000000,0.6064284768544823,ev_charging
ASSET_003,2025-01-11T22:00:00.000000,1.4001193647498584,ev_charging
ASSET_003,2025-01-11T22:30:00.000000,1.524732953671178,ev_charging
ASSET_003,2025-01-11T23:00:00.000000,1.3974191089523982,ev_charging
ASSET_003,2025-01-11T23:30:00.000000,1.560623396950671,ev_charging
ASSET_003,2025-01-12T00:00:00.000000,1.5435637186473983,ev_charging
ASSET_003,2025-01-12T00:30:00.000000,1.742844947519347,ev_charging
ASSET_003,2025-01-12T01:00:00.000000,1.8400672809854854,ev_charging
ASSET_003,2025-01-12T01:30:00.000000,1.8557092124768741,ev_charging
ASSET_003,2025-01-12T02:00:00.000000,0.29700278655904677,ev_charging
ASSET_003,2025-01-12T02:30:00.000000,0.3616675638460919,ev_charging
ASSET_003,2025-01-12T03:00:00.000000,0.09157007406809015,ev_charging
ASSET_003,2025-01-12T03:30:00.000000,0.2523530913883768,ev_charging
ASSET_003,2025-01-12T04:00:00.000000,0.5767746027782128,ev_charging
ASSET_003,2025-01-12T04:30:00.000000,0.6959978530286582,ev_charging
ASSET_003,2025-01-12T05:00:00.000000,0.1738496531162857,ev_charging
ASSET_003,2025-01-12T05:30:00.000000,0.291452083948059,ev_charging
ASSET_003,2025-01-12T06:00:00.000000,2.3951620881000255,ev_charging
ASSET_003,2025-01-12T06:30:00.000000,2.451329526598021,ev_charging
ASSET_003,2025-01-12T07:00:00.000000,2.2516690693857844,ev_charging
ASSET_003,2025-01-12T07:30:00.000000,2.4776940413607424,ev_charging
ASSET_003,2025-01-12T08:00:00.000000,2.313185862483079,ev_charging
ASSET_003,2025-01-12T08:30:00.000000,2.397352137514087,ev_charging
ASSET_003,2025-01-12T09:00:00.000000,0.5000870782949636,ev_charging
ASSET_003,2025-01-12T09:30:00.000000,0.4011766515760754,ev_charging
ASSET_003,2025-01-12T10:00:00.000000,0.32004787077138225,ev_charging
ASSET_003,2025-01-12T10:30:00.000000,0.37991791806644604,ev_charging
ASSET_003,2025-01-12T11:00:00.000000,0.38381064354559397,ev_charging
ASSET_003,2025-01-12T11:30:00.000000,0.33220869345373877,ev_charging
ASSET_003,2025-01-12T12:00:00.000000,0.35258486423277735,ev_charging
ASSET_003,2025-01-12T12:30:00.000000,0.6928949994531857,ev_charging
ASSET_003,2025-01-12T13:00:00.000000,0.5027684559978056,ev_charging
ASSET_003,2025-01-12T13:30:00.000000,0.34586378458965744,ev_charging
ASSET_003,2025-01-12T14:00:00.000000,0.5276920033978598,ev_charging
ASSET_003,2025-01-12T14:30:00.000000,0.3388395006268453,ev_charging
ASSET_003,2025-01-12T15:00:00.000000,0.6149331925292668,ev_charging
ASSET_003,2025-01-12T15:30:00.000000,0.4677237302134365,ev_charging
ASSET_003,2025-01-12T16:00:00.000000,2.780340714330654,ev_charging
ASSET_003,2025-01-12T16:30:00.000000,2.882028136764526,ev_charging
ASSET_003,2025-01-12T17:00:00.000000,2.5121930478531644,ev_charging
ASSET_003,2025-01-12T17:30:00.000000,2.5935601030175968,ev_charging
ASSET_003,2025-01-12T18:00:00.000000,2.581255882756173,ev_charging
ASSET_003,2025-01-12T18:30:00.000000,2.8261892170049223,ev_charging
ASSET_003,2025-01-12T19:00:00.000000,3.1174214981199473,ev_charging
ASSET_003,2025-01-12T19:30:00.000000,3.208806062498865,ev_charging
ASSET_003,2025-01-12T20:00:00.000000,2.9169000767996818,ev_charging
ASSET_003,2025-01-12T20:30:00.000000,2.8917618627308954,ev_charging
ASSET_003,2025-01-12T21:00:00.000000,0.07002049370701602,ev_charging
ASSET_003,2025-01-12T21:30:00.000000,0.3005744074058739,ev_charging
ASSET_003,2025-01-12T22:00:00.000000,1.455666762596812,ev_charging
ASSET_003,2025-01-12T22:30:00.000000,1.486251850748992,ev_charging
ASSET_003,2025-01-12T23:00:00.000000,1.5691936503807153,ev_charging
ASSET_003,2025-01-12T23:30:00.000000,1.5135062620147763,ev_charging
ASSET_003,2025-01-13T00:00:00.000000,2.037363999027579,ev_charging
ASSET_003,2025-01-13T00:30:00.000000,2.5370278433529623,ev_charging
ASSET_003,2025-01-13T01:00:00.000000,2.2034581527840995,ev_charging
ASSET_003,2025-01-13T01:30:00.000000,2.443833443317507,ev_charging
ASSET_003,2025-01-13T02:00:00.000000,0.9800015748506201,ev_charging
ASSET_003,2025-01-13T02:30:00.000000,0.4315556087557731,ev_charging
ASSET_003,2025-01-13T03:00:00.000000,0.13641517886826166,ev_charging
ASSET_003,2025-01-13T03:30:00.000000,0.5475999407769654,ev_charging
ASSET_003,2025-01-13T04:00:00.000000,0.8017115331265239,ev_charging
ASSET_003,2025-01-13T04:30:00.000000,0.958797230005416,ev_charging
ASSET_003,2025-01-13T05:00:00.000000,0.3747289493021107,ev_charging
ASSET_003,2025-01-13T05:30:00.000000,0.6910023934001198,ev_charging
ASSET_003,2025-01-13T06:00:00.000000,3.514748477025654,ev_charging
ASSET_003,2025-01-13T06:30:00.000000,3.580588747943563,ev_charging
ASSET_003,2025-01-13T07:00:00.000000,4.084481477507049,ev_charging
ASSET_003,2025-01-13T07:30:00.000000,3.324634364833316,ev_charging
ASSET_003,2025-01-13T08:00:00.000000,3.6464887308381124,ev_charging
ASSET_003,2025-01-13T08:30:00.000000,3.6856880703984523,ev_charging
ASSET_003,2025-01-13T09:00:00.000000,0.7989315659621018,ev_charging
ASSET_003,2025-01-13T09:30:00.000000,0.6179519134752033,ev_charging
ASSET_003,2025-01-13T10:00:00.000000,0.6564392595591444,ev_charging
ASSET_003,2025-01-13T10:30:00.000000,0.5282443874687932,ev_charging
ASSET_003,2025-01-13T11:00:00.000000,0.6493079003066928,ev_charging
ASSET_003,2025-01-13T11:30:00.000000,0.5371222723820815,ev_charging
ASSET_003,2025-01-13T12:00:00.000000,0.7138808498200551,ev_charging
ASSET_003,2025-01-13T12:30:00.000000,0.5322821062891485,ev_charging
ASSET_003,2025-01-13T13:00:00.000000,0.6690901793113648,ev_charging
ASSET_003,2025-01-13T13:30:00.000000,0.5946386344927165,ev_charging
ASSET_003,2025-01-13T14:00:00.000000,0.8063084923736151,ev_charging
ASSET_003,2025-01-13T14:30:00.000000,0.5905839356425381,ev_charging
ASSET_003,2025-01-13T15:00:00.000000,0.27515512278923915,ev_charging
ASSET_003,2025-01-13T15:30:00.000000,0.8312020463808135,ev_charging
ASSET_003,2025-01-13T16:00:00.000000,4.034056903449099,ev_charging
ASSET_003,2025-01-13T16:30:00.000000,4.080220667240413,ev_charging
ASSET_003,2025-01-13T17:00:00.000000,4.090866341484174,ev_charging
ASSET_003,2025-01-13T17:30:00.000000,4.451816693498796,ev_charging
ASSET_003,2025-01-13T18:00:00.000000,3.8087139743674747,ev_charging
ASSET_003,2025-01-13T18:30:00.000000,4.774880356345563,ev_charging
ASSET_003,2025-01-13T19:00:00.000000,4.3934846939467445,ev_charging
ASSET_003,2025-01-13T19:30:00.000000,4.240900558195807,ev_charging
ASSET_003,2025-01-13T20:00:00.000000,4.189942634887088,ev_charging
ASSET_003,2025-01-13T20:30:00.000000,4.25231758585785,ev_charging
ASSET_003,2025-01-13T21:00:00.000000,0.6954770734852145,ev_charging
ASSET_003,2025-01-13T21:30:00.000000,0.7182127127115641,ev_charging
ASSET_003,2025-01-13T22:00:00.000000,2.501794675378489,ev_charging
ASSET_003,2025-01-13T22:30:00.000000,2.4164124605299793,ev_charging
ASSET_003,2025-01-13T23:00:00.000000,2.3638447822794078,ev_charging
ASSET_003,2025-01-13T23:30:00.000000,2.372284573387767,ev_charging
ASSET_003,2025-01-14T00:00:00.000000,2.364290018635384,ev_charging
ASSET_003,2025-01-14T00:30:00.000000,2.6077228784617157,ev_charging
ASSET_003,2025-01-14T01:00:00.000000,2.5087480709036005,ev_charging
ASSET_003,2025-01-14T01:30:00.000000,1.8612787965775799,ev_charging
ASSET_003,2025-01-14T02:00:00.000000,0.7201703922713455,ev_charging
ASSET_003,2025-01-14T02:30:00.000000,0.6356784528181184,ev_charging
ASSET_003,2025-01-14T03:00:00.000000,0.5965722885511623,ev_charging
ASSET_003,2025-01-14T03:30:00.000000,0.5288178691305006,ev_charging
ASSET_003,2025-01-14T04:00:00.000000,0.8059535090545804,ev_charging
ASSET_003,2025-01-14T04:30:00.000000,0.7736003839532236,ev_charging
ASSET_003,2025-01-14T05:00:00.000000,0.45839777014517447,ev_charging
ASSET_003,2025-01-14T05:30:00.000000,0.6745777940338881,ev_charging
ASSET_003,2025-01-14T06:00:00.000000,3.4219786054215424,ev_charging
ASSET_003,2025-01-14T06:30:00.000000,3.347234243379742,ev_charging
ASSET_003,2025-01-14T07:00:00.000000,3.4851764513519097,ev_charging
ASSET_003,2025-01-14T07:30:00.000000,3.7580028040472695,ev_charging
ASSET_003,2025-01-14T08:00:00.000000,3.7746261243849757,ev_charging
ASSET_003,2025-01-14T08:30:00.000000,3.6940045787535394,ev_charging
ASSET_003,2025-01-14T09:00:00.000000,0.7328479066617938,ev_charging
ASSET_003,2025-01-14T09:30:00.000000,0.6945712361749906,ev_charging
ASSET_003,2025-01-14T10:00:00.000000,0.4824714077323662,ev_charging
ASSET_003,2025-01-14T10:30:00.000000,0.6791343805063327,ev_charging
ASSET_003,2025-01-14T11:00:00.000000,0.7466464594435004,ev_charging
ASSET_003,2025-01-14T11:30:00.000000,0.7381969472122727,ev_charging
ASSET_003,2025-01-14T12:00:00.000000,0.8178259141308899,ev_charging
ASSET_003,2025-01-14T12:30:00.000000,0.7297713834336235,ev_charging
ASSET_003,2025-01-14T13:00:00.000000,0.6643903323102971,ev_charging
ASSET_003,2025-01-14T13:30:00.000000,0.7960668115201168,ev_charging
ASSET_003,2025-01-14T14:00:00.000000,0.59514092643044,ev_charging
ASSET_003,2025-01-14T14:30:00.000000,0.4384279656857788,ev_charging
ASSET_003,2025-01-14T15:00:00.000000,0.5701238026774461,ev_charging
ASSET_003,2025-01-14T15:30:00.000000,0.4635231940051041,ev_charging
ASSET_003,2025-01-14T16:00:00.000000,4.076297694620766,ev_charging
ASSET_003,2025-01-14T16:30:00.000000,4.173522114972479,ev_charging
ASSET_003,2025-01-14T17:00:00.000000,4.054817350188221,ev_charging
ASSET_003,2025-01-14T17:30:00.000000,4.143577048319704,ev_charging
ASSET_003,2025-01-14T18:00:00.000000,3.8530627413759673,ev_charging
ASSET_003,2025-01-14T18:30:00.000000,4.239078454243685,ev_charging
ASSET_003,2025-01-14T19:00:00.000000,4.200220860307437,ev_charging
ASSET_003,2025-01-14T19:30:00.000000,4.050297690093578,ev_charging
ASSET_003,2025-01-14T20:00:00.000000,4.3207832242520805,ev_charging
ASSET_003,2025-01-14T20:30:00.000000,4.371776243072294,ev_charging
ASSET_003,2025-01-14T21:00:00.000000,0.30547206770668434,ev_charging
ASSET_003,2025-01-14T21:30:00.000000,0.4602579244984043,ev_charging
ASSET_003,2025-01-14T22:00:00.000000,2.2590821337711127,ev_charging
ASSET_003,2025-01-14T22:30:00.000000,2.227796324689697,ev_charging
ASSET_003,2025-01-14T23:00:00.000000,2.5519716406824955,ev_charging
ASSET_003,2025-01-14T23:30:00.000000,2.364488282431983,ev_charging
ASSET_004,2025-01-01T00:00:00.000000,2.351537102288449,ev_charging
ASSET_004,2025-01-01T00:30:00.000000,2.0328637882354768,ev_charging
ASSET_004,2025-01-01T01:00:00.000000,2.5164176605347617,ev_charging
ASSET_004,2025-01-01T01:30:00.000000,2.1729501583714885,ev_charging
ASSET_004,2025-01-01T02:00:00.000000,0.6109805140452237,ev_charging
ASSET_004,2025-01-01T02:30:00.000000,0.6508194175616259,ev_charging
ASSET_004,2025-01-01T03:00:00.000000,0.8492920927375814,ev_charging
ASSET_004,2025-01-01T03:30:00.000000,0.36020540544710544,ev_charging
ASSET_004,2025-01-01T04:00:00.000000,0.046782237165684415,ev_charging
ASSET_004,2025-01-01T04:30:00.000000,0.6336838630209448,ev_charging
ASSET_004,2025-01-01T05:00:00.000000,0.9298793700410957,ev_charging
ASSET_004,2025-01-01T05:30:00.000000,0.8269926710921184,ev_charging
ASSET_004,2025-01-01T06:00:00.000000,3.638412600012815,ev_charging
ASSET_004,2025-01-01T06:30:00.000000,3.5099252274181283,ev_charging
ASSET_004,2025-01-01T07:00:00.000000,3.747876390026764,ev_charging
ASSET_004,2025-01-01T07:30:00.000000,3.421632428411288,ev_charging
ASSET_004,2025-01-01T08:00:00.000000,3.6872755484570496,ev_charging
ASSET_004,2025-01-01T08:30:00.000000,3.6926093541615996,ev_charging
ASSET_004,2025-01-01T09:00:00.000000,0.7942456009096162,ev_charging
ASSET_004,2025-01-01T09:30:00.000000,1.1056091428433512,ev_charging
ASSET_004,2025-01-01T10:00:00.000000,0.6718962111295383,ev_charging
ASSET_004,2025-01-01T10:30:00.000000,0.5067505928614475,ev_charging
ASSET_004,2025-01-01T11:00:00.000000,0.5953144206591096,ev_charging
ASSET_004,2025-01-01T11:30:00.000000,0.2758800217113865,ev_charging
ASSET_004,2025-01-01T12:00:00.000000,0.4727186299111832,ev_charging
ASSET_004,2025-01-01T12:30:00.000000,0.5250136104457063,ev_charging
ASSET_004,2025-01-01T13:00:00.000000,0.5039795185212692,ev_charging
ASSET_004,2025-01-01T13:30:00.000000,0.6279135890547498,ev_charging
ASSET_004,2025-01-01T14:00:00.000000,0.4493209195314039,ev_charging
ASSET_004,2025-01-01T14:30:00.000000,0.8053888329776621,ev_charging
ASSET_004,2025-01-01T15:00:00.000000,0.6000379372510839,ev_charging
ASSET_004,2025-01-01T15:30:00.000000,0.5982960483056753,ev_charging
ASSET_004,2025-01-01T16:00:00.000000,4.139925003724597,ev_charging
ASSET_004,2025-01-01T16:30:00.000000,4.228433150292735,ev_charging
ASSET_004,2025-01-01T17:00:00.000000,4.351169789205177,ev_charging
ASSET_004,2025-01-01T17:30:00.000000,4.041129356907253,ev_charging
ASSET_004,2025-01-01T18:00:00.000000,4.0794236575372835,ev_charging
ASSET_004,2025-01-01T18:30:00.000000,4.144353052584847,ev_charging
ASSET_004,2025-01-01T19:00:00.000000,3.953417220092229,ev_charging
ASSET_004,2025-01-01T19:30:00.000000,4.049900256415311,ev_charging
ASSET_004,2025-01-01T20:00:00.000000,4.112749532811282,ev_charging
ASSET_004,2025-01-01T20:30:00.000000,4.360200589180582,ev_charging
ASSET_004,2025-01-01T21:00:00.000000,0.6481049863492813,ev_charging
ASSET_004,2025-01-01T21:30:00.000000,0.6354684373326965,ev_charging
ASSET_004,2025-01-01T22:00:00.000000,2.555896662354346,ev_charging
ASSET_004,2025-01-01T22:30:00.000000,2.3748315259111106,ev_charging
ASSET_004,2025-01-01T23:00:00.000000,2.4715387385762573,ev_charging
ASSET_004,2025-01-01T23:30:00.000000,2.381088300266296,ev_charging
ASSET_004,2025-01-02T00:00:00.000000,2.4486181733007175,ev_charging
ASSET_004,2025-01-02T00:30:00.000000,2.293230288801878,ev_charging
ASSET_004,2025-01-02T01:00:00.000000,1.9531738563586398,ev_charging
ASSET_004,2025-01-02T01:30:00.000000,2.3753981392137233,ev_charging
ASSET_004,2025-01-02T02:00:00.000000,0.8606677835068819,ev_charging
ASSET_004,2025-01-02T02:30:00.000000,0.7696958933392632,ev_charging
ASSET_004,2025-01-02T03:00:00.000000,0.7768746105697395,ev_charging
ASSET_004,2025-01-02T03:30:00.000000,0.8264768072452107,ev_charging
ASSET_004,2025-01-02T04:00:00.000000,0.6162433372011491,ev_charging
ASSET_004,2025-01-02T04:30:00.000000,0.6361510563925252,ev_charging
ASSET_004,2025-01-02T05:00:00.000000,0.4868373491579208,ev_charging
ASSET_004,2025-01-02T05:30:00.000000,0.5420909374493298,ev_charging
ASSET_004,2025-01-02T06:00:00.000000,3.7128180713687837,ev_charging
ASSET_004,2025-01-02T06:30:00.000000,3.820568827238429,ev_charging
ASSET_004,2025-01-02T07:00:00.000000,3.5744514502055877,ev_charging
ASSET_004,2025-01-02T07:30:00.000000,3.5175188954040086,ev_charging
ASSET_004,2025-01-02T08:00:00.000000,3.6000967296047977,ev_charging
ASSET_004,2025-01-02T08:30:00.000000,3.7101496650716554,ev_charging
ASSET_004,2025-01-02T09:00:00.000000,0.33546517118696173,ev_charging
ASSET_004,2025-01-02T09:30:00.000000,0.17930684680021308,ev_charging
ASSET_004,2025-01-02T10:00:00.000000,0.49913378436100625,ev_charging
ASSET_004,2025-01-02T10:30:00.000000,0.3763480448235844,ev_charging
ASSET_004,2025-01-02T11:00:00.000000,0.5069014566453319,ev_charging
ASSET_004,2025-01-02T11:30:00.000000,0.5729245344452275,ev_charging
ASSET_004,2025-01-02T12:00:00.000000,0.5169584164897122,ev_charging
ASSET_004,2025-01-02T12:30:00.000000,0.8661128018512473,ev_charging
ASSET_004,2025-01-02T13:00:00.000000,0.6598643086574965,ev_charging
ASSET_004,2025-01-02T13:30:00.000000,0.6550511951715553,ev_charging
ASSET_004,2025-01-02T14:00:00.000000,0.7139972374622375,ev_charging
ASSET_004,2025-01-02T14:30:00.000000,0.3913495037780233,ev_charging
ASSET_004,2025-01-02T15:00:00.000000,0.7903801239094992,ev_charging
ASSET_004,2025-01-02T15:30:00.000000,0.5861189003597532,ev_charging
ASSET_004,2025-01-02T16:00:00.000000,4.322841627373123,ev_charging
ASSET_004,2025-01-02T16:30:00.000000,4.003620442660857,ev_charging
ASSET_004,2025-01-02T17:00:00.000000,3.9153291975120568,ev_charging
ASSET_004,2025-01-02T17:30:00.000000,4.349849069488157,ev_charging
ASSET_004,2025-01-02T18:00:00.000000,4.268963602460009,ev_charging
ASSET_004,2025-01-02T18:30:00.000000,4.034731268790928,ev_charging
ASSET_004,2025-01-02T19:00:00.000000,4.040665299752172,ev_charging
ASSET_004,2025-01-02T19:30:00.000000,4.406195730144563,ev_charging
ASSET_004,2025-01-02T20:00:00.000000,3.982082749628236,ev_charging
ASSET_004,2025-01-02T20:30:00.000000,4.500961151792968,ev_charging
ASSET_004,2025-01-02T21:00:00.000000,0.4349934154020154,ev_charging
ASSET_004,2025-01-02T21:30:00.000000,0.7169625206561073,ev_charging
ASSET_004,2025-01-02T22:00:00.000000,2.3397924006931325,ev_charging
ASSET_004,2025-01-02T22:30:00.000000,2.5105125543375864,ev_charging
ASSET_004,2025-01-02T23:00:00.000000,2.3003105417555068,ev_charging
ASSET_004,2025-01-02T23:30:00.000000,2.3701740139946117,ev_charging
ASSET_004,2025-01-03T00:00:00.000000,2.4074969774921446,ev_charging
ASSET_004,2025-01-03T00:30:00.000000,2.21638494113718,ev_charging
ASSET_004,2025-01-03T01:00:00.000000,2.5357296032859016,ev_charging
ASSET_004,2025-01-03T01:30:00.000000,2.3059719430000274,ev_charging
ASSET_004,2025-01-03T02:00:00.000000,0.5581172297966323,ev_charging
ASSET_004,2025-01-03T02:30:00.000000,0.41782098958065467,ev_charging
ASSET_004,2025-01-03T03:00:00.000000,0.13054386894214481,ev_charging
ASSET_004,2025-01-03T03:30:00.000000,0.5650009849236118,ev_charging
ASSET_004,2025-01-03T04:00:00.000000,1.0420256111740807,ev_charging
ASSET_004,2025-01-03T04:30:00.000000,0.7437507141756022,ev_charging
ASSET_004,2025-01-03T05:00:00.000000,0.596471223284377,ev_charging
ASSET_004,2025-01-03T05:30:00.000000,0.5518346445057709,ev_charging
ASSET_004,2025-01-03T06:00:00.000000,3.6041160725044925,ev_charging
ASSET_004,2025-01-03T06:30:00.000000,3.7002400378874576,ev_charging
ASSET_004,2025-01-03T07:00:00.000000,3.3836582234809147,ev_charging
ASSET_004,2025-01-03T07:30:00.000000,3.8041596533446893,ev_charging
ASSET_004,2025-01-03T08:00:00.000000,3.7310680767219133,ev_charging
ASSET_004,2025-01-03T08:30:00.000000,3.7315818847457747,ev_charging
ASSET_004,2025-01-03T09:00:00.000000,0.6803350192890679,ev_charging
ASSET_004,2025-01-03T09:30:00.000000,0.603594051927506,ev_charging
ASSET_004,2025-01-03T10:00:00.000000,0.7232777907324923,ev_charging
ASSET_004,2025-01-03T10:30:00.000000,0.7084288037890454,ev_charging
ASSET_004,2025-01-03T11:00:00.000000,0.5351346840311624,ev_charging
ASSET_004,2025-01-03T11:30:00.000000,0.4949079608942463,ev_charging
ASSET_004,2025-01-03T12:00:00.000000,0.6186615283819282,ev_charging
ASSET_004,2025-01-03T12:30:00.000000,0.8838026206132255,ev_charging
ASSET_004,2025-01-03T13:00:00.000000,0.37297788221055306,ev_charging
ASSET_004,2025-01-03T13:30:00.000000,0.3311284066674993,ev_charging
ASSET_004,2025-01-03T14:00:00.000000,0.6301865398408333,ev_charging
ASSET_004,2025-01-03T14:30:00.000000,0.6093233539471918,ev_charging
ASSET_004,2025-01-03T15:00:00.000000,0.6317586692221497,ev_charging
ASSET_004,2025-01-03T15:30:00.000000,0.6446957109025216,ev_charging
ASSET_004,2025-01-03T16:00:00.000000,4.159106158347266,ev_charging
ASSET_004,2025-01-03T16:30:00.000000,4.47296426571531,ev_charging
ASSET_004,2025-01-03T17:00:00.000000,3.906691521086267,ev_charging
ASSET_004,2025-01-03T17:30:00.000000,4.048207509388477,ev_charging
ASSET_004,2025-01-03T18:00:00.000000,4.1810822528726925,ev_charging
ASSET_004,2025-01-03T18:30:00.000000,3.898944335670683,ev_charging
ASSET_004,2025-01-03T19:00:00.000000,4.167780960902267,ev_charging
ASSET_004,2025-01-03T19:30:00.000000,4.504405069649455,ev_charging
ASSET_004,2025-01-03T20:00:00.000000,4.203826703034225,ev_charging
ASSET_004,2025-01-03T20:30:00.000000,4.242267701654888,ev_charging
ASSET_004,2025-01-03T21:00:00.000000,0.36911981266659505,ev_charging
ASSET_004,2025-01-03T21:30:00.000000,0.4870737848841957,ev_charging
ASSET_004,2025-01-03T22:00:00.000000,2.331258663176364,ev_charging
ASSET_004,2025-01-03T22:30:00.000000,2.341790055487161,ev_charging
ASSET_004,2025-01-03T23:00:00.000000,2.634815452441762,ev_charging
ASSET_004,2025-01-03T23:30:00.000000,2.502176969339996,ev_charging
ASSET_004,2025-01-04T00:00:00.000000,1.3963650243183223,ev_charging
ASSET_004,2025-01-04T00:30:00.000000,1.6451631969055782,ev_charging
ASSET_004,2025-01-04T01:00:00.000000,1.6912813417781611,ev_charging
ASSET_004,2025-01-04T01:30:00.000000,1.8088915917005035,ev_charging
ASSET_004,2025-01-04T02:00:00.000000,0.6895776329319914,ev_charging
ASSET_004,2025-01-04T02:30:00.000000,0.2140202427115369,ev_charging
ASSET_004,2025-01-04T03:00:00.000000,0.25143932026753446,ev_charging
ASSET_004,2025-01-04T03:30:00.000000,0.1695937708488578,ev_charging
ASSET_004,2025-01-04T04:00:00.000000,0.35712421867075667,ev_charging
ASSET_004,2025-01-04T04:30:00.000000,0.4854435164610606,ev_charging
ASSET_004,2025-01-04T05:00:00.000000,0.5808937882179319,ev_charging
ASSET_004,2025-01-04T05:30:00.000000,0.3860846874540664,ev_charging
ASSET_004,2025-01-04T06:00:00.000000,2.341399364489381,ev_charging
ASSET_004,2025-01-04T06:30:00.000000,2.4278042321512876,ev_charging
ASSET_004,2025-01-04T07:00:00.000000,2.2469898898085,ev_charging
ASSET_004,2025-01-04T07:30:00.000000,2.78283334436765,ev_charging
ASSET_004,2025-01-04T08:00:00.000000,2.1054535332458704,ev_charging
ASSET_004,2025-01-04T08:30:00.000000,2.4338471132048243,ev_charging
ASSET_004,2025-01-04T09:00:00.000000,0.7707535680231448,ev_charging
ASSET_004,2025-01-04T09:30:00.000000,0.4012458286640282,ev_charging
ASSET_004,2025-01-04T10:00:00.000000,0.36518213394436905,ev_charging
ASSET_004,2025-01-04T10:30:00.000000,0.3345108921779467,ev_charging
ASSET_004,2025-01-04T11:00:00.000000,0.36694966687710173,ev_charging
ASSET_004,2025-01-04T11:30:00.000000,0.6515254526818072,ev_charging
ASSET_004,2025-01-04T12:00:00.000000,0.0,ev_charging
ASSET_004,2025-01-04T12:30:00.000000,0.6809469602732197,ev_charging
ASSET_004,2025-01-04T13:00:00.000000,0.13911070742609838,ev_charging
ASSET_004,2025-01-04T13:30:00.000000,0.3511454839652662,ev_charging
ASSET_004,2025-01-04T14:00:00.000000,0.32135629013813805,ev_charging
ASSET_004,2025-01-04T14:30:00.000000,0.5078313669258497,ev_charging
ASSET_004,2025-01-04T15:00:00.000000,0.10720078838701336,ev_charging
ASSET_004,2025-01-04T15:30:00.000000,0.4846766348928703,ev_charging
ASSET_004,2025-01-04T16:00:00.000000,3.170882441695056,ev_charging
ASSET_004,2025-01-04T16:30:00.000000,2.550247048444246,ev_charging
ASSET_004,2025-01-04T17:00:00.000000,2.8347568799943335,ev_charging
ASSET_004,2025-01-04T17:30:00.000000,2.678715408139407,ev_charging
ASSET_004,2025-01-04T18:00:00.000000,2.87802862027751,ev_charging
ASSET_004,2025-01-04T18:30:00.000000,2.8035081463622435,ev_charging
ASSET_004,2025-01-04T19:00:00.000000,2.682470434164382,ev_charging
ASSET_004,2025-01-04T19:30:00.000000,2.889385172192451,ev_charging
ASSET_004,2025-01-04T20:00:00.000000,3.1305823501145,ev_charging
ASSET_004,2025-01-04T20:30:00.000000,2.7650236981585343,ev_charging
ASSET_004,2025-01-04T21:00:00.000000,0.5318699372578634,ev_charging
ASSET_004,2025-01-04T21:30:00.000000,0.1630539187900332,ev_charging
ASSET_004,2025-01-04T22:00:00.000000,1.4247671923901293,ev_charging
ASSET_004,2025-01-04T22:30:00.000000,1.686551578768798,ev_charging
ASSET_004,2025-01-04T23:00:00.000000,1.8719112580853394,ev_charging
ASSET_004,2025-01-04T23:30:00.000000,1.66515344568823,ev_charging
ASSET_004,2025-01-05T00:00:00.000000,1.5426432965505792,ev_charging
ASSET_004,2025-01-05T00:30:00.000000,1.599870175350779,ev_charging
ASSET_004,2025-01-05T01:00:00.000000,1.3709074401691197,ev_charging
ASSET_004,2025-01-05T01:30:00.000000,1.7107558437215369,ev_charging
ASSET_004,2025-01-05T02:00:00.000000,0.5616560217756819,ev_charging
ASSET_004,2025-01-05T02:30:00.000000,0.3171705925916535,ev_charging
ASSET_004,2025-01-05T03:00:00.000000,0.3138815636426342,ev_charging
ASSET_004,2025-01-05T03:30:00.000000,0.44871268993267893,ev_charging
ASSET_004,2025-01-05T04:00:00.000000,0.3199867055039909,ev_charging
ASSET_004,2025-01-05T04:30:00.000000,0.38788356024891185,ev_charging
ASSET_004,2025-01-05T05:00:00.000000,0.7846990278008652,ev_charging
ASSET_004,2025-01-05T05:30:00.000000,0.3547413626847513,ev_charging
ASSET_004,2025-01-05T06:00:00.000000,2.3343469650046837,ev_charging
ASSET_004,2025-01-05T06:30:00.000000,2.2813610906104156,ev_charging
ASSET_004,2025-01-05T07:00:00.000000,2.536346600492667,ev_charging
ASSET_004,2025-01-05T07:30:00.000000,2.3667971425496837,ev_charging
ASSET_004,2025-01-05T08:00:00.000000,2.2810255826218246,ev_charging
ASSET_004,2025-01-05T08:30:00.000000,2.6420817744843057,ev_charging
ASSET_004,2025-01-05T09:00:00.000000,0.66009155046982,ev_charging
ASSET_004,2025-01-05T09:30:00.000000,0.28999382527715867,ev_charging
ASSET_004,2025-01-05T10:00:00.000000,0.05802321605428706,ev_charging
ASSET_004,2025-01-05T10:30:00.000000,0.5845909010308361,ev_charging
ASSET_004,2025-01-05T11:00:00.000000,0.27456603549468495,ev_charging
ASSET_004,2025-01-05T11:30:00.000000,0.5448539044180358,ev_charging
ASSET_004,2025-01-05T12:00:00.000000,0.03904883625493866,ev_charging
ASSET_004,2025-01-05T12:30:00.000000,0.5635365837669806,ev_charging
ASSET_004,2025-01-05T13:00:00.000000,0.17809600009962828,ev_charging
ASSET_004,2025-01-05T13:30:00.000000,0.5338864261004026,ev_charging
ASSET_004,2025-01-05T14:00:00.000000,0.4026150299286038,ev_charging
ASSET_004,2025-01-05T14:30:00.000000,0.22522467066054327,ev_charging
ASSET_004,2025-01-05T15:00:00.000000,0.3254251326673434,ev_charging
ASSET_004,2025-01-05T15:30:00.000000,0.5257433458638527,ev_charging
ASSET_004,2025-01-05T16:00:00.000000,2.819401376588613,ev_charging
ASSET_004,2025-01-05T16:30:00.000000,2.907072806779423,ev_charging
ASSET_004,2025-01-05T17:00:00.000000,3.1621121499487304,ev_charging
ASSET_004,2025-01-05T17:30:00.000000,2.513408590425797,ev_charging
ASSET_004,2025-01-05T18:00:00.000000,3.0962964467710377,ev_charging
ASSET_004,2025-01-05T18:30:00.000000,2.8191194985533605,ev_charging
ASSET_004,2025-01-05T19:00:00.000000,2.6353299225750844,ev_charging
ASSET_004,2025-01-05T19:30:00.000000,2.5562675392842498,ev_charging
ASSET_004,2025-01-05T20:00:00.000000,2.7653504426897797,ev_charging
ASSET_004,2025-01-05T20:30:00.000000,2.9688594669347315,ev_charging
ASSET_004,2025-01-05T21:00:00.000000,0.37663117901654464,ev_charging
ASSET_004,2025-01-05T21:30:00.000000,0.6768651711488891,ev_charging
ASSET_004,2025-01-05T22:00:00.000000,1.334123882501268,ev_charging
ASSET_004,2025-01-05T22:30:00.000000,1.597785132055348,ev_charging
ASSET_004,2025-01-05T23:00:00.000000,1.3705436296485964,ev_charging
ASSET_004,2025-01-05T23:30:00.000000,1.6666225556380745,ev_charging
ASSET_004,2025-01-06T00:00:00.000000,2.562490439685684,ev_charging
ASSET_004,2025-01-06T00:30:00.000000,2.322910428514864,ev_charging
ASSET_004,2025-01-06T01:00:00.000000,1.922870818410814,ev_charging
ASSET_004,2025-01-06T01:30:00.000000,2.4364501426095004,ev_charging
ASSET_004,2025-01-06T02:00:00.000000,0.6800167417997466,ev_charging
ASSET_004,2025-01-06T02:30:00.000000,0.6740725747483396,ev_charging
ASSET_004,2025-01-06T03:00:00.000000,0.8264129515731304,ev_charging
ASSET_004,2025-01-06T03:30:00.000000,0.4037676651214421,ev_charging
ASSET_004,2025-01-06T04:00:00.000000,0.7246253078914573,ev_charging
ASSET_004,2025-01-06T04:30:00.000000,0.8184844121075718,ev_charging
ASSET_004,2025-01-06T05:00:00.000000,0.2741373462159488,ev_charging
ASSET_004,2025-01-06T05:30:00.000000,0.6585647809630126,ev_charging
ASSET_004,2025-01-06T06:00:00.000000,3.50762705239038,ev_charging
ASSET_004,2025-01-06T06:30:00.000000,3.5850638816781624,ev_charging
ASSET_004,2025-01-06T07:00:00.000000,3.6636992985911307,ev_charging
ASSET_004,2025-01-06T07:30:00.000000,3.510732766646338,ev_charging
ASSET_004,2025-01-06T08:00:00.000000,3.4762006269250327,ev_charging
ASSET_004,2025-01-06T08:30:00.000000,3.606257210775484,ev_charging
ASSET_004,2025-01-06T09:00:00.000000,0.4008010119154936,ev_charging
ASSET_004,2025-01-06T09:30:00.000000,0.40106132460067845,ev_charging
ASSET_004,2025-01-06T10:00:00.000000,0.7244708907702451,ev_charging
ASSET_004,2025-01-06T10:30:00.000000,0.3895245214155747,ev_charging
ASSET_004,2025-01-06T11:00:00.000000,0.7220779689165806,ev_charging
ASSET_004,2025-01-06T11:30:00.000000,0.6847533332978846,ev_charging
ASSET_004,2025-01-06T12:00:00.000000,0.2838075529037227,ev_charging
ASSET_004,2025-01-06T12:30:00.000000,0.47586047619707456,ev_charging
ASSET_004,2025-01-06T13:00:00.000000,0.8187779013440365,ev_charging
ASSET_004,2025-01-06T13:30:00.000000,0.4202364580447654,ev_charging
ASSET_004,2025-01-06T14:00:00.000000,0.5149145047983157,ev_charging
ASSET_004,2025-01-06T14:30:00.000000,0.6846561565136511,ev_charging
ASSET_004,2025-01-06T15:00:00.000000,0.7435283325935612,ev_charging
ASSET_004,2025-01-06T15:30:00.000000,0.5539144826639906,ev_charging
ASSET_004,2025-01-06T16:00:00.000000,4.090527596472567,ev_charging
ASSET_004,2025-01-06T16:30:00.000000,4.46059847823262,ev_charging
ASSET_004,2025-01-06T17:00:00.000000,4.518591259831485,ev_charging
ASSET_004,2025-01-06T17:30:00.000000,4.379340778589665,ev_charging
ASSET_004,2025-01-06T18:00:00.000000,4.21563150254852,ev_charging
ASSET_004,2025-01-06T18:30:00.000000,4.051914173142216,ev_charging
ASSET_004,2025-01-06T19:00:00.000000,4.047850721227315,ev_charging
ASSET_004,2025-01-06T19:30:00.000000,4.295732048571905,ev_charging
ASSET_004,2025-01-06T20:00:00.000000,4.276656531184249,ev_charging
ASSET_004,2025-01-06T20:30:00.000000,4.456792885064829,ev_charging
ASSET_004,2025-01-06T21:00:00.000000,0.7191717490967998,ev_charging
ASSET_004,2025-01-06T21:30:00.000000,0.32461421614186187,ev_charging
ASSET_004,2025-01-06T22:00:00.000000,2.592731831389949,ev_charging
ASSET_004,2025-01-06T22:30:00.000000,2.217141035067038,ev_charging
ASSET_004,2025-01-06T23:00:00.000000,2.329650977674444,ev_charging
ASSET_004,2025-01-06T23:30:00.000000,2.445840252073971,ev_charging
ASSET_004,2025-01-07T00:00:00.000000,2.7656347936639905,ev_charging
ASSET_004,2025-01-07T00:30:00.000000,2.969781506868125,ev_charging
ASSET_004,2025-01-07T01:00:00.000000,2.511160331906022,ev_charging
ASSET_004,2025-01-07T01:30:00.000000,2.366435762355872,ev_charging
ASSET_004,2025-01-07T02:00:00.000000,0.6979290705966151,ev_charging
ASSET_004,2025-01-07T02:30:00.000000,0.7626311548118849,ev_charging
ASSET_004,2025-01-07T03:00:00.000000,0.5412491100318431,ev_charging
ASSET_004,2025-01-07T03:30:00.000000,0.9289083662796505,ev_charging
ASSET_004,2025-01-07T04:00:00.000000,0.6421522498089961,ev_charging
ASSET_004,2025-01-07T04:30:00.000000,0.6911936445371019,ev_charging
ASSET_004,2025-01-07T05:00:00.000000,0.7220068361799781,ev_charging
ASSET_004,2025-01-07T05:30:00.000000,0.6772406897304342,ev_charging
ASSET_004,2025-01-07T06:00:00.000000,3.753705884550325,ev_charging
ASSET_004,2025-01-07T06:30:00.000000,3.4869103983219385,ev_charging
ASSET_004,2025-01-07T07:00:00.000000,3.4977111429377445,ev_charging
ASSET_004,2025-01-07T07:30:00.000000,3.3984360280305426,ev_charging
ASSET_004,2025-01-07T08:00:00.000000,3.680522904038634,ev_charging
ASSET_004,2025-01-07T08:30:00.000000,3.7427122951077547,ev_charging
ASSET_004,2025-01-07T09:00:00.000000,0.6838705286913991,ev_charging
ASSET_004,2025-01-07T09:30:00.000000,0.9067909351097452,ev_charging
ASSET_004,2025-01-07T10:00:00.000000,0.5989747294073925,ev_charging
ASSET_004,2025-01-07T10:30:00.000000,0.7225230247567711,ev_charging
ASSET_004,2025-01-07T11:00:00.000000,0.39998480376447554,ev_charging
ASSET_004,2025-01-07T11:30:00.000000,0.5290778045109401,ev_charging
ASSET_004,2025-01-07T12:00:00.000000,0.72743245343973,ev_charging
ASSET_004,2025-01-07T12:30:00.000000,0.7555676367182975,ev_charging
ASSET_004,2025-01-07T13:00:00.000000,0.546141055660098,ev_charging
ASSET_004,2025-01-07T13:30:00.000000,0.586881994213147,ev_charging
ASSET_004,2025-01-07T14:00:00.000000,0.32190384569740876,ev_charging
ASSET_004,2025-01-07T14:30:00.000000,0.5345871499950747,ev_charging
ASSET_004,2025-01-07T15:00:00.000000,0.7631309153163037,ev_charging
ASSET_004,2025-01-07T15:30:00.000000,0.7053857761652388,ev_charging
ASSET_004,2025-01-07T16:00:00.000000,4.291729112524486,ev_charging
ASSET_004,2025-01-07T16:30:00.000000,4.209119250544226,ev_charging
ASSET_004,2025-01-07T17:00:00.000000,4.201294071562948,ev_charging
ASSET_004,2025-01-07T17:30:00.000000,4.0790197340893295,ev_charging
ASSET_004,2025-01-07T18:00:00.000000,4.32803534984425,ev_charging
ASSET_004,2025-01-07T18:30:00.000000,4.277128257311342,ev_charging
ASSET_004,2025-01-07T19:00:00.000000,4.290144881792966,ev_charging
ASSET_004,2025-01-07T19:30:00.000000,4.103622902039833,ev_charging
ASSET_004,2025-01-07T20:00:00.000000,3.805476815037876,ev_charging
ASSET_004,2025-01-07T20:30:00.000000,4.401014050403445,ev_charging
ASSET_004,2025-01-07T21:00:00.000000,0.5122701375241745,ev_charging
ASSET_004,2025-01-07T21:30:00.000000,0.4419271546592425,ev_charging
ASSET_004,2025-01-07T22:00:00.000000,2.5270552435042424,ev_charging
ASSET_004,2025-01-07T22:30:00.000000,2.328177684186245,ev_charging
ASSET_004,2025-01-07T23:00:00.000000,2.5941954875056847,ev_charging
ASSET_004,2025-01-07T23:30:00.000000,2.513044304333159,ev_charging
ASSET_004,2025-01-08T00:00:00.000000,2.525239665286373,ev_charging
ASSET_004,2025-01-08T00:30:00.000000,2.1497374000550447,ev_charging
ASSET_004,2025-01-08T01:00:00.000000,2.622045451608294,ev_charging
ASSET_004,2025-01-08T01:30:00.000000,2.4478648294724885,ev_charging
ASSET_004,2025-01-08T02:00:00.000000,0.5323431527023921,ev_charging
ASSET_004,2025-01-08T02:30:00.000000,0.6262708156237767,ev_charging
ASSET_004,2025-01-08T03:00:00.000000,0.27456833054398627,ev_charging
ASSET_004,2025-01-08T03:30:00.000000,0.6748710329605657,ev_charging
ASSET_004,2025-01-08T04:00:00.000000,0.4114044343937847,ev_charging
ASSET_004,2025-01-08T04:30:00.000000,0.35217147977223806,ev_charging
ASSET_004,2025-01-08T05:00:00.000000,0.3210820490965077,ev_charging
ASSET_004,2025-01-08T05:30:00.000000,0.8038604058463684,ev_charging
ASSET_004,2025-01-08T06:00:00.000000,3.484709956798428,ev_charging
ASSET_004,2025-01-08T06:30:00.000000,3.881000826852558,ev_charging
ASSET_004,2025-01-08T07:00:00.000000,3.5018335176622037,ev_charging
ASSET_004,2025-01-08T07:30:00.000000,3.287187631341006,ev_charging
ASSET_004,2025-01-08T08:00:00.000000,3.395436772252263,ev_charging
ASSET_004,2025-01-08T08:30:00.000000,3.8264183432369854,ev_charging
ASSET_004,2025-01-08T09:00:00.000000,0.5714372266851748,ev_charging
ASSET_004,2025-01-08T09:30:00.000000,0.4995459346072577,ev_charging
ASSET_004,2025-01-08T10:00:00.000000,0.6293176249508857,ev_charging
ASSET_004,2025-01-08T10:30:00.000000,0.6919337655906966,ev_charging
ASSET_004,2025-01-08T11:00:00.000000,0.804723425913558,ev_charging
ASSET_004,2025-01-08T11:30:00.000000,0.8653857517625254,ev_charging
ASSET_004,2025-01-08T12:00:00.000000,0.5340852445393568,ev_charging
ASSET_004,2025-01-08T12:30:00.000000,0.3570491203713979,ev_charging
ASSET_004,2025-01-08T13:00:00.000000,0.5242472758370569,ev_charging
ASSET_004,2025-01-08T13:30:00.000000,0.647687107098936,ev_charging
ASSET_004,2025-01-08T14:00:00.000000,0.42342559673355584,ev_charging
ASSET_004,2025-01-08T14:30:00.000000,0.4246362788067296,ev_charging
ASSET_004,2025-01-08T15:00:00.000000,0.6629868511553897,ev_charging
ASSET_004,2025-01-08T15:30:00.000000,0.5910861941586995,ev_charging
ASSET_004,2025-01-08T16:00:00.000000,4.206008878087909,ev_charging
ASSET_004,2025-01-08T16:30:00.000000,4.061032819035309,ev_charging
ASSET_004,2025-01-08T17:00:00.000000,4.15778729771873,ev_charging
ASSET_004,2025-01-08T17:30:00.000000,4.0306672846394145,ev_charging
ASSET_004,2025-01-08T18:00:00.000000,4.36309706603822,ev_charging
ASSET_004,2025-01-08T18:30:00.000000,4.389672467397602,ev_charging
ASSET_004,2025-01-08T19:00:00.000000,3.861752009525664,ev_charging
ASSET_004,2025-01-08T19:30:00.000000,4.029700331686176,ev_charging
ASSET_004,2025-01-08T20:00:00.000000,3.925814461478139,ev_charging
ASSET_004,2025-01-08T20:30:00.000000,4.080906329160451,ev_charging
ASSET_004,2025-01-08T21:00:00.000000,0.5847129719634089,ev_charging
ASSET_004,2025-01-08T21:30:00.000000,0.33440428653380494,ev_charging
ASSET_004,2025-01-08T22:00:00.000000,2.2311021128095407,ev_charging
ASSET_004,2025-01-08T22:30:00.000000,2.216060667186497,ev_charging
ASSET_004,2025-01-08T23:00:00.000000,2.437974335707735,ev_charging
ASSET_004,2025-01-08T23:30:00.000000,2.412704873178427,ev_charging
ASSET_004,2025-01-09T00:00:00.000000,2.2677673696921388,ev_charging
ASSET_004,2025-01-09T00:30:00.000000,2.432396109788397,ev_charging
ASSET_004,2025-01-09T01:00:00.000000,2.2998403987881186,ev_charging
ASSET_004,2025-01-09T01:30:00.000000,2.3502289030009766,ev_charging
ASSET_004,2025-01-09T02:00:00.000000,0.9066003294011249,ev_charging
ASSET_004,2025-01-09T02:30:00.000000,0.8455916141315888,ev_charging
ASSET_004,2025-01-09T03:00:00.000000,0.36189815194862224,ev_charging
ASSET_004,2025-01-09T03:30:00.000000,0.7520188322757202,ev_charging
ASSET_004,2025-01-09T04:00:00.000000,0.7486594401622095,ev_charging
ASSET_004,2025-01-09T04:30:00.000000,0.38962176173925234,ev_charging
ASSET_004,2025-01-09T05:00:00.000000,0.7500117611593726,ev_charging
ASSET_004,2025-01-09T05:30:00.000000,0.8817710979091571,ev_charging
ASSET_004,2025-01-09T06:00:00.000000,3.394333755141648,ev_charging
ASSET_004,2025-01-09T06:30:00.000000,3.4319003760070292,ev_charging
ASSET_004,2025-01-09T07:00:00.000000,3.7864501187466844,ev_charging
ASSET_004,2025-01-09T07:30:00.000000,3.6497418194476987,ev_charging
ASSET_004,2025-01-09T08:00:00.000000,3.7010383318563838,ev_charging
ASSET_004,2025-01-09T08:30:00.000000,3.662400810004805,ev_charging
ASSET_004,2025-01-09T09:00:00.000000,0.671581074084335,ev_charging
ASSET_004,2025-01-09T09:30:00.000000,0.3569713564915765,ev_charging
ASSET_004,2025-01-09T10:00:00.000000,0.7918835655345725,ev_charging
ASSET_004,2025-01-09T10:30:00.000000,0.8142855950412313,ev_charging
ASSET_004,2025-01-09T11:00:00.000000,0.5579723386761077,ev_charging
ASSET_004,2025-01-09T11:30:00.000000,0.5920344016948174,ev_charging
ASSET_004,2025-01-09T12:00:00.000000,0.3194792325674694,ev_charging
ASSET_004,2025-01-09T12:30:00.000000,0.6942188177989819,ev_charging
ASSET_004,2025-01-09T13:00:00.000000,0.7048090955711985,ev_charging
ASSET_004,2025-01-09T13:30:00.000000,0.5886057172426262,ev_charging
ASSET_004,2025-01-09T14:00:00.000000,0.8059975977191314,ev_charging
ASSET_004,2025-01-09T14:30:00.000000,0.5387922787526037,ev_charging
ASSET_004,2025-01-09T15:00:00.000000,0.7034438714226489,ev_charging
ASSET_004,2025-01-09T15:30:00.000000,0.4131829265181945,ev_charging
ASSET_004,2025-01-09T16:00:00.000000,4.1956849095005415,ev_charging
ASSET_004,2025-01-09T16:30:00.000000,4.168055809177088,ev_charging
ASSET_004,2025-01-09T17:00:00.000000,4.241279630002501,ev_charging
ASSET_004,2025-01-09T17:30:00.000000,4.132297387681603,ev_charging
ASSET_004,2025-01-09T18:00:00.000000,4.175912342293013,ev_charging
ASSET_004,2025-01-09T18:30:00.000000,4.351343642481962,ev_charging
ASSET_004,2025-01-09T19:00:00.000000,4.119978552248855,ev_charging
ASSET_004,2025-01-09T19:30:00.000000,3.905652124043235,ev_charging
ASSET_004,2025-01-09T20:00:00.000000,4.5205487653062075,ev_charging
ASSET_004,2025-01-09T20:30:00.000000,4.453102122274364,ev_charging
ASSET_004,2025-01-09T21:00:00.000000,0.3632390133610062,ev_charging
ASSET_004,2025-01-09T21:30:00.000000,0.726364322889566,ev_charging
ASSET_004,2025-01-09T22:00:00.000000,2.307847836681129,ev_charging
ASSET_004,2025-01-09T22:30:00.000000,2.448274621951726,ev_charging
ASSET_004,2025-01-09T23:00:00.000000,2.453906063637115,ev_charging
ASSET_004,2025-01-09T23:30:00.000000,2.357053142299188,ev_charging
ASSET_004,2025-01-10T00:00:00.000000,2.2564029334122067,ev_charging
ASSET_004,2025-01-10T00:30:00.000000,2.273483014343485,ev_charging
ASSET_004,2025-01-10T01:00:00.000000,2.232140552627901,ev_charging
ASSET_004,2025-01-10T01:30:00.000000,2.247598288277779,ev_charging
ASSET_004,2025-01-10T02:00:00.000000,0.5876919775731002,ev_charging
ASSET_004,2025-01-10T02:30:00.000000,0.4688625448522087,ev_charging
ASSET_004,2025-01-10T03:00:00.000000,0.7249616820394907,ev_charging
ASSET_004,2025-01-10T03:30:00.000000,0.8724847420311896,ev_charging
ASSET_004,2025-01-10T04:00:00.000000,0.49372595970613137,ev_charging
ASSET_004,2025-01-10T04:30:00.000000,0.6438623245623745,ev_charging
ASSET_004,2025-01-10T05:00:00.000000,0.6915494505662161,ev_charging
ASSET_004,2025-01-10T05:30:00.000000,0.6864775589219956,ev_charging
ASSET_004,2025-01-10T06:00:00.000000,3.613916090157483,ev_charging
ASSET_004,2025-01-10T06:30:00.000000,3.7360700287923345,ev_charging
ASSET_004,2025-01-10T07:00:00.000000,3.6883548974018487,ev_charging
ASSET_004,2025-01-10T07:30:00.000000,3.3732425633378913,ev_charging
ASSET_004,2025-01-10T08:00:00.000000,3.7592418075113203,ev_charging
ASSET_004,2025-01-10T08:30:00.000000,3.7625643569706564,ev_charging
ASSET_004,2025-01-10T09:00:00.000000,0.46015508162728125,ev_charging
ASSET_004,2025-01-10T09:30:00.000000,0.6069507534230785,ev_charging
ASSET_004,2025-01-10T10:00:00.000000,0.7251956333257423,ev_charging
ASSET_004,2025-01-10T10:30:00.000000,0.5616507180556384,ev_charging
ASSET_004,2025-01-10T11:00:00.000000,0.7965849066085586,ev_charging
ASSET_004,2025-01-10T11:30:00.000000,1.033095210621333,ev_charging
ASSET_004,2025-01-10T12:00:00.000000,0.45599613044937637,ev_charging
ASSET_004,2025-01-10T12:30:00.000000,0.3469728994936119,ev_charging
ASSET_004,2025-01-10T13:00:00.000000,0.6556639069804647,ev_charging
ASSET_004,2025-01-10T13:30:00.000000,0.732200558974897,ev_charging
ASSET_004,2025-01-10T14:00:00.000000,0.5577019822205833,ev_charging
ASSET_004,2025-01-10T14:30:00.000000,0.8662581143870324,ev_charging
ASSET_004,2025-01-10T15:00:00.000000,0.3547482945507047,ev_charging
ASSET_004,2025-01-10T15:30:00.000000,0.726952590576863,ev_charging
ASSET_004,2025-01-10T16:00:00.000000,4.088997642482389,ev_charging
ASSET_004,2025-01-10T16:30:00.000000,4.515014594958695,ev_charging
ASSET_004,2025-01-10T17:00:00.000000,4.565057277205445,ev_charging
ASSET_004,2025-01-10T17:30:00.000000,4.059537560881123,ev_charging
ASSET_004,2025-01-10T18:00:00.000000,4.099313281885321,ev_charging
ASSET_004,2025-01-10T18:30:00.000000,4.357488780721657,ev_charging
ASSET_004,2025-01-10T19:00:00.000000,4.129072134520707,ev_charging
ASSET_004,2025-01-10T19:30:00.000000,4.191680016143129,ev_charging
ASSET_004,2025-01-10T20:00:00.000000,4.204651521335092,ev_charging
ASSET_004,2025-01-10T20:30:00.000000,3.848288453882358,ev_charging
ASSET_004,2025-01-10T21:00:00.000000,0.5974647272334487,ev_charging
ASSET_004,2025-01-10T21:30:00.000000,0.4736320185375281,ev_charging
ASSET_004,2025-01-10T22:00:00.000000,2.309652854324613,ev_charging
ASSET_004,2025-01-10T22:30:00.000000,2.664494006349822,ev_charging
ASSET_004,2025-01-10T23:00:00.000000,2.1697899868695503,ev_charging
ASSET_004,2025-01-10T23:30:00.000000,2.548990807429183,ev_charging
ASSET_004,2025-01-11T00:00:00.000000,1.5488900059784938,ev_charging
ASSET_004,2025-01-11T00:30:00.000000,1.5487439405577275,ev_charging
ASSET_004,2025-01-11T01:00:00.000000,1.7448074223837602,ev_charging
ASSET_004,2025-01-11T01:30:00.000000,1.6623022550406574,ev_charging
ASSET_004,2025-01-11T02:00:00.000000,0.5045444527048641,ev_charging
ASSET_004,2025-01-11T02:30:00.000000,0.5773852610190564,ev_charging
ASSET_004,2025-01-11T03:00:00.000000,0.3392995712239127,ev_charging
ASSET_004,2025-01-11T03:30:00.000000,0.2878294839991158,ev_charging
ASSET_004,2025-01-11T04:00:00.000000,0.20118492138423197,ev_charging
ASSET_004,2025-01-11T04:30:00.000000,0.24877299932885572,ev_charging
ASSET_004,2025-01-11T05:00:00.000000,0.9403162286369201,ev_charging
ASSET_004,2025-01-11T05:30:00.000000,0.6280430803278471,ev_charging
ASSET_004,2025-01-11T06:00:00.000000,2.1524638750483165,ev_charging
ASSET_004,2025-01-11T06:30:00.000000,2.157706810068053,ev_charging
ASSET_004,2025-01-11T07:00:00.000000,2.4882847463077096,ev_charging
ASSET_004,2025-01-11T07:30:00.000000,2.5002667289481777,ev_charging
ASSET_004,2025-01-11T08:00:00.000000,2.500563359827789,ev_charging
ASSET_004,2025-01-11T08:30:00.000000,2.3532884563953407,ev_charging
ASSET_004,2025-01-11T09:00:00.000000,0.3770149873637544,ev_charging
ASSET_004,2025-01-11T09:30:00.000000,0.4600722128191966,ev_charging
ASSET_004,2025-01-11T10:00:00.000000,0.4157368257958852,ev_charging
ASSET_004,2025-01-11T10:30:00.000000,0.0,ev_charging
ASSET_004,2025-01-11T11:00:00.000000,0.3578974248267591,ev_charging
ASSET_004,2025-01-11T11:30:00.000000,0.24401017829444968,ev_charging
ASSET_004,2025-01-11T12:00:00.000000,0.4321012349643096,ev_charging
ASSET_004,2025-01-11T12:30:00.000000,0.9469420958341249,ev_charging
ASSET_004,2025-01-11T13:00:00.000000,0.4673278908529708,ev_charging
ASSET_004,2025-01-11T13:30:00.000000,0.34255688249769994,ev_charging
ASSET_004,2025-01-11T14:00:00.000000,0.568887203755118,ev_charging
ASSET_004,2025-01-11T14:30:00.000000,0.48843531647797367,ev_charging
ASSET_004,2025-01-11T15:00:00.000000,0.47696731200064096,ev_charging
ASSET_004,2025-01-11T15:30:00.000000,0.5111836979712998,ev_charging
ASSET_004,2025-01-11T16:00:00.000000,3.1767881602705557,ev_charging
ASSET_004,2025-01-11T16:30:00.000000,2.592805083099216,ev_charging
ASSET_004,2025-01-11T17:00:00.000000,2.8867761626443844,ev_charging
ASSET_004,2025-01-11T17:30:00.000000,2.63027374297124,ev_charging
ASSET_004,2025-01-11T18:00:00.000000,2.901777852704848,ev_charging
ASSET_004,2025-01-11T18:30:00.000000,2.6316835070027267,ev_charging
ASSET_004,2025-01-11T19:00:00.000000,2.723532437364497,ev_charging
ASSET_004,2025-01-11T19:30:00.000000,2.7459353121414125,ev_charging
ASSET_004,2025-01-11T20:00:00.000000,2.9787835632227986,ev_charging
ASSET_004,2025-01-11T20:30:00.000000,2.968273974908021,ev_charging
ASSET_004,2025-01-11T21:00:00.000000,0.17176678067250167,ev_charging
ASSET_004,2025-01-11T21:30:00.000000,0.4100647139081866,ev_charging
ASSET_004,2025-01-11T22:00:00.000000,1.4699948337548838,ev_charging
ASSET_004,2025-01-11T22:30:00.000000,1.3694239217226978,ev_charging
ASSET_004,2025-01-11T23:00:00.000000,1.560239376118678,ev_charging
ASSET_004,2025-01-11T23:30:00.000000,1.543481546257916,ev_charging
ASSET_004,2025-01-12T00:00:00.000000,2.044609127676876,ev_charging
ASSET_004,2025-01-12T00:30:00.000000,1.6793244251464419,ev_charging
ASSET_004,2025-01-12T01:00:00.000000,1.347600793611813,ev_charging
ASSET_004,2025-01-12T01:30:00.000000,1.4965253342358238,ev_charging
ASSET_004,2025-01-12T02:00:00.000000,0.5871320109126006,ev_charging
ASSET_004,2025-01-12T02:30:00.000000,0.7826325508865257,ev_charging
ASSET_004,2025-01-12T03:00:00.000000,0.10942520029354547,ev_charging
ASSET_004,2025-01-12T03:30:00.000000,0.05557099657988207,ev_charging
ASSET_004,2025-01-12T04:00:00.000000,0.7427875482020445,ev_charging
ASSET_004,2025-01-12T04:30:00.000000,0.4713828832111692,ev_charging
ASSET_004,2025-01-12T05:00:00.000000,0.24091636733836572,ev_charging
ASSET_004,2025-01-12T05:30:00.000000,0.4979516861360034,ev_charging
ASSET_004,2025-01-12T06:00:00.000000,1.9170933606729794,ev_charging
ASSET_004,2025-01-12T06:30:00.000000,2.4006184410301232,ev_charging
ASSET_004,2025-01-12T07:00:00.000000,2.4600615220244655,ev_charging
ASSET_004,2025-01-12T07:30:00.000000,2.569339493422467,ev_charging
ASSET_004,2025-01-12T08:00:00.000000,2.2142397773121174,ev_charging
ASSET_004,2025-01-12T08:30:00.000000,2.4156991120714015,ev_charging
ASSET_004,2025-01-12T09:00:00.000000,0.23044898815408274,ev_charging
ASSET_004,2025-01-12T09:30:00.000000,0.4467899523789017,ev_charging
ASSET_004,2025-01-12T10:00:00.000000,0.23595976308134592,ev_charging
ASSET_004,2025-01-12T10:30:00.000000,0.32523009625385957,ev_charging
ASSET_004,2025-01-12T11:00:00.000000,0.21755239374021873,ev_charging
ASSET_004,2025-01-12T11:30:00.000000,0.5192974614484058,ev_charging
ASSET_004,2025-01-12T12:00:00.000000,0.557280508158882,ev_charging
ASSET_004,2025-01-12T12:30:00.000000,0.35701415986137386,ev_charging
ASSET_004,2025-01-12T13:00:00.000000,0.4070057469337481,ev_charging
ASSET_004,2025-01-12T13:30:00.000000,0.13459735867606848,ev_charging
ASSET_004,2025-01-12T14:00:00.000000,0.3450949569901851,ev_charging
ASSET_004,2025-01-12T14:30:00.000000,0.39080179694913747,ev_charging
ASSET_004,2025-01-12T15:00:00.000000,0.880166734177992,ev_charging
ASSET_004,2025-01-12T15:30:00.000000,0.19627175563494786,ev_charging
ASSET_004,2025-01-12T16:00:00.000000,3.0682581869571433,ev_charging
ASSET_004,2025-01-12T16:30:00.000000,2.9826387681385573,ev_charging
ASSET_004,2025-01-12T17:00:00.000000,2.851416598394086,ev_charging
ASSET_004,2025-01-12T17:30:00.000000,3.122204395854323,ev_charging
ASSET_004,2025-01-12T18:00:00.000000,2.8681750383740434,ev_charging
ASSET_004,2025-01-12T18:30:00.000000,2.8712995240634456,ev_charging
ASSET_004,2025-01-12T19:00:00.000000,2.790267537500714,ev_charging
ASSET_004,2025-01-12T19:30:00.000000,3.024175298814556,ev_charging
ASSET_004,2025-01-12T20:00:00.000000,3.0008888274803516,ev_charging
ASSET_004,2025-01-12T20:30:00.000000,2.68536698268373,ev_charging
ASSET_004,2025-01-12T21:00:00.000000,0.15829506756101153,ev_charging
ASSET_004,2025-01-12T21:30:00.000000,0.3628110475057243,ev_charging
ASSET_004,2025-01-12T22:00:00.000000,1.4534215058800026,ev_charging
ASSET_004,2025-01-12T22:30:00.000000,1.588361390436544,ev_charging
ASSET_004,2025-01-12T23:00:00.000000,1.8267163439617728,ev_charging
ASSET_004,2025-01-12T23:30:00.000000,1.5162158039073133,ev_charging
ASSET_004,2025-01-13T00:00:00.000000,2.3921541447811294,ev_charging
ASSET_004,2025-01-13T00:30:00.000000,2.4106305939131096,ev_charging
ASSET_004,2025-01-13T01:00:00.000000,2.5554446580611825,ev_charging
ASSET_004,2025-01-13T01:30:00.000000,1.9883377755949632,ev_charging
ASSET_004,2025-01-13T02:00:00.000000,0.4888438388519295,ev_charging
ASSET_004,2025-01-13T02:30:00.000000,0.6387101907640605,ev_charging
ASSET_004,2025-01-13T03:00:00.000000,0.8198716088024928,ev_charging
ASSET_004,2025-01-13T03:30:00.000000,0.5098764444390417,ev_charging
ASSET_004,2025-01-13T04:00:00.000000,0.256188736357328,ev_charging
ASSET_004,2025-01-13T04:30:00.000000,0.7135399899216528,ev_charging
ASSET_004,2025-01-13T05:00:00.000000,0.48359253376159,ev_charging
ASSET_004,2025-01-13T05:30:00.000000,0.38203607281665874,ev_charging
ASSET_004,2025-01-13T06:00:00.000000,3.485611005384684,ev_charging
ASSET_004,2025-01-13T06:30:00.000000,3.56619231840091,ev_charging
ASSET_004,2025-01-13T07:00:00.000000,3.4892021382471055,ev_charging
ASSET_004,2025-01-13T07:30:00.000000,3.19590879025292,ev_charging
ASSET_004,2025-01-13T08:00:00.000000,3.7643553425011063,ev_charging
ASSET_004,2025-01-13T08:30:00.000000,3.8335753200628515,ev_charging
ASSET_004,2025-01-13T09:00:00.000000,0.7193681362704166,ev_charging
ASSET_004,2025-01-13T09:30:00.000000,0.3915597325257389,ev_charging
ASSET_004,2025-01-13T10:00:00.000000,0.5630838725303298,ev_charging
ASSET_004,2025-01-13T10:30:00.000000,0.5988052018883171,ev_charging
ASSET_004,2025-01-13T11:00:00.000000,0.7097076863733072,ev_charging
ASSET_004,2025-01-13T11:30:00.000000,0.7224495252544199,ev_charging
ASSET_004,2025-01-13T12:00:00.000000,0.4654888718666541,ev_charging
ASSET_004,2025-01-13T12:30:00.000000,0.6150227573000558,ev_charging
ASSET_004,2025-01-13T13:00:00.000000,0.6837803027027209,ev_charging
ASSET_004,2025-01-13T13:30:00.000000,0.8667274468790326,ev_charging
ASSET_004,2025-01-13T14:00:00.000000,0.7290756624750296,ev_charging
ASSET_004,2025-01-13T14:30:00.000000,0.7445664573655861,ev_charging
ASSET_004,2025-01-13T15:00:00.000000,0.615358235759915,ev_charging
ASSET_004,2025-01-13T15:30:00.000000,0.858416264817642,ev_charging
ASSET_004,2025-01-13T16:00:00.000000,4.2750743979740085,ev_charging
ASSET_004,2025-01-13T16:30:00.000000,4.0422363936003425,ev_charging
ASSET_004,2025-01-13T17:00:00.000000,4.457117426669366,ev_charging
ASSET_004,2025-01-13T17:30:00.000000,4.3278658495759,ev_charging
ASSET_004,2025-01-13T18:00:00.000000,4.11882800612896,ev_charging
ASSET_004,2025-01-13T18:30:00.000000,4.112150038472924,ev_charging
ASSET_004,2025-01-13T19:00:00.000000,4.25433687666329,ev_charging
ASSET_004,2025-01-13T19:30:00.000000,4.284862071418669,ev_charging
ASSET_004,2025-01-13T20:00:00.000000,4.236146761524575,ev_charging
ASSET_004,2025-01-13T20:30:00.000000,4.2570361962415,ev_charging
ASSET_004,2025-01-13T21:00:00.000000,0.911456476127744,ev_charging
ASSET_004,2025-01-13T21:30:00.000000,0.7963220132487487,ev_charging
ASSET_004,2025-01-13T22:00:00.000000,2.434927163685342,ev_charging
ASSET_004,2025-01-13T22:30:00.000000,2.5724615456906137,ev_charging
ASSET_004,2025-01-13T23:00:00.000000,2.2108268705322756,ev_charging
ASSET_004,2025-01-13T23:30:00.000000,2.4729059202223973,ev_charging
ASSET_004,2025-01-14T00:00:00.000000,2.7314907705046734,ev_charging
ASSET_004,2025-01-14T00:30:00.000000,2.360050877022754,ev_charging
ASSET_004,2025-01-14T01:00:00.000000,2.2447013552208603,ev_charging
ASSET_004,2025-01-14T01:30:00.000000,2.2805280000541996,ev_charging
ASSET_004,2025-01-14T02:00:00.000000,0.40036366137262663,ev_charging
ASSET_004,2025-01-14T02:30:00.000000,0.45622040754660287,ev_charging
ASSET_004,2025-01-14T03:00:00.000000,0.5321176233654696,ev_charging
ASSET_004,2025-01-14T03:30:00.000000,0.3424800425576273,ev_charging
ASSET_004,2025-01-14T04:00:00.000000,0.6028615018986236,ev_charging
ASSET_004,2025-01-14T04:30:00.000000,0.765310067911625,ev_charging
ASSET_004,2025-01-14T05:00:00.000000,0.43368609985165346,ev_charging
ASSET_004,2025-01-14T05:30:00.000000,0.8783545188672242,ev_charging
ASSET_004,2025-01-14T06:00:00.000000,3.6935844076480913,ev_charging
ASSET_004,2025-01-14T06:30:00.000000,3.7888170858661216,ev_charging
ASSET_004,2025-01-14T07:00:00.000000,3.4794753120978044,ev_charging
ASSET_004,2025-01-14T07:30:00.000000,3.7565612291018473,ev_charging
ASSET_004,2025-01-14T08:00:00.000000,3.3999421103918586,ev_charging
ASSET_004,2025-01-14T08:30:00.000000,3.7631060599746884,ev_charging
ASSET_004,2025-01-14T09:00:00.000000,0.6314834218978862,ev_charging
ASSET_004,2025-01-14T09:30:00.000000,0.7013635270900693,ev_charging
ASSET_004,2025-01-14T10:00:00.000000,0.38461427404087534,ev_charging
ASSET_004,2025-01-14T10:30:00.000000,0.43601041818289343,ev_charging
ASSET_004,2025-01-14T11:00:00.000000,0.7094207414157094,ev_charging
ASSET_004,2025-01-14T11:30:00.000000,0.4262490977974946,ev_charging
ASSET_004,2025-01-14T12:00:00.000000,0.6848660099453037,ev_charging
ASSET_004,2025-01-14T12:30:00.000000,0.3495208233163906,ev_charging
ASSET_004,2025-01-14T13:00:00.000000,0.7553976325350003,ev_charging
ASSET_004,2025-01-14T13:30:00.000000,0.3741841212584838,ev_charging
ASSET_004,2025-01-14T14:00:00.000000,0.7011892385819983,ev_charging
ASSET_004,2025-01-14T14:30:00.000000,0.7146245246287137,ev_charging
ASSET_004,2025-01-14T15:00:00.000000,0.4723414489805814,ev_charging
ASSET_004,2025-01-14T15:30:00.000000,0.706635581755166,ev_charging
ASSET_004,2025-01-14T16:00:00.000000,4.247716743246469,ev_charging
ASSET_004,2025-01-14T16:30:00.000000,4.101276474204687,ev_charging
ASSET_004,2025-01-14T17:00:00.000000,4.01521837395318,ev_charging
ASSET_004,2025-01-14T17:30:00.000000,3.840418935775703,ev_charging
ASSET_004,2025-01-14T18:00:00.000000,4.26406088366598,ev_charging
ASSET_004,2025-01-14T18:30:00.000000,3.9133057779611664,ev_charging
ASSET_004,2025-01-14T19:00:00.000000,4.2174684193976395,ev_charging
ASSET_004,2025-01-14T19:30:00.000000,4.151732523267788,ev_charging
ASSET_004,2025-01-14T20:00:00.000000,4.324428658499927,ev_charging
ASSET_004,2025-01-14T20:30:00.000000,4.14466094955775,ev_charging
ASSET_004,2025-01-14T21:00:00.000000,0.5396404591442651,ev_charging
ASSET_004,2025-01-14T21:30:00.000000,0.7340891683213913,ev_charging
ASSET_004,2025-01-14T22:00:00.000000,2.461387417471483,ev_charging
ASSET_004,2025-01-14T22:30:00.000000,2.457924287869559,ev_charging
ASSET_004,2025-01-14T23:00:00.000000,2.4859765262756337,ev_charging
ASSET_004,2025-01-14T23:30:00.000000,2.1186612502838407,ev_charging
ASSET_005,2025-01-01T00:00:00.000000,2.538654497440472,ev_charging
ASSET_005,2025-01-01T00:30:00.000000,2.512213032617492,ev_charging
ASSET_005,2025-01-01T01:00:00.000000,2.2137291268000916,ev_charging
ASSET_005,2025-01-01T01:30:00.000000,2.3552809703589768,ev_charging
ASSET_005,2025-01-01T02:00:00.000000,0.5927983433739376,ev_charging
ASSET_005,2025-01-01T02:30:00.000000,0.5753582677149682,ev_charging
ASSET_005,2025-01-01T03:00:00.000000,0.6611679153034494,ev_charging
ASSET_005,2025-01-01T03:30:00.000000,0.8622468425283561,ev_charging
ASSET_005,2025-01-01T04:00:00.000000,0.7981951183200575,ev_charging
ASSET_005,2025-01-01T04:30:00.000000,0.3595826977748887,ev_charging
ASSET_005,2025-01-01T05:00:00.000000,0.7139721089382154,ev_charging
ASSET_005,2025-01-01T05:30:00.000000,0.8434795689005947,ev_charging
ASSET_005,2025-01-01T06:00:00.000000,3.6708688468262713,ev_charging
ASSET_005,2025-01-01T06:30:00.000000,3.7998831993287143,ev_charging
ASSET_005,2025-01-01T07:00:00.000000,3.968676692373033,ev_charging
ASSET_005,2025-01-01T07:30:00.000000,3.787558213268886,ev_charging
ASSET_005,2025-01-01T08:00:00.000000,3.645676896272931,ev_charging
ASSET_005,2025-01-01T08:30:00.000000,3.7914751382876704,ev_charging
ASSET_005,2025-01-01T09:00:00.000000,0.6265455208495375,ev_charging
ASSET_005,2025-01-01T09:30:00.000000,0.6043793790018508,ev_charging
ASSET_005,2025-01-01T10:00:00.000000,0.5356158918138768,ev_charging
ASSET_005,2025-01-01T10:30:00.000000,0.886439661814597,ev_charging
ASSET_005,2025-01-01T11:00:00.000000,0.45005217656134044,ev_charging
ASSET_005,2025-01-01T11:30:00.000000,0.8807516581285263,ev_charging
ASSET_005,2025-01-01T12:00:00.000000,0.6915822483852895,ev_charging
ASSET_005,2025-01-01T12:30:00.000000,0.3436271186880728,ev_charging
ASSET_005,2025-01-01T13:00:00.000000,0.6673586026087854,ev_charging
ASSET_005,2025-01-01T13:30:00.000000,0.21524514341954165,ev_charging
ASSET_005,2025-01-01T14:00:00.000000,0.7146020045122576,ev_charging
ASSET_005,2025-01-01T14:30:00.000000,0.7621870538476259,ev_charging
ASSET_005,2025-01-01T15:00:00.000000,0.4914719266966059,ev_charging
ASSET_005,2025-01-01T15:30:00.000000,0.6226357028661478,ev_charging
ASSET_005,2025-01-01T16:00:00.000000,4.558029558397821,ev_charging
ASSET_005,2025-01-01T16:30:00.000000,4.107339978826295,ev_charging
ASSET_005,2025-01-01T17:00:00.000000,4.005993002799987,ev_charging
ASSET_005,2025-01-01T17:30:00.000000,4.471461901951184,ev_charging
ASSET_005,2025-01-01T18:00:00.000000,4.559574010265107,ev_charging
ASSET_005,2025-01-01T18:30:00.000000,4.200677099877838,ev_charging
ASSET_005,2025-01-01T19:00:00.000000,4.385314477558746,ev_charging
ASSET_005,2025-01-01T19:30:00.000000,4.445777551666908,ev_charging
ASSET_005,2025-01-01T20:00:00.000000,4.063966281681361,ev_charging
ASSET_005,2025-01-01T20:30:00.000000,4.111085038020102,ev_charging
ASSET_005,2025-01-01T21:00:00.000000,0.8255137947315639,ev_charging
ASSET_005,2025-01-01T21:30:00.000000,0.908718687491952,ev_charging
ASSET_005,2025-01-01T22:00:00.000000,2.503127814739087,ev_charging
ASSET_005,2025-01-01T22:30:00.000000,2.238805441661945,ev_charging
ASSET_005,2025-01-01T23:00:00.000000,2.7640579822506477,ev_charging
ASSET_005,2025-01-01T23:30:00.000000,2.302718546222308,ev_charging
ASSET_005,2025-01-02T00:00:00.000000,2.3385979708068017,ev_charging
ASSET_005,2025-01-02T00:30:00.000000,2.462721181818991,ev_charging
ASSET_005,2025-01-02T01:00:00.000000,2.684744391366671,ev_charging
ASSET_005,2025-01-02T01:30:00.000000,2.5564605985611752,ev_charging
ASSET_005,2025-01-02T02:00:00.000000,0.6760092863163072,ev_charging
ASSET_005,2025-01-02T02:30:00.000000,0.6848810771252102,ev_charging
ASSET_005,2025-01-02T03:00:00.000000,0.6079725089336064,ev_charging
ASSET_005,2025-01-02T03:30:00.000000,0.7022591324814264,ev_charging
ASSET_005,2025-01-02T04:00:00.000000,0.1365484571938651,ev_charging
ASSET_005,2025-01-02T04:30:00.000000,0.5456572762489976,ev_charging
ASSET_005,2025-01-02T05:00:00.000000,0.6442136259329674,ev_charging
ASSET_005,2025-01-02T05:30:00.000000,0.3891177768225688,ev_charging
ASSET_005,2025-01-02T06:00:00.000000,3.6707799507276175,ev_charging
ASSET_005,2025-01-02T06:30:00.000000,3.5625379512978994,ev_charging
ASSET_005,2025-01-02T07:00:00.000000,3.921628226155659,ev_charging
ASSET_005,2025-01-02T07:30:00.000000,3.8881996853697216,ev_charging
ASSET_005,2025-01-02T08:00:00.000000,3.514657765372279,ev_charging
ASSET_005,2025-01-02T08:30:00.000000,3.5723643764165303,ev_charging
ASSET_005,2025-01-02T09:00:00.000000,0.5864517495867481,ev_charging
ASSET_005,2025-01-02T09:30:00.000000,0.5172495316893262,ev_charging
ASSET_005,2025-01-02T10:00:00.000000,0.6357313631451532,ev_charging
ASSET_005,2025-01-02T10:30:00.000000,0.4610718923788093,ev_charging
ASSET_005,2025-01-02T11:00:00.000000,0.39285511899180314,ev_charging
ASSET_005,2025-01-02T11:30:00.000000,0.7140895920931564,ev_charging
ASSET_005,2025-01-02T12:00:00.000000,0.7153388131092103,ev_charging
ASSET_005,2025-01-02T12:30:00.000000,0.4526378626051514,ev_charging
ASSET_005,2025-01-02T13:00:00.000000,0.7640419057075762,ev_charging
ASSET_005,2025-01-02T13:30:00.000000,0.48428593747792315,ev_charging
ASSET_005,2025-01-02T14:00:00.000000,0.6463834882548158,ev_charging
ASSET_005,2025-01-02T14:30:00.000000,0.7502987423107821,ev_charging
ASSET_005,2025-01-02T15:00:00.000000,0.593841697966784,ev_charging
ASSET_005,2025-01-02T15:30:00.000000,0.6833150314030007,ev_charging
ASSET_005,2025-01-02T16:00:00.000000,4.105382711673456,ev_charging
ASSET_005,2025-01-02T16:30:00.000000,4.164004515250495,ev_charging
ASSET_005,2025-01-02T17:00:00.000000,4.162283611413709,ev_charging
ASSET_005,2025-01-02T17:30:00.000000,4.063216181508878,ev_charging
ASSET_005,2025-01-02T18:00:00.000000,4.167612447972002,ev_charging
ASSET_005,2025-01-02T18:30:00.000000,3.9162710045296065,ev_charging
ASSET_005,2025-01-02T19:00:00.000000,4.1100136170414645,ev_charging
ASSET_005,2025-01-02T19:30:00.000000,4.147806739964771,ev_charging
ASSET_005,2025-01-02T20:00:00.000000,4.153064209632096,ev_charging
ASSET_005,2025-01-02T20:30:00.000000,4.155754217952961,ev_charging
ASSET_005,2025-01-02T21:00:00.000000,0.5886839162399121,ev_charging
ASSET_005,2025-01-02T21:30:00.000000,0.687840535277911,ev_charging
ASSET_005,2025-01-02T22:00:00.000000,2.560224021082137,ev_charging
ASSET_005,2025-01-02T22:30:00.000000,2.280953728081014,ev_charging
ASSET_005,2025-01-02T23:00:00.000000,2.1795564147090603,ev_charging
ASSET_005,2025-01-02T23:30:00.000000,2.209082577328317,ev_charging
ASSET_005,2025-01-03T00:00:00.000000,2.310737464795358,ev_charging
ASSET_005,2025-01-03T00:30:00.000000,2.335522987128618,ev_charging
ASSET_005,2025-01-03T01:00:00.000000,2.258925720728823,ev_charging
ASSET_005,2025-01-03T01:30:00.000000,2.1625329111570726,ev_charging
ASSET_005,2025-01-03T02:00:00.000000,0.5164321483949076,ev_charging
ASSET_005,2025-01-03T02:30:00.000000,0.6332399486137383,ev_charging
ASSET_005,2025-01-03T03:00:00.000000,0.7090178985620159,ev_charging
ASSET_005,2025-01-03T03:30:00.000000,0.49787213348408255,ev_charging
ASSET_005,2025-01-03T04:00:00.000000,0.5243328990144351,ev_charging
ASSET_005,2025-01-03T04:30:00.000000,0.4302156312719034,ev_charging
ASSET_005,2025-01-03T05:00:00.000000,0.5942398948563355,ev_charging
ASSET_005,2025-01-03T05:30:00.000000,0.4445557538071828,ev_charging
ASSET_005,2025-01-03T06:00:00.000000,3.705005202925977,ev_charging
ASSET_005,2025-01-03T06:30:00.000000,3.272803746299214,ev_charging
ASSET_005,2025-01-03T07:00:00.000000,3.534110706439959,ev_charging
ASSET_005,2025-01-03T07:30:00.000000,3.655167166073344,ev_charging
ASSET_005,2025-01-03T08:00:00.000000,3.6336811095976587,ev_charging
ASSET_005,2025-01-03T08:30:00.000000,4.093402239150712,ev_charging
ASSET_005,2025-01-03T09:00:00.000000,0.6640883616440487,ev_charging
ASSET_005,2025-01-03T09:30:00.000000,0.41604285422144593,ev_charging
ASSET_005,2025-01-03T10:00:00.000000,0.5825095861583234,ev_charging
ASSET_005,2025-01-03T10:30:00.000000,0.274566296761325,ev_charging
ASSET_005,2025-01-03T11:00:00.000000,0.5852329745038434,ev_charging
ASSET_005,2025-01-03T11:30:00.000000,0.4473722295566467,ev_charging
ASSET_005,2025-01-03T12:00:00.000000,0.7677125754865582,ev_charging
ASSET_005,2025-01-03T12:30:00.000000,0.4993163711187466,ev_charging
ASSET_005,2025-01-03T13:00:00.000000,0.5786068161417994,ev_charging
ASSET_005,2025-01-03T13:30:00.000000,0.4835567240569789,ev_charging
ASSET_005,2025-01-03T14:00:00.000000,0.9185824083931282,ev_charging
ASSET_005,2025-01-03T14:30:00.000000,0.5411437360648255,ev_charging
ASSET_005,2025-01-03T15:00:00.000000,0.9357506297517253,ev_charging
ASSET_005,2025-01-03T15:30:00.000000,0.7491642335595252,ev_charging
ASSET_005,2025-01-03T16:00:00.000000,4.2883215111153765,ev_charging
ASSET_005,2025-01-03T16:30:00.000000,4.26755718020496,ev_charging
ASSET_005,2025-01-03T17:00:00.000000,4.2721492907089065,ev_charging
ASSET_005,2025-01-03T17:30:00.000000,3.8468228452841795,ev_charging
ASSET_005,2025-01-03T18:00:00.000000,4.148904578143093,ev_charging
ASSET_005,2025-01-03T18:30:00.000000,4.354845014006271,ev_charging
ASSET_005,2025-01-03T19:00:00.000000,4.191041337456352,ev_charging
ASSET_005,2025-01-03T19:30:00.000000,3.9425491459249167,ev_charging
ASSET_005,2025-01-03T20:00:00.000000,4.190398756019199,ev_charging
ASSET_005,2025-01-03T20:30:00.000000,4.512216474942524,ev_charging
ASSET_005,2025-01-03T21:00:00.000000,0.828448375024754,ev_charging
ASSET_005,2025-01-03T21:30:00.000000,0.5886399797125806,ev_charging
ASSET_005,2025-01-03T22:00:00.000000,2.574319099689571,ev_charging
ASSET_005,2025-01-03T22:30:00.000000,2.332850678053996,ev_charging
ASSET_005,2025-01-03T23:00:00.000000,2.087826384270676,ev_charging
ASSET_005,2025-01-03T23:30:00.000000,2.2306246243176924,ev_charging
ASSET_005,2025-01-04T00:00:00.000000,1.8863435493731093,ev_charging
ASSET_005,2025-01-04T00:30:00.000000,1.5498005532219883,ev_charging
ASSET_005,2025-01-04T01:00:00.000000,1.5554085780645057,ev_charging
ASSET_005,2025-01-04T01:30:00.000000,1.545065359039638,ev_charging
ASSET_005,2025-01-04T02:00:00.000000,0.7488650251610546,ev_charging
ASSET_005,2025-01-04T02:30:00.000000,0.6978989012788352,ev_charging
ASSET_005,2025-01-04T03:00:00.000000,0.806512235628176,ev_charging
ASSET_005,2025-01-04T03:30:00.000000,0.37086064538027635,ev_charging
ASSET_005,2025-01-04T04:00:00.000000,0.45416262954544995,ev_charging
ASSET_005,2025-01-04T04:30:00.000000,0.12212941862397647,ev_charging
ASSET_005,2025-01-04T05:00:00.000000,0.6705954859280983,ev_charging
ASSET_005,2025-01-04T05:30:00.000000,0.1860461036426962,ev_charging
ASSET_005,2025-01-04T06:00:00.000000,2.439716380075082,ev_charging
ASSET_005,2025-01-04T06:30:00.000000,2.1989585011872683,ev_charging
ASSET_005,2025-01-04T07:00:00.000000,2.292111184958232,ev_charging
ASSET_005,2025-01-04T07:30:00.000000,2.246601561739823,ev_charging
ASSET_005,2025-01-04T08:00:00.000000,2.288628568311895,ev_charging
ASSET_005,2025-01-04T08:30:00.000000,2.3012250190302055,ev_charging
ASSET_005,2025-01-04T09:00:00.000000,0.2995493243583698,ev_charging
ASSET_005,2025-01-04T09:30:00.000000,0.5526786774083206,ev_charging
ASSET_005,2025-01-04T10:00:00.000000,0.1975733525567597,ev_charging
ASSET_005,2025-01-04T10:30:00.000000,0.4404063400207549,ev_charging
ASSET_005,2025-01-04T11:00:00.000000,0.6231475161188399,ev_charging
ASSET_005,2025-01-04T11:30:00.000000,0.30597509464450995,ev_charging
ASSET_005,2025-01-04T12:00:00.000000,0.2684670032308858,ev_charging
ASSET_005,2025-01-04T12:30:00.000000,0.3577645954580469,ev_charging
ASSET_005,2025-01-04T13:00:00.000000,0.6161425113889445,ev_charging
ASSET_005,2025-01-04T13:30:00.000000,0.4355632909568116,ev_charging
ASSET_005,2025-01-04T14:00:00.000000,0.3026739524522507,ev_charging
ASSET_005,2025-01-04T14:30:00.000000,0.4886531150212373,ev_charging
ASSET_005,2025-01-04T15:00:00.000000,0.1980443311192553,ev_charging
ASSET_005,2025-01-04T15:30:00.000000,0.5248347960204401,ev_charging
ASSET_005,2025-01-04T16:00:00.000000,2.874862696018217,ev_charging
ASSET_005,2025-01-04T16:30:00.000000,2.7436050908234835,ev_charging
ASSET_005,2025-01-04T17:00:00.000000,2.646359101927347,ev_charging
ASSET_005,2025-01-04T17:30:00.000000,2.6375473881673526,ev_charging
ASSET_005,2025-01-04T18:00:00.000000,2.897986176266233,ev_charging
ASSET_005,2025-01-04T18:30:00.000000,3.0251667849203177,ev_charging
ASSET_005,2025-01-04T19:00:00.000000,2.683236116347939,ev_charging
ASSET_005,2025-01-04T19:30:00.000000,2.8839829924721117,ev_charging
ASSET_005,2025-01-04T20:00:00.000000,2.417626835520407,ev_charging
ASSET_005,2025-01-04T20:30:00.000000,2.6928896800617346,ev_charging
ASSET_005,2025-01-04T21:00:00.000000,0.3943095597990098,ev_charging
ASSET_005,2025-01-04T21:30:00.000000,0.23333300253154263,ev_charging
ASSET_005,2025-01-04T22:00:00.000000,1.428418653476049,ev_charging
ASSET_005,2025-01-04T22:30:00.000000,1.4776532455469507,ev_charging
ASSET_005,2025-01-04T23:00:00.000000,1.6535338820112249,ev_charging
ASSET_005,2025-01-04T23:30:00.000000,1.5656786476991178,ev_charging
ASSET_005,2025-01-05T00:00:00.000000,1.1899240633229604,ev_charging
ASSET_005,2025-01-05T00:30:00.000000,1.2114574363207897,ev_charging
ASSET_005,2025-01-05T01:00:00.000000,1.4888136299140247,ev_charging
ASSET_005,2025-01-05T01:30:00.000000,1.6838547209448116,ev_charging
ASSET_005,2025-01-05T02:00:00.000000,0.0,ev_charging
ASSET_005,2025-01-05T02:30:00.000000,0.3084422927265048,ev_charging
ASSET_005,2025-01-05T03:00:00.000000,0.3035838748594868,ev_charging
ASSET_005,2025-01-05T03:30:00.000000,0.6543633143646193,ev_charging
ASSET_005,2025-01-05T04:00:00.000000,0.3294585037826075,ev_charging
ASSET_005,2025-01-05T04:30:00.000000,0.4701690532757487,ev_charging
ASSET_005,2025-01-05T05:00:00.000000,0.4258803260231674,ev_charging
ASSET_005,2025-01-05T05:30:00.000000,0.009649784235323533,ev_charging
ASSET_005,2025-01-05T06:00:00.000000,2.5407465364757438,ev_charging
ASSET_005,2025-01-05T06:30:00.000000,2.4394637168925275,ev_charging
ASSET_005,2025-01-05T07:00:00.000000,2.493122075768952,ev_charging
ASSET_005,2025-01-05T07:30:00.000000,3.1193428369292278,ev_charging
ASSET_005,2025-01-05T08:00:00.000000,2.018160736441866,ev_charging
ASSET_005,2025-01-05T08:30:00.000000,2.7159890647598033,ev_charging
ASSET_005,2025-01-05T09:00:00.000000,0.34733550805272057,ev_charging
ASSET_005,2025-01-05T09:30:00.000000,0.45264275998526565,ev_charging
ASSET_005,2025-01-05T10:00:00.000000,0.3916615064858796,ev_charging
ASSET_005,2025-01-05T10:30:00.000000,0.3222738432024299,ev_charging
ASSET_005,2025-01-05T11:00:00.000000,0.295598467076256,ev_charging
ASSET_005,2025-01-05T11:30:00.000000,0.46037070762462634,ev_charging
ASSET_005,2025-01-05T12:00:00.000000,0.12203210485979593,ev_charging
ASSET_005,2025-01-05T12:30:00.000000,0.5375168260495236,ev_charging
ASSET_005,2025-01-05T13:00:00.000000,0.32374723939066596,ev_charging
ASSET_005,2025-01-05T13:30:00.000000,0.19295515324010587,ev_charging
ASSET_005,2025-01-05T14:00:00.000000,0.31755121566005273,ev_charging
ASSET_005,2025-01-05T14:30:00.000000,0.63032769580375,ev_charging
ASSET_005,2025-01-05T15:00:00.000000,0.3019189644145277,ev_charging
ASSET_005,2025-01-05T15:30:00.000000,0.4656738236219769,ev_charging
ASSET_005,2025-01-05T16:00:00.000000,2.6660783680564153,ev_charging
ASSET_005,2025-01-05T16:30:00.000000,2.9388621103610064,ev_charging
ASSET_005,2025-01-05T17:00:00.000000,2.925594810714063,ev_charging
ASSET_005,2025-01-05T17:30:00.000000,3.1386915469575216,ev_charging
ASSET_005,2025-01-05T18:00:00.000000,2.76783417712818,ev_charging
ASSET_005,2025-01-05T18:30:00.000000,2.9225071124431454,ev_charging
ASSET_005,2025-01-05T19:00:00.000000,2.8179673742083855,ev_charging
ASSET_005,2025-01-05T19:30:00.000000,3.037422222891331,ev_charging
ASSET_005,2025-01-05T20:00:00.000000,2.668299637555972,ev_charging
ASSET_005,2025-01-05T20:30:00.000000,2.9364956162521594,ev_charging
ASSET_005,2025-01-05T21:00:00.000000,0.3643286739614794,ev_charging
ASSET_005,2025-01-05T21:30:00.000000,0.3882398089797645,ev_charging
ASSET_005,2025-01-05T22:00:00.000000,1.6168103659007198,ev_charging
ASSET_005,2025-01-05T22:30:00.000000,1.646214044059602,ev_charging
ASSET_005,2025-01-05T23:00:00.000000,1.5787051788851556,ev_charging
ASSET_005,2025-01-05T23:30:00.000000,1.6393385224880286,ev_charging
ASSET_005,2025-01-06T00:00:00.000000,2.689133772689072,ev_charging
ASSET_005,2025-01-06T00:30:00.000000,2.5805484602573596,ev_charging
ASSET_005,2025-01-06T01:00:00.000000,2.55924153783961,ev_charging
ASSET_005,2025-01-06T01:30:00.000000,2.316538651124912,ev_charging
ASSET_005,2025-01-06T02:00:00.000000,0.4370783768281677,ev_charging
ASSET_005,2025-01-06T02:30:00.000000,0.7750247094199882,ev_charging
ASSET_005,2025-01-06T03:00:00.000000,0.7605042873456374,ev_charging
ASSET_005,2025-01-06T03:30:00.000000,0.8698143059500907,ev_charging
ASSET_005,2025-01-06T04:00:00.000000,0.4893421210277804,ev_charging
ASSET_005,2025-01-06T04:30:00.000000,0.5579434070714793,ev_charging
ASSET_005,2025-01-06T05:00:00.000000,0.2996230802230186,ev_charging
ASSET_005,2025-01-06T05:30:00.000000,0.5280936866395615,ev_charging
ASSET_005,2025-01-06T06:00:00.000000,3.782585954259734,ev_charging
ASSET_005,2025-01-06T06:30:00.000000,3.5145313823056905,ev_charging
ASSET_005,2025-01-06T07:00:00.000000,3.7173450481921506,ev_charging
ASSET_005,2025-01-06T07:30:00.000000,3.5650971095082578,ev_charging
ASSET_005,2025-01-06T08:00:00.000000,3.659371876956307,ev_charging
ASSET_005,2025-01-06T08:30:00.000000,3.389726541794486,ev_charging
ASSET_005,2025-01-06T09:00:00.000000,0.6156115884507826,ev_charging
ASSET_005,2025-01-06T09:30:00.000000,0.051981159617117356,ev_charging
ASSET_005,2025-01-06T10:00:00.000000,0.5657579538796077,ev_charging
ASSET_005,2025-01-06T10:30:00.000000,0.301274009276476,ev_charging
ASSET_005,2025-01-06T11:00:00.000000,0.8209554239244703,ev_charging
ASSET_005,2025-01-06T11:30:00.000000,0.7424321328457837,ev_charging
ASSET_005,2025-01-06T12:00:00.000000,0.6855007906244999,ev_charging
ASSET_005,2025-01-06T12:30:00.000000,0.8786700694759865,ev_charging
ASSET_005,2025-01-06T13:00:00.000000,0.42614493743459225,ev_charging
ASSET_005,2025-01-06T13:30:00.000000,0.920141900189529,ev_charging
ASSET_005,2025-01-06T14:00:00.000000,0.7707908115948491,ev_charging
ASSET_005,2025-01-06T14:30:00.000000,0.5566596920202431,ev_charging
ASSET_005,2025-01-06T15:00:00.000000,0.8080618341088751,ev_charging
ASSET_005,2025-01-06T15:30:00.000000,0.39731122433315413,ev_charging
ASSET_005,2025-01-06T16:00:00.000000,4.048937226834394,ev_charging
ASSET_005,2025-01-06T16:30:00.000000,4.088497668563583,ev_charging
ASSET_005,2025-01-06T17:00:00.000000,4.103083727058272,ev_charging
ASSET_005,2025-01-06T17:30:00.000000,4.006423546165711,ev_charging
ASSET_005,2025-01-06T18:00:00.000000,4.424086290507108,ev_charging
ASSET_005,2025-01-06T18:30:00.000000,4.152574175932242,ev_charging
ASSET_005,2025-01-06T19:00:00.000000,4.264583945988242,ev_charging
ASSET_005,2025-01-06T19:30:00.000000,4.095503481796351,ev_charging
ASSET_005,2025-01-06T20:00:00.000000,3.8664394667209327,ev_charging
ASSET_005,2025-01-06T20:30:00.000000,4.249478366019572,ev_charging
ASSET_005,2025-01-06T21:00:00.000000,0.24964757057487652,ev_charging
ASSET_005,2025-01-06T21:30:00.000000,0.5874252622707695,ev_charging
ASSET_005,2025-01-06T22:00:00.000000,2.1493051375281316,ev_charging
ASSET_005,2025-01-06T22:30:00.000000,2.764097352716216,ev_charging
ASSET_005,2025-01-06T23:00:00.000000,2.5669746701698686,ev_charging
ASSET_005,2025-01-06T23:30:00.000000,2.419375605329382,ev_charging
ASSET_005,2025-01-07T00:00:00.000000,2.631529116298873,ev_charging
ASSET_005,2025-01-07T00:30:00.000000,2.2449428227000277,ev_charging
ASSET_005,2025-01-07T01:00:00.000000,2.499573186163485,ev_charging
ASSET_005,2025-01-07T01:30:00.000000,2.4366081258920356,ev_charging
ASSET_005,2025-01-07T02:00:00.000000,0.648372250615776,ev_charging
ASSET_005,2025-01-07T02:30:00.000000,0.8331133376981328,ev_charging
ASSET_005,2025-01-07T03:00:00.000000,0.7342030174021567,ev_charging
ASSET_005,2025-01-07T03:30:00.000000,0.6528982996532989,ev_charging
ASSET_005,2025-01-07T04:00:00.000000,0.2968009804338871,ev_charging
ASSET_005,2025-01-07T04:30:00.000000,0.4241058037577268,ev_charging
ASSET_005,2025-01-07T05:00:00.000000,0.5775179703804977,ev_charging
ASSET_005,2025-01-07T05:30:00.000000,0.6171071528585436,ev_charging
ASSET_005,2025-01-07T06:00:00.000000,3.3929305318722416,ev_charging
ASSET_005,2025-01-07T06:30:00.000000,4.0418536194899035,ev_charging
ASSET_005,2025-01-07T07:00:00.000000,3.8778250536946723,ev_charging
ASSET_005,2025-01-07T07:30:00.000000,3.710316677986194,ev_charging
ASSET_005,2025-01-07T08:00:00.000000,3.6131981820852,ev_charging
ASSET_005,2025-01-07T08:30:00.000000,3.5611202851573958,ev_charging
ASSET_005,2025-01-07T09:00:00.000000,0.4255949392887832,ev_charging
ASSET_005,2025-01-07T09:30:00.000000,0.6141955378572058,ev_charging
ASSET_005,2025-01-07T10:00:00.000000,0.6472239475332968,ev_charging
ASSET_005,2025-01-07T10:30:00.000000,0.3724917231349738,ev_charging
ASSET_005,2025-01-07T11:00:00.000000,0.661225893588083,ev_charging
ASSET_005,2025-01-07T11:30:00.000000,0.5715543242688942,ev_charging
ASSET_005,2025-01-07T12:00:00.000000,0.2504624010031779,ev_charging
ASSET_005,2025-01-07T12:30:00.000000,0.4423651748107555,ev_charging
ASSET_005,2025-01-07T13:00:00.000000,0.5242215576266773,ev_charging
ASSET_005,2025-01-07T13:30:00.000000,0.9458513457912563,ev_charging
ASSET_005,2025-01-07T14:00:00.000000,0.7019684831735065,ev_charging
ASSET_005,2025-01-07T14:30:00.000000,0.35532069823276985,ev_charging
ASSET_005,2025-01-07T15:00:00.000000,0.6890487915968742,ev_charging
ASSET_005,2025-01-07T15:30:00.000000,0.31651180488379227,ev_charging
ASSET_005,2025-01-07T16:00:00.000000,4.398364468087167,ev_charging
ASSET_005,2025-01-07T16:30:00.000000,4.113683233434796,ev_charging
ASSET_005,2025-01-07T17:00:00.000000,4.182844512563145,ev_charging
ASSET_005,2025-01-07T17:30:00.000000,4.442904885781838,ev_charging
ASSET_005,2025-01-07T18:00:00.000000,3.964173246184386,ev_charging
ASSET_005,2025-01-07T18:30:00.000000,3.9440279896560844,ev_charging
ASSET_005,2025-01-07T19:00:00.000000,4.093076266280178,ev_charging
ASSET_005,2025-01-07T19:30:00.000000,4.390245839490325,ev_charging
ASSET_005,2025-01-07T20:00:00.000000,3.921634094028707,ev_charging
ASSET_005,2025-01-07T20:30:00.000000,3.6811086350604567,ev_charging
ASSET_005,2025-01-07T21:00:00.000000,0.5173412520129227,ev_charging
ASSET_005,2025-01-07T21:30:00.000000,0.701086796555108,ev_charging
ASSET_005,2025-01-07T22:00:00.000000,2.6199050991485784,ev_charging
ASSET_005,2025-01-07T22:30:00.000000,2.315142221875068,ev_charging
ASSET_005,2025-01-07T23:00:00.000000,2.3246207680533892,ev_charging
ASSET_005,2025-01-07T23:30:00.000000,2.6114110988118564,ev_charging
ASSET_005,2025-01-08T00:00:00.000000,2.0574366100200887,ev_charging
ASSET_005,2025-01-08T00:30:00.000000,2.3288174436896845,ev_charging
ASSET_005,2025-01-08T01:00:00.000000,2.434888376975555,ev_charging
ASSET_005,2025-01-08T01:30:00.000000,2.482303287149722,ev_charging
ASSET_005,2025-01-08T02:00:00.000000,0.5065961308546704,ev_charging
ASSET_005,2025-01-08T02:30:00.000000,0.606310085358963,ev_charging
ASSET_005,2025-01-08T03:00:00.000000,0.14410288132112004,ev_charging
ASSET_005,2025-01-08T03:30:00.000000,0.4793994873116913,ev_charging
ASSET_005,2025-01-08T04:00:00.000000,0.683089274835872,ev_charging
ASSET_005,2025-01-08T04:30:00.000000,0.42002970015262475,ev_charging
ASSET_005,2025-01-08T05:00:00.000000,0.6108067520269512,ev_charging
ASSET_005,2025-01-08T05:30:00.000000,0.6818734260399228,ev_charging
ASSET_005,2025-01-08T06:00:00.000000,3.5372400928428447,ev_charging
ASSET_005,2025-01-08T06:30:00.000000,3.6312313980432998,ev_charging
ASSET_005,2025-01-08T07:00:00.000000,3.4236136407174973,ev_charging
ASSET_005,2025-01-08T07:30:00.000000,3.5621458619699737,ev_charging
ASSET_005,2025-01-08T08:00:00.000000,3.7118003196425966,ev_charging
ASSET_005,2025-01-08T08:30:00.000000,3.628759688920288,ev_charging
ASSET_005,2025-01-08T09:00:00.000000,0.49253909239775034,ev_charging
ASSET_005,2025-01-08T09:30:00.000000,0.6410796483575631,ev_charging
ASSET_005,2025-01-08T10:00:00.000000,0.7309267223559233,ev_charging
ASSET_005,2025-01-08T10:30:00.000000,0.22442147288919767,ev_charging
ASSET_005,2025-01-08T11:00:00.000000,0.8123589269008484,ev_charging
ASSET_005,2025-01-08T11:30:00.000000,0.5383933282345036,ev_charging
ASSET_005,2025-01-08T12:00:00.000000,0.6779558341972279,ev_charging
ASSET_005,2025-01-08T12:30:00.000000,0.8193527399392864,ev_charging
ASSET_005,2025-01-08T13:00:00.000000,0.3486897833288467,ev_charging
ASSET_005,2025-01-08T13:30:00.000000,0.47002027348381015,ev_charging
ASSET_005,2025-01-08T14:00:00.000000,0.547133756791344,ev_charging
ASSET_005,2025-01-08T14:30:00.000000,0.4564051584511315,ev_charging
ASSET_005,2025-01-08T15:00:00.000000,0.9178651655015295,ev_charging
ASSET_005,2025-01-08T15:30:00.000000,0.4430271128095912,ev_charging
ASSET_005,2025-01-08T16:00:00.000000,4.098215893615442,ev_charging
ASSET_005,2025-01-08T16:30:00.000000,4.237446990432974,ev_charging
ASSET_005,2025-01-08T17:00:00.000000,3.9797490332582024,ev_charging
ASSET_005,2025-01-08T17:30:00.000000,4.127505641024656,ev_charging
ASSET_005,2025-01-08T18:00:00.000000,4.258161972507621,ev_charging
ASSET_005,2025-01-08T18:30:00.000000,4.13901521876849,ev_charging
ASSET_005,2025-01-08T19:00:00.000000,4.182890193351545,ev_charging
ASSET_005,2025-01-08T19:30:00.000000,4.1030187951121375,ev_charging
ASSET_005,2025-01-08T20:00:00.000000,3.9225274040679525,ev_charging
ASSET_005,2025-01-08T20:30:00.000000,4.258920470506082,ev_charging
ASSET_005,2025-01-08T21:00:00.000000,0.9215288091982268,ev_charging
ASSET_005,2025-01-08T21:30:00.000000,0.6033714416399656,ev_charging
ASSET_005,2025-01-08T22:00:00.000000,2.441271604338569,ev_charging
ASSET_005,2025-01-08T22:30:00.000000,2.5269167047767676,ev_charging
ASSET_005,2025-01-08T23:00:00.000000,2.167440519739837,ev_charging
ASSET_005,2025-01-08T23:30:00.000000,2.711925007007317,ev_charging
ASSET_005,2025-01-09T00:00:00.000000,2.437069525916035,ev_charging
ASSET_005,2025-01-09T00:30:00.000000,2.69897949615454,ev_charging
ASSET_005,2025-01-09T01:00:00.000000,2.265697883320069,ev_charging
ASSET_005,2025-01-09T01:30:00.000000,2.733094916525773,ev_charging
ASSET_005,2025-01-09T02:00:00.000000,0.742019560157087,ev_charging
ASSET_005,2025-01-09T02:30:00.000000,0.7013248443008071,ev_charging
ASSET_005,2025-01-09T03:00:00.000000,0.6428766232439874,ev_charging
ASSET_005,2025-01-09T03:30:00.000000,0.5544660067599312,ev_charging
ASSET_005,2025-01-09T04:00:00.000000,0.8199545502846773,ev_charging
ASSET_005,2025-01-09T04:30:00.000000,0.62571593329716,ev_charging
ASSET_005,2025-01-09T05:00:00.000000,0.2396047293070681,ev_charging
ASSET_005,2025-01-09T05:30:00.000000,0.39531548040868125,ev_charging
ASSET_005,2025-01-09T06:00:00.000000,3.5659504032589715,ev_charging
ASSET_005,2025-01-09T06:30:00.000000,3.6567962422728315,ev_charging
ASSET_005,2025-01-09T07:00:00.000000,3.5896321804265545,ev_charging
ASSET_005,2025-01-09T07:30:00.000000,3.8233328625586243,ev_charging
ASSET_005,2025-01-09T08:00:00.000000,3.2425302656243513,ev_charging
ASSET_005,2025-01-09T08:30:00.000000,3.6263073612239807,ev_charging
ASSET_005,2025-01-09T09:00:00.000000,0.26692023477728194,ev_charging
ASSET_005,2025-01-09T09:30:00.000000,0.7391901455654923,ev_charging
ASSET_005,2025-01-09T10:00:00.000000,0.5826938141040188,ev_charging
ASSET_005,2025-01-09T10:30:00.000000,0.6768785413029902,ev_charging
ASSET_005,2025-01-09T11:00:00.000000,0.4417243004348035,ev_charging
ASSET_005,2025-01-09T11:30:00.000000,0.8344162535501523,ev_charging
ASSET_005,2025-01-09T12:00:00.000000,0.7908588402364967,ev_charging
ASSET_005,2025-01-09T12:30:00.000000,0.7069136526589637,ev_charging
ASSET_005,2025-01-09T13:00:00.000000,0.5762705901282339,ev_charging
ASSET_005,2025-01-09T13:30:00.000000,0.7062381383415725,ev_charging
ASSET_005,2025-01-09T14:00:00.000000,0.4704871830794607,ev_charging
ASSET_005,2025-01-09T14:30:00.000000,0.7567500189562948,ev_charging
ASSET_005,2025-01-09T15:00:00.000000,0.9022084638529184,ev_charging
ASSET_005,2025-01-09T15:30:00.000000,0.796151149024758,ev_charging
ASSET_005,2025-01-09T16:00:00.000000,4.066326404638857,ev_charging
ASSET_005,2025-01-09T16:30:00.000000,4.266216815628965,ev_charging
ASSET_005,2025-01-09T17:00:00.000000,3.9630779957327906,ev_charging
ASSET_005,2025-01-09T17:30:00.000000,4.3048700820118295,ev_charging
ASSET_005,2025-01-09T18:00:00.000000,4.28255698242803,ev_charging
ASSET_005,2025-01-09T18:30:00.000000,3.8574229349357143,ev_charging
ASSET_005,2025-01-09T19:00:00.000000,3.987144602883199,ev_charging
ASSET_005,2025-01-09T19:30:00.000000,4.14812490927516,ev_charging
ASSET_005,2025-01-09T20:00:00.000000,4.144878196327413,ev_charging
ASSET_005,2025-01-09T20:30:00.000000,3.9784065471893406,ev_charging
ASSET_005,2025-01-09T21:00:00.000000,0.6712664600563107,ev_charging
ASSET_005,2025-01-09T21:30:00.000000,0.6460735576380295,ev_charging
ASSET_005,2025-01-09T22:00:00.000000,2.364407119748221,ev_charging
ASSET_005,2025-01-09T22:30:00.000000,2.261528200149557,ev_charging
ASSET_005,2025-01-09T23:00:00.000000,2.5921381270898918,ev_charging
ASSET_005,2025-01-09T23:30:00.000000,2.70329423179082,ev_charging
ASSET_005,2025-01-10T00:00:00.000000,2.3114046281381166,ev_charging
ASSET_005,2025-01-10T00:30:00.000000,2.287842275535563,ev_charging
ASSET_005,2025-01-10T01:00:00.000000,2.4899962615558406,ev_charging
ASSET_005,2025-01-10T01:30:00.000000,2.3344039029249273,ev_charging
ASSET_005,2025-01-10T02:00:00.000000,0.5744604414499146,ev_charging
ASSET_005,2025-01-10T02:30:00.000000,0.7355150238695558,ev_charging
ASSET_005,2025-01-10T03:00:00.000000,0.25017868825312806,ev_charging
ASSET_005,2025-01-10T03:30:00.000000,0.841531818803364,ev_charging
ASSET_005,2025-01-10T04:00:00.000000,0.6133161103503401,ev_charging
ASSET_005,2025-01-10T04:30:00.000000,0.5246085774427148,ev_charging
ASSET_005,2025-01-10T05:00:00.000000,0.5836510281729987,ev_charging
ASSET_005,2025-01-10T05:30:00.000000,0.5931165211162593,ev_charging
ASSET_005,2025-01-10T06:00:00.000000,3.282819189761697,ev_charging
ASSET_005,2025-01-10T06:30:00.000000,3.8738940395298247,ev_charging
ASSET_005,2025-01-10T07:00:00.000000,3.6075714461981523,ev_charging
ASSET_005,2025-01-10T07:30:00.000000,3.6811643188998224,ev_charging
ASSET_005,2025-01-10T08:00:00.000000,3.7743375115373152,ev_charging
ASSET_005,2025-01-10T08:30:00.000000,3.4129084497398448,ev_charging
ASSET_005,2025-01-10T09:00:00.000000,0.6867468157875258,ev_charging
ASSET_005,2025-01-10T09:30:00.000000,0.5509643287031853,ev_charging
ASSET_005,2025-01-10T10:00:00.000000,0.7551405027450219,ev_charging
ASSET_005,2025-01-10T10:30:00.000000,0.21026154762845806,ev_charging
ASSET_005,2025-01-10T11:00:00.000000,0.5818445085629389,ev_charging
ASSET_005,2025-01-10T11:30:00.000000,0.4895546441367241,ev_charging
ASSET_005,2025-01-10T12:00:00.000000,0.6791967477411863,ev_charging
ASSET_005,2025-01-10T12:30:00.000000,0.686118810042817,ev_charging
ASSET_005,2025-01-10T13:00:00.000000,0.4703528271272502,ev_charging
ASSET_005,2025-01-10T13:30:00.000000,0.4695195741706034,ev_charging
ASSET_005,2025-01-10T14:00:00.000000,0.5797245235464606,ev_charging
ASSET_005,2025-01-10T14:30:00.000000,0.4357223347811779,ev_charging
ASSET_005,2025-01-10T15:00:00.000000,0.7542634413453362,ev_charging
ASSET_005,2025-01-10T15:30:00.000000,0.53235596648945,ev_charging
ASSET_005,2025-01-10T16:00:00.000000,3.667398229817142,ev_charging
ASSET_005,2025-01-10T16:30:00.000000,4.1313272446260765,ev_charging
ASSET_005,2025-01-10T17:00:00.000000,4.0097239356810865,ev_charging
ASSET_005,2025-01-10T17:30:00.000000,3.9011269666673343,ev_charging
ASSET_005,2025-01-10T18:00:00.000000,3.9732857623542217,ev_charging
ASSET_005,2025-01-10T18:30:00.000000,4.22004519501797,ev_charging
ASSET_005,2025-01-10T19:00:00.000000,4.443425980318337,ev_charging
ASSET_005,2025-01-10T19:30:00.000000,4.257379869675977,ev_charging
ASSET_005,2025-01-10T20:00:00.000000,4.088879914944759,ev_charging
ASSET_005,2025-01-10T20:30:00.000000,4.283528161472347,ev_charging
ASSET_005,2025-01-10T21:00:00.000000,0.5158880967348776,ev_charging
ASSET_005,2025-01-10T21:30:00.000000,0.47273928950689525,ev_charging
ASSET_005,2025-01-10T22:00:00.000000,2.188504268284457,ev_charging
ASSET_005,2025-01-10T22:30:00.000000,2.0790399364772743,ev_charging
ASSET_005,2025-01-10T23:00:00.000000,2.3285604066196446,ev_charging
ASSET_005,2025-01-10T23:30:00.000000,2.428957657260367,ev_charging
ASSET_005,2025-01-11T00:00:00.000000,1.5822971633151293,ev_charging
ASSET_005,2025-01-11T00:30:00.000000,1.523788916415359,ev_charging
ASSET_005,2025-01-11T01:00:00.000000,1.4267258110223398,ev_charging
ASSET_005,2025-01-11T01:30:00.000000,1.7114393915479962,ev_charging
ASSET_005,2025-01-11T02:00:00.000000,0.15868261609550066,ev_charging
ASSET_005,2025-01-11T02:30:00.000000,0.5421793999291796,ev_charging
ASSET_005,2025-01-11T03:00:00.000000,0.21637952474663935,ev_charging
ASSET_005,2025-01-11T03:30:00.000000,0.26214311544210467,ev_charging
ASSET_005,2025-01-11T04:00:00.000000,0.1312639990050563,ev_charging
ASSET_005,2025-01-11T04:30:00.000000,0.3081359638027387,ev_charging
ASSET_005,2025-01-11T05:00:00.000000,0.5786911754282869,ev_charging
ASSET_005,2025-01-11T05:30:00.000000,0.49447043191848206,ev_charging
ASSET_005,2025-01-11T06:00:00.000000,2.5792609083822797,ev_charging
ASSET_005,2025-01-11T06:30:00.000000,2.495663973594325,ev_charging
ASSET_005,2025-01-11T07:00:00.000000,2.1977919207014005,ev_charging
ASSET_005,2025-01-11T07:30:00.000000,2.3393946885428445,ev_charging
ASSET_005,2025-01-11T08:00:00.000000,2.2570563738438367,ev_charging
ASSET_005,2025-01-11T08:30:00.000000,2.6437803306328673,ev_charging
ASSET_005,2025-01-11T09:00:00.000000,0.18073122299403646,ev_charging
ASSET_005,2025-01-11T09:30:00.000000,0.5637381838059335,ev_charging
ASSET_005,2025-01-11T10:00:00.000000,0.5636019054877852,ev_charging
ASSET_005,2025-01-11T10:30:00.000000,0.7352125583858403,ev_charging
ASSET_005,2025-01-11T11:00:00.000000,0.32493956356466713,ev_charging
ASSET_005,2025-01-11T11:30:00.000000,0.5305075956659369,ev_charging
ASSET_005,2025-01-11T12:00:00.000000,0.8180312114801523,ev_charging
ASSET_005,2025-01-11T12:30:00.000000,0.28683922133321915,ev_charging
ASSET_005,2025-01-11T13:00:00.000000,0.11875869750567836,ev_charging
ASSET_005,2025-01-11T13:30:00.000000,0.055555304501898994,ev_charging
ASSET_005,2025-01-11T14:00:00.000000,0.5305790252878082,ev_charging
ASSET_005,2025-01-11T14:30:00.000000,0.054979979737838025,ev_charging
ASSET_005,2025-01-11T15:00:00.000000,0.33178583065815914,ev_charging
ASSET_005,2025-01-11T15:30:00.000000,0.48012202319678104,ev_charging
ASSET_005,2025-01-11T16:00:00.000000,2.8339268037120524,ev_charging
ASSET_005,2025-01-11T16:30:00.000000,2.8779475769023146,ev_charging
ASSET_005,2025-01-11T17:00:00.000000,2.840726677152085,ev_charging
ASSET_005,2025-01-11T17:30:00.000000,3.0343064865106326,ev_charging
ASSET_005,2025-01-11T18:00:00.000000,2.625522034528928,ev_charging
ASSET_005,2025-01-11T18:30:00.000000,2.6759648192752765,ev_charging
ASSET_005,2025-01-11T19:00:00.000000,2.65843775163431,ev_charging
ASSET_005,2025-01-11T19:30:00.000000,2.952102999816257,ev_charging
ASSET_005,2025-01-11T20:00:00.000000,2.964965884230953,ev_charging
ASSET_005,2025-01-11T20:30:00.000000,2.8826709245751414,ev_charging
ASSET_005,2025-01-11T21:00:00.000000,0.6168329468266189,ev_charging
ASSET_005,2025-01-11T21:30:00.000000,0.1841660839413988,ev_charging
ASSET_005,2025-01-11T22:00:00.000000,1.9054592747234764,ev_charging
ASSET_005,2025-01-11T22:30:00.000000,1.8790790760494245,ev_charging
ASSET_005,2025-01-11T23:00:00.000000,1.7347764587810959,ev_charging
ASSET_005,2025-01-11T23:30:00.000000,1.9264510143569837,ev_charging
ASSET_005,2025-01-12T00:00:00.000000,1.296482962307608,ev_charging
ASSET_005,2025-01-12T00:30:00.000000,1.50391360932045,ev_charging
ASSET_005,2025-01-12T01:00:00.000000,1.4652819016679137,ev_charging
ASSET_005,2025-01-12T01:30:00.000000,1.7321853189598277,ev_charging
ASSET_005,2025-01-12T02:00:00.000000,0.20759921449432117,ev_charging
ASSET_005,2025-01-12T02:30:00.000000,0.5387839327179036,ev_charging
ASSET_005,2025-01-12T03:00:00.000000,0.6511018006679694,ev_charging
ASSET_005,2025-01-12T03:30:00.000000,0.5273711027653899,ev_charging
ASSET_005,2025-01-12T04:00:00.000000,0.4519872411208393,ev_charging
ASSET_005,2025-01-12T04:30:00.000000,0.21900749147068416,ev_charging
ASSET_005,2025-01-12T05:00:00.000000,0.24484480513488854,ev_charging
ASSET_005,2025-01-12T05:30:00.000000,0.6289480351489964,ev_charging
ASSET_005,2025-01-12T06:00:00.000000,2.542787871072656,ev_charging
ASSET_005,2025-01-12T06:30:00.000000,2.392851066628329,ev_charging
ASSET_005,2025-01-12T07:00:00.000000,2.323433001079321,ev_charging
ASSET_005,2025-01-12T07:30:00.000000,2.028843057533523,ev_charging
ASSET_005,2025-01-12T08:00:00.000000,2.203804539005316,ev_charging
ASSET_005,2025-01-12T08:30:00.000000,2.7501992827509567,ev_charging
ASSET_005,2025-01-12T09:00:00.000000,0.16540224716990518,ev_charging
ASSET_005,2025-01-12T09:30:00.000000,0.43471541010229087,ev_charging
ASSET_005,2025-01-12T10:00:00.000000,0.5845781279461204,ev_charging
ASSET_005,2025-01-12T10:30:00.000000,0.17008023975529427,ev_charging
ASSET_005,2025-01-12T11:00:00.000000,0.4338415977009628,ev_charging
ASSET_005,2025-01-12T11:30:00.000000,0.5718395252653451,ev_charging
ASSET_005,2025-01-12T12:00:00.000000,0.4022900543351498,ev_charging
ASSET_005,2025-01-12T12:30:00.000000,0.9255324169846616,ev_charging
ASSET_005,2025-01-12T13:00:00.000000,0.09428877864124491,ev_charging
ASSET_005,2025-01-12T13:30:00.000000,0.5939741913680108,ev_charging
ASSET_005,2025-01-12T14:00:00.000000,0.36834025311271923,ev_charging
ASSET_005,2025-01-12T14:30:00.000000,0.5414267997968623,ev_charging
ASSET_005,2025-01-12T15:00:00.000000,0.4808537745791833,ev_charging
ASSET_005,2025-01-12T15:30:00.000000,0.26567531102948994,ev_charging
ASSET_005,2025-01-12T16:00:00.000000,2.8419554104755864,ev_charging
ASSET_005,2025-01-12T16:30:00.000000,2.459605912654528,ev_charging
ASSET_005,2025-01-12T17:00:00.000000,2.9105235599261166,ev_charging
ASSET_005,2025-01-12T17:30:00.000000,2.8546268903761214,ev_charging
ASSET_005,2025-01-12T18:00:00.000000,2.9170116666121118,ev_charging
ASSET_005,2025-01-12T18:30:00.000000,2.993862393132039,ev_charging
ASSET_005,2025-01-12T19:00:00.000000,2.8673532064384224,ev_charging
ASSET_005,2025-01-12T19:30:00.000000,2.8271320972701846,ev_charging
ASSET_005,2025-01-12T20:00:00.000000,2.6385756940331277,ev_charging
ASSET_005,2025-01-12T20:30:00.000000,2.6695109815171563,ev_charging
ASSET_005,2025-01-12T21:00:00.000000,0.617426735768204,ev_charging
ASSET_005,2025-01-12T21:30:00.000000,0.6631571654025596,ev_charging
ASSET_005,2025-01-12T22:00:00.000000,1.55637476648997,ev_charging
ASSET_005,2025-01-12T22:30:00.000000,1.6084283604789036,ev_charging
ASSET_005,2025-01-12T23:00:00.000000,1.434261723438642,ev_charging
ASSET_005,2025-01-12T23:30:00.000000,1.8148658077222142,ev_charging
ASSET_005,2025-01-13T00:00:00.000000,2.5219138680549578,ev_charging
ASSET_005,2025-01-13T00:30:00.000000,2.7556587660378224,ev_charging
ASSET_005,2025-01-13T01:00:00.000000,2.2390786647881407,ev_charging
ASSET_005,2025-01-13T01:30:00.000000,2.3307435527870193,ev_charging
ASSET_005,2025-01-13T02:00:00.000000,0.6424041993770067,ev_charging
ASSET_005,2025-01-13T02:30:00.000000,0.7184461188761858,ev_charging
ASSET_005,2025-01-13T03:00:00.000000,0.560486607835023,ev_charging
ASSET_005,2025-01-13T03:30:00.000000,0.4400610573561613,ev_charging
ASSET_005,2025-01-13T04:00:00.000000,0.7614864508349257,ev_charging
ASSET_005,2025-01-13T04:30:00.000000,0.7321223003521012,ev_charging
ASSET_005,2025-01-13T05:00:00.000000,0.4321254951467175,ev_charging
ASSET_005,2025-01-13T05:30:00.000000,0.8483364846311141,ev_charging
ASSET_005,2025-01-13T06:00:00.000000,3.8143971206492346,ev_charging
ASSET_005,2025-01-13T06:30:00.000000,3.6246050368171847,ev_charging
ASSET_005,2025-01-13T07:00:00.000000,3.614583465499609,ev_charging
ASSET_005,2025-01-13T07:30:00.000000,3.7015112987794496,ev_charging
ASSET_005,2025-01-13T08:00:00.000000,3.4421236874851924,ev_charging
ASSET_005,2025-01-13T08:30:00.000000,3.6055021960039904,ev_charging
ASSET_005,2025-01-13T09:00:00.000000,0.2056525862912465,ev_charging
ASSET_005,2025-01-13T09:30:00.000000,0.7605791950510735,ev_charging
ASSET_005,2025-01-13T10:00:00.000000,0.3139121346026164,ev_charging
ASSET_005,2025-01-13T10:30:00.000000,0.8754479899943131,ev_charging
ASSET_005,2025-01-13T11:00:00.000000,0.5395172827840039,ev_charging
ASSET_005,2025-01-13T11:30:00.000000,0.5612195850961808,ev_charging
ASSET_005,2025-01-13T12:00:00.000000,0.48499018077808875,ev_charging
ASSET_005,2025-01-13T12:30:00.000000,0.5472271634564195,ev_charging
ASSET_005,2025-01-13T13:00:00.000000,0.8598952071646224,ev_charging
ASSET_005,2025-01-13T13:30:00.000000,0.14419791399910858,ev_charging
ASSET_005,2025-01-13T14:00:00.000000,0.8339583010940144,ev_charging
ASSET_005,2025-01-13T14:30:00.000000,0.6619307306447058,ev_charging
ASSET_005,2025-01-13T15:00:00.000000,0.3788563909461601,ev_charging
ASSET_005,2025-01-13T15:30:00.000000,0.40298740798776456,ev_charging
ASSET_005,2025-01-13T16:00:00.000000,4.507139151056361,ev_charging
ASSET_005,2025-01-13T16:30:00.000000,4.02676963235335,ev_charging
ASSET_005,2025-01-13T17:00:00.000000,3.9886897100229546,ev_charging
ASSET_005,2025-01-13T17:30:00.000000,4.408372271511824,ev_charging
ASSET_005,2025-01-13T18:00:00.000000,4.262027723405241,ev_charging
ASSET_005,2025-01-13T18:30:00.000000,4.0281586354417245,ev_charging
ASSET_005,2025-01-13T19:00:00.000000,4.239688790136632,ev_charging
ASSET_005,2025-01-13T19:30:00.000000,4.012067454747335,ev_charging
ASSET_005,2025-01-13T20:00:00.000000,4.401686206210999,ev_charging
ASSET_005,2025-01-13T20:30:00.000000,4.394458323207114,ev_charging
ASSET_005,2025-01-13T21:00:00.000000,0.6974711357127346,ev_charging
ASSET_005,2025-01-13T21:30:00.000000,0.6662614730070426,ev_charging
ASSET_005,2025-01-13T22:00:00.000000,2.722674824306058,ev_charging
ASSET_005,2025-01-13T22:30:00.000000,2.3999425306964857,ev_charging
ASSET_005,2025-01-13T23:00:00.000000,2.183463776306832,ev_charging
ASSET_005,2025-01-13T23:30:00.000000,2.482350041886776,ev_charging
ASSET_005,2025-01-14T00:00:00.000000,2.7821936201473356,ev_charging
ASSET_005,2025-01-14T00:30:00.000000,2.2140815642841636,ev_charging
ASSET_005,2025-01-14T01:00:00.000000,2.333774857387852,ev_charging
ASSET_005,2025-01-14T01:30:00.000000,2.4762988634093017,ev_charging
ASSET_005,2025-01-14T02:00:00.000000,0.590123861592877,ev_charging
ASSET_005,2025-01-14T02:30:00.000000,0.4200279511665848,ev_charging
ASSET_005,2025-01-14T03:00:00.000000,0.8055403858022255,ev_charging
ASSET_005,2025-01-14T03:30:00.000000,1.025064603712448,ev_charging
ASSET_005,2025-01-14T04:00:00.000000,0.6359340851711659,ev_charging
ASSET_005,2025-01-14T04:30:00.000000,0.4343617740590827,ev_charging
ASSET_005,2025-01-14T05:00:00.000000,0.31620830380270254,ev_charging
ASSET_005,2025-01-14T05:30:00.000000,0.6472648851308807,ev_charging
ASSET_005,2025-01-14T06:00:00.000000,3.802246098971871,ev_charging
ASSET_005,2025-01-14T06:30:00.000000,3.6870575192686177,ev_charging
ASSET_005,2025-01-14T07:00:00.000000,3.599559582003081,ev_charging
ASSET_005,2025-01-14T07:30:00.000000,3.4920370152257445,ev_charging
ASSET_005,2025-01-14T08:00:00.000000,3.3999000201484355,ev_charging
ASSET_005,2025-01-14T08:30:00.000000,3.7529383680016655,ev_charging
ASSET_005,2025-01-14T09:00:00.000000,0.7674160149181448,ev_charging
ASSET_005,2025-01-14T09:30:00.000000,0.316800221224162,ev_charging
ASSET_005,2025-01-14T10:00:00.000000,0.8912812127881039,ev_charging
ASSET_005,2025-01-14T10:30:00.000000,0.7051780486852224,ev_charging
ASSET_005,2025-01-14T11:00:00.000000,0.8564257331999258,ev_charging
ASSET_005,2025-01-14T11:30:00.000000,0.3541030232239771,ev_charging
ASSET_005,2025-01-14T12:00:00.000000,0.34976150295424274,ev_charging
ASSET_005,2025-01-14T12:30:00.000000,0.5727066943176345,ev_charging
ASSET_005,2025-01-14T13:00:00.000000,0.6921172896418695,ev_charging
ASSET_005,2025-01-14T13:30:00.000000,0.9291189650576901,ev_charging
ASSET_005,2025-01-14T14:00:00.000000,0.729363743852558,ev_charging
ASSET_005,2025-01-14T14:30:00.000000,0.5555373232126525,ev_charging
ASSET_005,2025-01-14T15:00:00.000000,0.4119544987383561,ev_charging
ASSET_005,2025-01-14T15:30:00.000000,0.8253536763589014,ev_charging
ASSET_005,2025-01-14T16:00:00.000000,4.023252184496387,ev_charging
ASSET_005,2025-01-14T16:30:00.000000,4.498358703070786,ev_charging
ASSET_005,2025-01-14T17:00:00.000000,4.147896669554236,ev_charging
ASSET_005,2025-01-14T17:30:00.000000,4.491417358304628,ev_charging
ASSET_005,2025-01-14T18:00:00.000000,4.324389911357289,ev_charging
ASSET_005,2025-01-14T18:30:00.000000,4.1749004692557214,ev_charging
ASSET_005,2025-01-14T19:00:00.000000,4.104839164733285,ev_charging
ASSET_005,2025-01-14T19:30:00.000000,4.137540806757665,ev_charging
ASSET_005,2025-01-14T20:00:00.000000,4.278473736853035,ev_charging
ASSET_005,2025-01-14T20:30:00.000000,4.214136172342746,ev_charging
ASSET_005,2025-01-14T21:00:00.000000,0.4912052670216979,ev_charging
ASSET_005,2025-01-14T21:30:00.000000,0.5696539594668052,ev_charging
ASSET_005,2025-01-14T22:00:00.000000,2.4143964343735442,ev_charging
ASSET_005,2025-01-14T22:30:00.000000,2.0099855034161433,ev_charging
ASSET_005,2025-01-14T23:00:00.000000,2.483942943888072,ev_charging
ASSET_005,2025-01-14T23:30:00.000000,2.220501075614385,ev_charging
ASSET_006,2025-01-01T00:00:00.000000,2.1886930275555185,ev_charging
ASSET_006,2025-01-01T00:30:00.000000,2.0908544106900733,ev_charging
ASSET_006,2025-01-01T01:00:00.000000,2.0713332673549187,ev_charging
ASSET_006,2025-01-01T01:30:00.000000,2.1516626538940695,ev_charging
ASSET_006,2025-01-01T02:00:00.000000,0.4700972316912708,ev_charging
ASSET_006,2025-01-01T02:30:00.000000,0.957864977696832,ev_charging
ASSET_006,2025-01-01T03:00:00.000000,0.5036513308092001,ev_charging
ASSET_006,2025-01-01T03:30:00.000000,0.6325663587555357,ev_charging
ASSET_006,2025-01-01T04:00:00.000000,0.6733739111706238,ev_charging
ASSET_006,2025-01-01T04:30:00.000000,0.6240130144745466,ev_charging
ASSET_006,2025-01-01T05:00:00.000000,0.5858112516598447,ev_charging
ASSET_006,2025-01-01T05:30:00.000000,0.38100510688342404,ev_charging
ASSET_006,2025-01-01T06:00:00.000000,3.8658306543811554,ev_charging
ASSET_006,2025-01-01T06:30:00.000000,3.9311042422093694,ev_charging
ASSET_006,2025-01-01T07:00:00.000000,3.291712889255379,ev_charging
ASSET_006,2025-01-01T07:30:00.000000,3.4123833331697453,ev_charging
ASSET_006,2025-01-01T08:00:00.000000,3.5487347479859266,ev_charging
ASSET_006,2025-01-01T08:30:00.000000,3.423282896861097,ev_charging
ASSET_006,2025-01-01T09:00:00.000000,0.6927001174724496,ev_charging
ASSET_006,2025-01-01T09:30:00.000000,0.4665701286305026,ev_charging
ASSET_006,2025-01-01T10:00:00.000000,0.9966692009945668,ev_charging
ASSET_006,2025-01-01T10:30:00.000000,0.8181255103208088,ev_charging
ASSET_006,2025-01-01T11:00:00.000000,0.6389465991836879,ev_charging
ASSET_006,2025-01-01T11:30:00.000000,0.7881585546725081,ev_charging
ASSET_006,2025-01-01T12:00:00.000000,0.8026167563197498,ev_charging
ASSET_006,2025-01-01T12:30:00.000000,0.4966767637950432,ev_charging
ASSET_006,2025-01-01T13:00:00.000000,0.4504573405535614,ev_charging
ASSET_006,2025-01-01T13:30:00.000000,0.6143169254655104,ev_charging
ASSET_006,2025-01-01T14:00:00.000000,0.7578640470955162,ev_charging
ASSET_006,2025-01-01T14:30:00.000000,0.6254778516104297,ev_charging
ASSET_006,2025-01-01T15:00:00.000000,0.31107171594143507,ev_charging
ASSET_006,2025-01-01T15:30:00.000000,0.4529110929475778,ev_charging
ASSET_006,2025-01-01T16:00:00.000000,4.186447114634316,ev_charging
ASSET_006,2025-01-01T16:30:00.000000,4.1861369803503035,ev_charging
ASSET_006,2025-01-01T17:00:00.000000,4.561397905961847,ev_charging
ASSET_006,2025-01-01T17:30:00.000000,3.946067209124755,ev_charging
ASSET_006,2025-01-01T18:00:00.000000,4.292631171807788,ev_charging
ASSET_006,2025-01-01T18:30:00.000000,4.472826794490148,ev_charging
ASSET_006,2025-01-01T19:00:00.000000,4.616162042643534,ev_charging
ASSET_006,2025-01-01T19:30:00.000000,4.125908614966653,ev_charging
ASSET_006,2025-01-01T20:00:00.000000,4.290036896159094,ev_charging
ASSET_006,2025-01-01T20:30:00.000000,4.304388236872467,ev_charging
ASSET_006,2025-01-01T21:00:00.000000,0.6358150458167279,ev_charging
ASSET_006,2025-01-01T21:30:00.000000,0.5818901470586557,ev_charging
ASSET_006,2025-01-01T22:00:00.000000,2.479876919576258,ev_charging
ASSET_006,2025-01-01T22:30:00.000000,1.936056342243679,ev_charging
ASSET_006,2025-01-01T23:00:00.000000,2.524964874429332,ev_charging
ASSET_006,2025-01-01T23:30:00.000000,2.423117594492353,ev_charging
ASSET_006,2025-01-02T00:00:00.000000,2.3592394206974108,ev_charging
ASSET_006,2025-01-02T00:30:00.000000,2.7750143951443333,ev_charging
ASSET_006,2025-01-02T01:00:00.000000,2.2763424458430164,ev_charging
ASSET_006,2025-01-02T01:30:00.000000,2.326150720574871,ev_charging
ASSET_006,2025-01-02T02:00:00.000000,0.9648810157253673,ev_charging
ASSET_006,2025-01-02T02:30:00.000000,0.4475544823614369,ev_charging
ASSET_006,2025-01-02T03:00:00.000000,0.4992110213762698,ev_charging
ASSET_006,2025-01-02T03:30:00.000000,0.5730628420642764,ev_charging
ASSET_006,2025-01-02T04:00:00.000000,0.7540345676187352,ev_charging
ASSET_006,2025-01-02T04:30:00.000000,0.6380723879543749,ev_charging
ASSET_006,2025-01-02T05:00:00.000000,0.3631725703253175,ev_charging
ASSET_006,2025-01-02T05:30:00.000000,0.5024991168270542,ev_charging
ASSET_006,2025-01-02T06:00:00.000000,3.4887239913436194,ev_charging
ASSET_006,2025-01-02T06:30:00.000000,3.585852001357349,ev_charging
ASSET_006,2025-01-02T07:00:00.000000,3.678020641741822,ev_charging
ASSET_006,2025-01-02T07:30:00.000000,3.6766212688466173,ev_charging
ASSET_006,2025-01-02T08:00:00.000000,3.274609275061846,ev_charging
ASSET_006,2025-01-02T08:30:00.000000,3.7949291880781137,ev_charging
ASSET_006,2025-01-02T09:00:00.000000,0.6462742207129528,ev_charging
ASSET_006,2025-01-02T09:30:00.000000,0.853666050148455,ev_charging
ASSET_006,2025-01-02T10:00:00.000000,0.681383479250041,ev_charging
ASSET_006,2025-01-02T10:30:00.000000,0.8017780990423021,ev_charging
ASSET_006,2025-01-02T11:00:00.000000,0.685477765990684,ev_charging
ASSET_006,2025-01-02T11:30:00.000000,0.8466477903328606,ev_charging
ASSET_006,2025-01-02T12:00:00.000000,0.6956837772418287,ev_charging
ASSET_006,2025-01-02T12:30:00.000000,0.582060528062425,ev_charging
ASSET_006,2025-01-02T13:00:00.000000,1.016342504139018,ev_charging
ASSET_006,2025-01-02T13:30:00.000000,0.7628843013319946,ev_charging
ASSET_006,2025-01-02T14:00:00.000000,0.70511817427688,ev_charging
ASSET_006,2025-01-02T14:30:00.000000,0.36616279796994056,ev_charging
ASSET_006,2025-01-02T15:00:00.000000,0.3639636400861446,ev_charging
ASSET_006,2025-01-02T15:30:00.000000,0.6536296579781324,ev_charging
ASSET_006,2025-01-02T16:00:00.000000,4.226661562305396,ev_charging
ASSET_006,2025-01-02T16:30:00.000000,4.087483972910976,ev_charging
ASSET_006,2025-01-02T17:00:00.000000,4.225830044607496,ev_charging
ASSET_006,2025-01-02T17:30:00.000000,4.491059147887988,ev_charging
ASSET_006,2025-01-02T18:00:00.000000,4.32740766765868,ev_charging
ASSET_006,2025-01-02T18:30:00.000000,3.9909509408917305,ev_charging
ASSET_006,2025-01-02T19:00:00.000000,4.179569989884168,ev_charging
ASSET_006,2025-01-02T19:30:00.000000,4.052518641186656,ev_charging
ASSET_006,2025-01-02T20:00:00.000000,4.128967836743717,ev_charging
ASSET_006,2025-01-02T20:30:00.000000,4.124219701261426,ev_charging
ASSET_006,2025-01-02T21:00:00.000000,0.5124885057586233,ev_charging
ASSET_006,2025-01-02T21:30:00.000000,0.3700412693491601,ev_charging
ASSET_006,2025-01-02T22:00:00.000000,2.37661183870756,ev_charging
ASSET_006,2025-01-02T22:30:00.000000,2.297288672249046,ev_charging
ASSET_006,2025-01-02T23:00:00.000000,1.8632831507245844,ev_charging
ASSET_006,2025-01-02T23:30:00.000000,2.776133803060483,ev_charging
ASSET_006,2025-01-03T00:00:00.000000,2.5994781545046974,ev_charging
ASSET_006,2025-01-03T00:30:00.000000,2.3310563314690986,ev_charging
ASSET_006,2025-01-03T01:00:00.000000,2.4034479187560454,ev_charging
ASSET_006,2025-01-03T01:30:00.000000,2.1853361856521754,ev_charging
ASSET_006,2025-01-03T02:00:00.000000,0.9106806558274907,ev_charging
ASSET_006,2025-01-03T02:30:00.000000,0.9476103930066451,ev_charging
ASSET_006,2025-01-03T03:00:00.000000,0.6287085294965954,ev_charging
ASSET_006,2025-01-03T03:30:00.000000,0.7875254358811007,ev_charging
ASSET_006,2025-01-03T04:00:00.000000,0.6321150419975368,ev_charging
ASSET_006,2025-01-03T04:30:00.000000,0.3550928035202312,ev_charging
ASSET_006,2025-01-03T05:00:00.000000,0.5245480756148727,ev_charging
ASSET_006,2025-01-03T05:30:00.000000,0.6241710881978622,ev_charging
ASSET_006,2025-01-03T06:00:00.000000,3.5167203643873615,ev_charging
ASSET_006,2025-01-03T06:30:00.000000,3.559939595955652,ev_charging
ASSET_006,2025-01-03T07:00:00.000000,3.5832542953563653,ev_charging
ASSET_006,2025-01-03T07:30:00.000000,3.5851819037839348,ev_charging
ASSET_006,2025-01-03T08:00:00.000000,3.6095745020090027,ev_charging
ASSET_006,2025-01-03T08:30:00.000000,3.4056820003351937,ev_charging
ASSET_006,2025-01-03T09:00:00.000000,0.4686323983919174,ev_charging
ASSET_006,2025-01-03T09:30:00.000000,0.36464581131996987,ev_charging
ASSET_006,2025-01-03T10:00:00.000000,0.7791497774960788,ev_charging
ASSET_006,2025-01-03T10:30:00.000000,0.21421539958425473,ev_charging
ASSET_006,2025-01-03T11:00:00.000000,0.8113542307577082,ev_charging
ASSET_006,2025-01-03T11:30:00.000000,0.8539990145699423,ev_charging
ASSET_006,2025-01-03T12:00:00.000000,0.5446361995992554,ev_charging
ASSET_006,2025-01-03T12:30:00.000000,0.12306809783735556,ev_charging
ASSET_006,2025-01-03T13:00:00.000000,0.5338027434681356,ev_charging
ASSET_006,2025-01-03T13:30:00.000000,0.5882405447352984,ev_charging
ASSET_006,2025-01-03T14:00:00.000000,0.4148439689915955,ev_charging
ASSET_006,2025-01-03T14:30:00.000000,0.5056046299915612,ev_charging
ASSET_006,2025-01-03T15:00:00.000000,0.8803536203631783,ev_charging
ASSET_006,2025-01-03T15:30:00.000000,0.7218241550931404,ev_charging
ASSET_006,2025-01-03T16:00:00.000000,4.030606646187155,ev_charging
ASSET_006,2025-01-03T16:30:00.000000,3.907297009284837,ev_charging
ASSET_006,2025-01-03T17:00:00.000000,4.140085755737924,ev_charging
ASSET_006,2025-01-03T17:30:00.000000,4.160891668640438,ev_charging
ASSET_006,2025-01-03T18:00:00.000000,4.290910779684779,ev_charging
ASSET_006,2025-01-03T18:30:00.000000,4.101922330875997,ev_charging
ASSET_006,2025-01-03T19:00:00.000000,4.293714029343084,ev_charging
ASSET_006,2025-01-03T19:30:00.000000,4.554547865196749,ev_charging
ASSET_006,2025-01-03T20:00:00.000000,4.3494114373263955,ev_charging
ASSET_006,2025-01-03T20:30:00.000000,4.191189498478327,ev_charging
ASSET_006,2025-01-03T21:00:00.000000,0.5664442172677356,ev_charging
ASSET_006,2025-01-03T21:30:00.000000,0.5346523864877593,ev_charging
ASSET_006,2025-01-03T22:00:00.000000,2.6163102814599823,ev_charging
ASSET_006,2025-01-03T22:30:00.000000,2.2850672150810647,ev_charging
ASSET_006,2025-01-03T23:00:00.000000,2.4082854463274965,ev_charging
ASSET_006,2025-01-03T23:30:00.000000,2.409380187023213,ev_charging
ASSET_006,2025-01-04T00:00:00.000000,1.5080659675313157,ev_charging
ASSET_006,2025-01-04T00:30:00.000000,1.3485447049769488,ev_charging
ASSET_006,2025-01-04T01:00:00.000000,1.6591735429842371,ev_charging
ASSET_006,2025-01-04T01:30:00.000000,1.5888232008707817,ev_charging
ASSET_006,2025-01-04T02:00:00.000000,0.49165120029320014,ev_charging
ASSET_006,2025-01-04T02:30:00.000000,0.30223680099882405,ev_charging
ASSET_006,2025-01-04T03:00:00.000000,0.6236719022468191,ev_charging
ASSET_006,2025-01-04T03:30:00.000000,0.23936251794225843,ev_charging
ASSET_006,2025-01-04T04:00:00.000000,0.7136702377504212,ev_charging
ASSET_006,2025-01-04T04:30:00.000000,0.07980802516360774,ev_charging
ASSET_006,2025-01-04T05:00:00.000000,0.47965608682774474,ev_charging
ASSET_006,2025-01-04T05:30:00.000000,0.48710569290577066,ev_charging
ASSET_006,2025-01-04T06:00:00.000000,2.25424258005226,ev_charging
ASSET_006,2025-01-04T06:30:00.000000,2.477755032186679,ev_charging
ASSET_006,2025-01-04T07:00:00.000000,2.634426099138201,ev_charging
ASSET_006,2025-01-04T07:30:00.000000,1.9938471197897734,ev_charging
ASSET_006,2025-01-04T08:00:00.000000,2.4921100308009962,ev_charging
ASSET_006,2025-01-04T08:30:00.000000,1.943197167560954,ev_charging
ASSET_006,2025-01-04T09:00:00.000000,0.22307641278306936,ev_charging
ASSET_006,2025-01-04T09:30:00.000000,0.698486551855066,ev_charging
ASSET_006,2025-01-04T10:00:00.000000,0.29340922031067007,ev_charging
ASSET_006,2025-01-04T10:30:00.000000,0.18492842080649893,ev_charging
ASSET_006,2025-01-04T11:00:00.000000,0.36373498036816365,ev_charging
ASSET_006,2025-01-04T11:30:00.000000,0.7788699826706795,ev_charging
ASSET_006,2025-01-04T12:00:00.000000,0.06440964542261018,ev_charging
ASSET_006,2025-01-04T12:30:00.000000,0.20738500547464866,ev_charging
ASSET_006,2025-01-04T13:00:00.000000,0.6743508762396959,ev_charging
ASSET_006,2025-01-04T13:30:00.000000,0.7403576079410203,ev_charging
ASSET_006,2025-01-04T14:00:00.000000,0.38104992212110156,ev_charging
ASSET_006,2025-01-04T14:30:00.000000,0.17298784414422586,ev_charging
ASSET_006,2025-01-04T15:00:00.000000,0.7839884701528924,ev_charging
ASSET_006,2025-01-04T15:30:00.000000,0.6921246239169065,ev_charging
ASSET_006,2025-01-04T16:00:00.000000,2.924392787400724,ev_charging
ASSET_006,2025-01-04T16:30:00.000000,2.651156283926823,ev_charging
ASSET_006,2025-01-04T17:00:00.000000,2.791017124339317,ev_charging
ASSET_006,2025-01-04T17:30:00.000000,2.7706197422942864,ev_charging
ASSET_006,2025-01-04T18:00:00.000000,2.860616685452783,ev_charging
ASSET_006,2025-01-04T18:30:00.000000,3.0658441920576345,ev_charging
ASSET_006,2025-01-04T19:00:00.000000,2.9611217650369603,ev_charging
ASSET_006,2025-01-04T19:30:00.000000,2.6026093116095783,ev_charging
ASSET_006,2025-01-04T20:00:00.000000,3.05219381387858,ev_charging
ASSET_006,2025-01-04T20:30:00.000000,2.857370281366696,ev_charging
ASSET_006,2025-01-04T21:00:00.000000,0.5258802690270086,ev_charging
ASSET_006,2025-01-04T21:30:00.000000,0.6686912360035441,ev_charging
ASSET_006,2025-01-04T22:00:00.000000,1.3963426185712673,ev_charging
ASSET_006,2025-01-04T22:30:00.000000,1.5934362421869945,ev_charging
ASSET_006,2025-01-04T23:00:00.000000,1.5026299339831153,ev_charging
ASSET_006,2025-01-04T23:30:00.000000,1.3127457552812576,ev_charging
ASSET_006,2025-01-05T00:00:00.000000,1.6635222208969016,ev_charging
ASSET_006,2025-01-05T00:30:00.000000,2.060153039629575,ev_charging
ASSET_006,2025-01-05T01:00:00.000000,1.2628714703816246,ev_charging
ASSET_006,2025-01-05T01:30:00.000000,1.5940857309041507,ev_charging
ASSET_006,2025-01-05T02:00:00.000000,0.5173566163190567,ev_charging
ASSET_006,2025-01-05T02:30:00.000000,0.4225496848034361,ev_charging
ASSET_006,2025-01-05T03:00:00.000000,0.3792733246640804,ev_charging
ASSET_006,2025-01-05T03:30:00.000000,0.16196500198296146,ev_charging
ASSET_006,2025-01-05T04:00:00.000000,0.4426498568315371,ev_charging
ASSET_006,2025-01-05T04:30:00.000000,0.26135002849672495,ev_charging
ASSET_006,2025-01-05T05:00:00.000000,0.0,ev_charging
ASSET_006,2025-01-05T05:30:00.000000,0.6188663604012657,ev_charging
ASSET_006,2025-01-05T06:00:00.000000,2.57558997342106,ev_charging
ASSET_006,2025-01-05T06:30:00.000000,2.4094650289730732,ev_charging
ASSET_006,2025-01-05T07:00:00.000000,2.441969755374831,ev_charging
ASSET_006,2025-01-05T07:30:00.000000,2.596830407329673,ev_charging
ASSET_006,2025-01-05T08:00:00.000000,2.4411022299739846,ev_charging
ASSET_006,2025-01-05T08:30:00.000000,2.56562893056877,ev_charging
ASSET_006,2025-01-05T09:00:00.000000,0.3454970110541839,ev_charging
ASSET_006,2025-01-05T09:30:00.000000,0.6403741635315838,ev_charging
ASSET_006,2025-01-05T10:00:00.000000,0.4587725276440953,ev_charging
ASSET_006,2025-01-05T10:30:00.000000,0.43555308823921907,ev_charging
ASSET_006,2025-01-05T11:00:00.000000,0.16730666481811696,ev_charging
ASSET_006,2025-01-05T11:30:00.000000,0.45257441187742026,ev_charging
ASSET_006,2025-01-05T12:00:00.000000,0.2475739740447666,ev_charging
ASSET_006,2025-01-05T12:30:00.000000,0.2830574861753152,ev_charging
ASSET_006,2025-01-05T13:00:00.000000,0.250611536669225,ev_charging
ASSET_006,2025-01-05T13:30:00.000000,0.2046505285484634,ev_charging
ASSET_006,2025-01-05T14:00:00.000000,0.7892884749098934,ev_charging
ASSET_006,2025-01-05T14:30:00.000000,0.6439203352857326,ev_charging
ASSET_006,2025-01-05T15:00:00.000000,0.751838760214288,ev_charging
ASSET_006,2025-01-05T15:30:00.000000,0.17594816248856987,ev_charging
ASSET_006,2025-01-05T16:00:00.000000,2.813054704894389,ev_charging
ASSET_006,2025-01-05T16:30:00.000000,2.5630109243822496,ev_charging
ASSET_006,2025-01-05T17:00:00.000000,2.6725387599992523,ev_charging
ASSET_006,2025-01-05T17:30:00.000000,2.631786020538321,ev_charging
ASSET_006,2025-01-05T18:00:00.000000,3.0271094983230435,ev_charging
ASSET_006,2025-01-05T18:30:00.000000,2.727405062547785,ev_charging
ASSET_006,2025-01-05T19:00:00.000000,2.995742356494654,ev_charging
ASSET_006,2025-01-05T19:30:00.000000,2.9106835772710395,ev_charging
ASSET_006,2025-01-05T20:00:00.000000,3.222059528510628,ev_charging
ASSET_006,2025-01-05T20:30:00.000000,2.5289446834033296,ev_charging
ASSET_006,2025-01-05T21:00:00.000000,0.6307095185752243,ev_charging
ASSET_006,2025-01-05T21:30:00.000000,0.6100443451841333,ev_charging
ASSET_006,2025-01-05T22:00:00.000000,1.4216630914614754,ev_charging
ASSET_006,2025-01-05T22:30:00.000000,1.7845212148609755,ev_charging
ASSET_006,2025-01-05T23:00:00.000000,1.6615865592973056,ev_charging
ASSET_006,2025-01-05T23:30:00.000000,1.5583230995156794,ev_charging
ASSET_006,2025-01-06T00:00:00.000000,2.2490432482797726,ev_charging
ASSET_006,2025-01-06T00:30:00.000000,2.2682488755023456,ev_charging
ASSET_006,2025-01-06T01:00:00.000000,2.7755548589779213,ev_charging
ASSET_006,2025-01-06T01:30:00.000000,2.4001251021875674,ev_charging
ASSET_006,2025-01-06T02:00:00.000000,0.7432973895662995,ev_charging
ASSET_006,2025-01-06T02:30:00.000000,0.455095934715909,ev_charging
ASSET_006,2025-01-06T03:00:00.000000,0.45711979949582116,ev_charging
ASSET_006,2025-01-06T03:30:00.000000,0.7982350739804358,ev_charging
ASSET_006,2025-01-06T04:00:00.000000,0.35273835838359424,ev_charging
ASSET_006,2025-01-06T04:30:00.000000,0.5239269060944984,ev_charging
ASSET_006,2025-01-06T05:00:00.000000,0.6062343078143053,ev_charging
ASSET_006,2025-01-06T05:30:00.000000,0.6204050516942667,ev_charging
ASSET_006,2025-01-06T06:00:00.000000,3.5671875517095395,ev_charging
ASSET_006,2025-01-06T06:30:00.000000,3.672519838465074,ev_charging
ASSET_006,2025-01-06T07:00:00.000000,3.7269410724051917,ev_charging
ASSET_006,2025-01-06T07:30:00.000000,3.734596093150227,ev_charging
ASSET_006,2025-01-06T08:00:00.000000,3.4193866593405016,ev_charging
ASSET_006,2025-01-06T08:30:00.000000,3.5479387267009024,ev_charging
ASSET_006,2025-01-06T09:00:00.000000,0.818897624336739,ev_charging
ASSET_006,2025-01-06T09:30:00.000000,0.7639121454376416,ev_charging
ASSET_006,2025-01-06T10:00:00.000000,0.3484725362107907,ev_charging
ASSET_006,2025-01-06T10:30:00.000000,0.6643961388859569,ev_charging
ASSET_006,2025-01-06T11:00:00.000000,0.2375608739538293,ev_charging
ASSET_006,2025-01-06T11:30:00.000000,0.6085991445560606,ev_charging
ASSET_006,2025-01-06T12:00:00.000000,0.9476980284252452,ev_charging
ASSET_006,2025-01-06T12:30:00.000000,0.42633251287178925,ev_charging
ASSET_006,2025-01-06T13:00:00.000000,0.44714009916529224,ev_charging
ASSET_006,2025-01-06T13:30:00.000000,0.7399811706953132,ev_charging
ASSET_006,2025-01-06T14:00:00.000000,0.31733672239194693,ev_charging
ASSET_006,2025-01-06T14:30:00.000000,0.48407023916749103,ev_charging
ASSET_006,2025-01-06T15:00:00.000000,0.7092765369926568,ev_charging
ASSET_006,2025-01-06T15:30:00.000000,0.4837897714769057,ev_charging
ASSET_006,2025-01-06T16:00:00.000000,4.156766927343133,ev_charging
ASSET_006,2025-01-06T16:30:00.000000,4.336345453354148,ev_charging
ASSET_006,2025-01-06T17:00:00.000000,4.277233264590806,ev_charging
ASSET_006,2025-01-06T17:30:00.000000,4.248884941892693,ev_charging
ASSET_006,2025-01-06T18:00:00.000000,4.137867953833739,ev_charging
ASSET_006,2025-01-06T18:30:00.000000,4.267800482904634,ev_charging
ASSET_006,2025-01-06T19:00:00.000000,4.177330405396009,ev_charging
ASSET_006,2025-01-06T19:30:00.000000,4.2838765278185456,ev_charging
ASSET_006,2025-01-06T20:00:00.000000,4.108954953969456,ev_charging
ASSET_006,2025-01-06T20:30:00.000000,4.166550755765463,ev_charging
ASSET_006,2025-01-06T21:00:00.000000,0.41862559015029166,ev_charging
ASSET_006,2025-01-06T21:30:00.000000,0.5935861057381432,ev_charging
ASSET_006,2025-01-06T22:00:00.000000,2.251413056056572,ev_charging
ASSET_006,2025-01-06T22:30:00.000000,2.195890775381035,ev_charging
ASSET_006,2025-01-06T23:00:00.000000,2.4473904174463623,ev_charging
ASSET_006,2025-01-06T23:30:00.000000,2.4389769660767784,ev_charging
ASSET_006,2025-01-07T00:00:00.000000,2.5434336521530776,ev_charging
ASSET_006,2025-01-07T00:30:00.000000,2.3210116367171336,ev_charging
ASSET_006,2025-01-07T01:00:00.000000,2.474761110866877,ev_charging
ASSET_006,2025-01-07T01:30:00.000000,2.5009139837772816,ev_charging
ASSET_006,2025-01-07T02:00:00.000000,0.6814889155062887,ev_charging
ASSET_006,2025-01-07T02:30:00.000000,0.4487284502580361,ev_charging
ASSET_006,2025-01-07T03:00:00.000000,0.6273655237161142,ev_charging
ASSET_006,2025-01-07T03:30:00.000000,0.6667157042414433,ev_charging
ASSET_006,2025-01-07T04:00:00.000000,0.6013151976870622,ev_charging
ASSET_006,2025-01-07T04:30:00.000000,0.2177274861627262,ev_charging
ASSET_006,2025-01-07T05:00:00.000000,0.6294039918208555,ev_charging
ASSET_006,2025-01-07T05:30:00.000000,1.005367294003852,ev_charging
ASSET_006,2025-01-07T06:00:00.000000,3.534035662545595,ev_charging
ASSET_006,2025-01-07T06:30:00.000000,3.4666058745715067,ev_charging
ASSET_006,2025-01-07T07:00:00.000000,3.668402789689981,ev_charging
ASSET_006,2025-01-07T07:30:00.000000,3.657232150703339,ev_charging
ASSET_006,2025-01-07T08:00:00.000000,3.8185261213780786,ev_charging
ASSET_006,2025-01-07T08:30:00.000000,3.369540584292407,ev_charging
ASSET_006,2025-01-07T09:00:00.000000,0.7339993105610612,ev_charging
ASSET_006,2025-01-07T09:30:00.000000,0.7081737562221431,ev_charging
ASSET_006,2025-01-07T10:00:00.000000,0.5739567237676785,ev_charging
ASSET_006,2025-01-07T10:30:00.000000,0.6620523550335096,ev_charging
ASSET_006,2025-01-07T11:00:00.000000,0.7886113171642705,ev_charging
ASSET_006,2025-01-07T11:30:00.000000,0.7598206392694982,ev_charging
ASSET_006,2025-01-07T12:00:00.000000,0.3905825331807775,ev_charging
ASSET_006,2025-01-07T12:30:00.000000,0.7502646963591298,ev_charging
ASSET_006,2025-01-07T13:00:00.000000,0.5881481234351136,ev_charging
ASSET_006,2025-01-07T13:30:00.000000,0.6133515758149855,ev_charging
ASSET_006,2025-01-07T14:00:00.000000,0.6134107344228105,ev_charging
ASSET_006,2025-01-07T14:30:00.000000,0.5724733381237473,ev_charging
ASSET_006,2025-01-07T15:00:00.000000,0.8183378378628301,ev_charging
ASSET_006,2025-01-07T15:30:00.000000,0.5846616737847693,ev_charging
ASSET_006,2025-01-07T16:00:00.000000,3.994883155764084,ev_charging
ASSET_006,2025-01-07T16:30:00.000000,4.1278997085312605,ev_charging
ASSET_006,2025-01-07T17:00:00.000000,4.232739424901348,ev_charging
ASSET_006,2025-01-07T17:30:00.000000,4.425209708694424,ev_charging
ASSET_006,2025-01-07T18:00:00.000000,4.310495561920983,ev_charging
ASSET_006,2025-01-07T18:30:00.000000,4.04416978642956,ev_charging
ASSET_006,2025-01-07T19:00:00.000000,4.655322295448668,ev_charging
ASSET_006,2025-01-07T19:30:00.000000,4.248510619475608,ev_charging
ASSET_006,2025-01-07T20:00:00.000000,4.4336698030691055,ev_charging
ASSET_006,2025-01-07T20:30:00.000000,4.172203748419601,ev_charging
ASSET_006,2025-01-07T21:00:00.000000,0.6977190330478198,ev_charging
ASSET_006,2025-01-07T21:30:00.000000,0.7538026224349792,ev_charging
ASSET_006,2025-01-07T22:00:00.000000,2.623190673974976,ev_charging
ASSET_006,2025-01-07T22:30:00.000000,2.593724978806796,ev_charging
ASSET_006,2025-01-07T23:00:00.000000,2.559798950370513,ev_charging
ASSET_006,2025-01-07T23:30:00.000000,2.342271609606222,ev_charging
ASSET_006,2025-01-08T00:00:00.000000,2.29524795731305,ev_charging
ASSET_006,2025-01-08T00:30:00.000000,2.460938447427255,ev_charging
ASSET_006,2025-01-08T01:00:00.000000,2.570962393253917,ev_charging
ASSET_006,2025-01-08T01:30:00.000000,2.359194385893429,ev_charging
ASSET_006,2025-01-08T02:00:00.000000,0.795154720861243,ev_charging
ASSET_006,2025-01-08T02:30:00.000000,0.8661401394408608,ev_charging
ASSET_006,2025-01-08T03:00:00.000000,0.43211691732690555,ev_charging
ASSET_006,2025-01-08T03:30:00.000000,0.4466641710544672,ev_charging
ASSET_006,2025-01-08T04:00:00.000000,0.574281283850558,ev_charging
ASSET_006,2025-01-08T04:30:00.000000,0.6563590352789492,ev_charging
ASSET_006,2025-01-08T05:00:00.000000,0.5038918292633938,ev_charging
ASSET_006,2025-01-08T05:30:00.000000,0.8477428479495875,ev_charging
ASSET_006,2025-01-08T06:00:00.000000,3.677695107128202,ev_charging
ASSET_006,2025-01-08T06:30:00.000000,3.6072272627669637,ev_charging
ASSET_006,2025-01-08T07:00:00.000000,3.3369208622340873,ev_charging
ASSET_006,2025-01-08T07:30:00.000000,3.358923745061674,ev_charging
ASSET_006,2025-01-08T08:00:00.000000,3.6514849090694876,ev_charging
ASSET_006,2025-01-08T08:30:00.000000,3.2092780156366314,ev_charging
ASSET_006,2025-01-08T09:00:00.000000,0.7855296396955032,ev_charging
ASSET_006,2025-01-08T09:30:00.000000,0.571023956370357,ev_charging
ASSET_006,2025-01-08T10:00:00.000000,1.1941809619293209,ev_charging
ASSET_006,2025-01-08T10:30:00.000000,1.0228432273450232,ev_charging
ASSET_006,2025-01-08T11:00:00.000000,0.5667559383842942,ev_charging
ASSET_006,2025-01-08T11:30:00.000000,0.580517542036227,ev_charging
ASSET_006,2025-01-08T12:00:00.000000,0.782404755958229,ev_charging
ASSET_006,2025-01-08T12:30:00.000000,0.912045553174269,ev_charging
ASSET_006,2025-01-08T13:00:00.000000,0.2998896762626154,ev_charging
ASSET_006,2025-01-08T13:30:00.000000,0.27271049509751627,ev_charging
ASSET_006,2025-01-08T14:00:00.000000,0.4860343374109294,ev_charging
ASSET_006,2025-01-08T14:30:00.000000,0.7067658500600688,ev_charging
ASSET_006,2025-01-08T15:00:00.000000,0.6910343399751419,ev_charging
ASSET_006,2025-01-08T15:30:00.000000,0.7959974130023982,ev_charging
ASSET_006,2025-01-08T16:00:00.000000,3.980198274267356,ev_charging
ASSET_006,2025-01-08T16:30:00.000000,3.7756493565346307,ev_charging
ASSET_006,2025-01-08T17:00:00.000000,4.357200457925001,ev_charging
ASSET_006,2025-01-08T17:30:00.000000,4.048262611417441,ev_charging
ASSET_006,2025-01-08T18:00:00.000000,3.830184187703082,ev_charging
ASSET_006,2025-01-08T18:30:00.000000,4.226577750598987,ev_charging
ASSET_006,2025-01-08T19:00:00.000000,4.345321117162922,ev_charging
ASSET_006,2025-01-08T19:30:00.000000,4.177637389722066,ev_charging
ASSET_006,2025-01-08T20:00:00.000000,4.116115634960137,ev_charging
ASSET_006,2025-01-08T20:30:00.000000,4.1708025624675535,ev_charging
ASSET_006,2025-01-08T21:00:00.000000,0.5321039438887136,ev_charging
ASSET_006,2025-01-08T21:30:00.000000,0.3530185112766765,ev_charging
ASSET_006,2025-01-08T22:00:00.000000,2.269060290251396,ev_charging
ASSET_006,2025-01-08T22:30:00.000000,2.495505925454317,ev_charging
ASSET_006,2025-01-08T23:00:00.000000,2.4589361041879085,ev_charging
ASSET_006,2025-01-08T23:30:00.000000,2.4307909573074924,ev_charging
ASSET_006,2025-01-09T00:00:00.000000,2.217674581717577,ev_charging
ASSET_006,2025-01-09T00:30:00.000000,2.3667460277944294,ev_charging
ASSET_006,2025-01-09T01:00:00.000000,2.001130582562434,ev_charging
ASSET_006,2025-01-09T01:30:00.000000,2.4326994744904304,ev_charging
ASSET_006,2025-01-09T02:00:00.000000,0.8617871443244143,ev_charging
ASSET_006,2025-01-09T02:30:00.000000,0.3299179343794284,ev_charging
ASSET_006,2025-01-09T03:00:00.000000,0.49264967985285407,ev_charging
ASSET_006,2025-01-09T03:30:00.000000,0.6602970633851059,ev_charging
ASSET_006,2025-01-09T04:00:00.000000,0.8295386683790354,ev_charging
ASSET_006,2025-01-09T04:30:00.000000,0.5178788470850083,ev_charging
ASSET_006,2025-01-09T05:00:00.000000,0.4731698503880697,ev_charging
ASSET_006,2025-01-09T05:30:00.000000,0.23926515283591038,ev_charging
ASSET_006,2025-01-09T06:00:00.000000,3.618951342976806,ev_charging
ASSET_006,2025-01-09T06:30:00.000000,3.974137503069193,ev_charging
ASSET_006,2025-01-09T07:00:00.000000,3.6508160324956704,ev_charging
ASSET_006,2025-01-09T07:30:00.000000,3.595918172742412,ev_charging
ASSET_006,2025-01-09T08:00:00.000000,3.6590100805083794,ev_charging
ASSET_006,2025-01-09T08:30:00.000000,3.5979677864194164,ev_charging
ASSET_006,2025-01-09T09:00:00.000000,0.4510441525109119,ev_charging
ASSET_006,2025-01-09T09:30:00.000000,0.7508366416938081,ev_charging
ASSET_006,2025-01-09T10:00:00.000000,0.6413627361986893,ev_charging
ASSET_006,2025-01-09T10:30:00.000000,0.6032269993721308,ev_charging
ASSET_006,2025-01-09T11:00:00.000000,0.4212990100022349,ev_charging
ASSET_006,2025-01-09T11:30:00.000000,0.8388212746723327,ev_charging
ASSET_006,2025-01-09T12:00:00.000000,0.7217830386985304,ev_charging
ASSET_006,2025-01-09T12:30:00.000000,0.498697003725205,ev_charging
ASSET_006,2025-01-09T13:00:00.000000,0.7835486249781549,ev_charging
ASSET_006,2025-01-09T13:30:00.000000,0.508837914252996,ev_charging
ASSET_006,2025-01-09T14:00:00.000000,0.45672578869351355,ev_charging
ASSET_006,2025-01-09T14:30:00.000000,0.46081153597593305,ev_charging
ASSET_006,2025-01-09T15:00:00.000000,0.27551494009493177,ev_charging
ASSET_006,2025-01-09T15:30:00.000000,0.6863933004123355,ev_charging
ASSET_006,2025-01-09T16:00:00.000000,3.8645080990758665,ev_charging
ASSET_006,2025-01-09T16:30:00.000000,3.9749315409145227,ev_charging
ASSET_006,2025-01-09T17:00:00.000000,3.8197226254795402,ev_charging
ASSET_006,2025-01-09T17:30:00.000000,4.184230802713668,ev_charging
ASSET_006,2025-01-09T18:00:00.000000,4.172459144243047,ev_charging
ASSET_006,2025-01-09T18:30:00.000000,4.140144586655499,ev_charging
ASSET_006,2025-01-09T19:00:00.000000,4.008984872369284,ev_charging
ASSET_006,2025-01-09T19:30:00.000000,3.98523003017393,ev_charging
ASSET_006,2025-01-09T20:00:00.000000,4.2850791928569265,ev_charging
ASSET_006,2025-01-09T20:30:00.000000,4.0991310210834095,ev_charging
ASSET_006,2025-01-09T21:00:00.000000,0.657961363910015,ev_charging
ASSET_006,2025-01-09T21:30:00.000000,0.43780979429224065,ev_charging
ASSET_006,2025-01-09T22:00:00.000000,2.4331732810862734,ev_charging
ASSET_006,2025-01-09T22:30:00.000000,2.638779154693979,ev_charging
ASSET_006,2025-01-09T23:00:00.000000,2.5073939484291063,ev_charging
ASSET_006,2025-01-09T23:30:00.000000,2.324439896876766,ev_charging
ASSET_006,2025-01-10T00:00:00.000000,2.4471225256402107,ev_charging
ASSET_006,2025-01-10T00:30:00.000000,2.355906701952143,ev_charging
ASSET_006,2025-01-10T01:00:00.000000,2.4014437624101412,ev_charging
ASSET_006,2025-01-10T01:30:00.000000,2.3403434036599347,ev_charging
ASSET_006,2025-01-10T02:00:00.000000,0.5698914426359979,ev_charging
ASSET_006,2025-01-10T02:30:00.000000,0.6388585321882329,ev_charging
ASSET_006,2025-01-10T03:00:00.000000,0.41800249539802115,ev_charging
ASSET_006,2025-01-10T03:30:00.000000,0.4138764863407646,ev_charging
ASSET_006,2025-01-10T04:00:00.000000,0.3455991678159245,ev_charging
ASSET_006,2025-01-10T04:30:00.000000,0.30680747263914165,ev_charging
ASSET_006,2025-01-10T05:00:00.000000,0.3769764210324621,ev_charging
ASSET_006,2025-01-10T05:30:00.000000,0.6292158092823279,ev_charging
ASSET_006,2025-01-10T06:00:00.000000,3.4364285730545223,ev_charging
ASSET_006,2025-01-10T06:30:00.000000,3.6941015071966254,ev_charging
ASSET_006,2025-01-10T07:00:00.000000,3.6063600546821655,ev_charging
ASSET_006,2025-01-10T07:30:00.000000,3.239341906609385,ev_charging
ASSET_006,2025-01-10T08:00:00.000000,3.7200008838234737,ev_charging
ASSET_006,2025-01-10T08:30:00.000000,3.748549894710195,ev_charging
ASSET_006,2025-01-10T09:00:00.000000,0.4179101599320429,ev_charging
ASSET_006,2025-01-10T09:30:00.000000,0.6769850933946895,ev_charging
ASSET_006,2025-01-10T10:00:00.000000,0.44307728721752887,ev_charging
ASSET_006,2025-01-10T10:30:00.000000,0.6178946083113914,ev_charging
ASSET_006,2025-01-10T11:00:00.000000,0.36832582758289373,ev_charging
ASSET_006,2025-01-10T11:30:00.000000,0.2714772820892007,ev_charging
ASSET_006,2025-01-10T12:00:00.000000,0.5298624220459096,ev_charging
ASSET_006,2025-01-10T12:30:00.000000,0.5773310894860746,ev_charging
ASSET_006,2025-01-10T13:00:00.000000,0.5271393989913243,ev_charging
ASSET_006,2025-01-10T13:30:00.000000,0.38306868701136676,ev_charging
ASSET_006,2025-01-10T14:00:00.000000,0.526732778973831,ev_charging
ASSET_006,2025-01-10T14:30:00.000000,0.6493386457406845,ev_charging
ASSET_006,2025-01-10T15:00:00.000000,0.5917749555525494,ev_charging
ASSET_006,2025-01-10T15:30:00.000000,0.6334367959633559,ev_charging
ASSET_006,2025-01-10T16:00:00.000000,4.077225322202493,ev_charging
ASSET_006,2025-01-10T16:30:00.000000,4.414675460803354,ev_charging
ASSET_006,2025-01-10T17:00:00.000000,3.984508242266928,ev_charging
ASSET_006,2025-01-10T17:30:00.000000,4.289328011573389,ev_charging
ASSET_006,2025-01-10T18:00:00.000000,4.416539332388736,ev_charging
ASSET_006,2025-01-10T18:30:00.000000,4.288109232707209,ev_charging
ASSET_006,2025-01-10T19:00:00.000000,4.162894668398479,ev_charging
ASSET_006,2025-01-10T19:30:00.000000,4.103208433950676,ev_charging
ASSET_006,2025-01-10T20:00:00.000000,4.389826058923832,ev_charging
ASSET_006,2025-01-10T20:30:00.000000,3.9392906654788438,ev_charging
ASSET_006,2025-01-10T21:00:00.000000,0.4222593765804438,ev_charging
ASSET_006,2025-01-10T21:30:00.000000,0.5271617379652667,ev_charging
ASSET_006,2025-01-10T22:00:00.000000,2.6267558491441623,ev_charging
ASSET_006,2025-01-10T22:30:00.000000,2.4695788561746355,ev_charging
ASSET_006,2025-01-10T23:00:00.000000,2.2226401878158013,ev_charging
ASSET_006,2025-01-10T23:30:00.000000,2.343147195406266,ev_charging
ASSET_006,2025-01-11T00:00:00.000000,1.4874472239566432,ev_charging
ASSET_006,2025-01-11T00:30:00.000000,1.4699565167800703,ev_charging
ASSET_006,2025-01-11T01:00:00.000000,1.7793465512641529,ev_charging
ASSET_006,2025-01-11T01:30:00.000000,1.3486770623885078,ev_charging
ASSET_006,2025-01-11T02:00:00.000000,0.6947516353541907,ev_charging
ASSET_006,2025-01-11T02:30:00.000000,0.5517435110945399,ev_charging
ASSET_006,2025-01-11T03:00:00.000000,0.599861441792749,ev_charging
ASSET_006,2025-01-11T03:30:00.000000,0.3151828679753723,ev_charging
ASSET_006,2025-01-11T04:00:00.000000,0.3725287182544346,ev_charging
ASSET_006,2025-01-11T04:30:00.000000,0.1374261139817224,ev_charging
ASSET_006,2025-01-11T05:00:00.000000,0.3038743518481179,ev_charging
ASSET_006,2025-01-11T05:30:00.000000,0.4904446203003345,ev_charging
ASSET_006,2025-01-11T06:00:00.000000,2.637457268104949,ev_charging
ASSET_006,2025-01-11T06:30:00.000000,2.197153054635837,ev_charging
ASSET_006,2025-01-11T07:00:00.000000,2.333034090830914,ev_charging
ASSET_006,2025-01-11T07:30:00.000000,2.37227982143597,ev_charging
ASSET_006,2025-01-11T08:00:00.000000,2.1442714783125916,ev_charging
ASSET_006,2025-01-11T08:30:00.000000,2.50834362893645,ev_charging
ASSET_006,2025-01-11T09:00:00.000000,0.2673546285057291,ev_charging
ASSET_006,2025-01-11T09:30:00.000000,0.36420169637363814,ev_charging
ASSET_006,2025-01-11T10:00:00.000000,0.3171964186461453,ev_charging
ASSET_006,2025-01-11T10:30:00.000000,0.2553819094877883,ev_charging
ASSET_006,2025-01-11T11:00:00.000000,0.39870925801731266,ev_charging
ASSET_006,2025-01-11T11:30:00.000000,0.36049724506950165,ev_charging
ASSET_006,2025-01-11T12:00:00.000000,0.3318703237110874,ev_charging
ASSET_006,2025-01-11T12:30:00.000000,0.2665354243135658,ev_charging
ASSET_006,2025-01-11T13:00:00.000000,0.4585414843255915,ev_charging
ASSET_006,2025-01-11T13:30:00.000000,0.7029663066916223,ev_charging
ASSET_006,2025-01-11T14:00:00.000000,0.42562933944516873,ev_charging
ASSET_006,2025-01-11T14:30:00.000000,0.5825030872319319,ev_charging
ASSET_006,2025-01-11T15:00:00.000000,0.14529148299866912,ev_charging
ASSET_006,2025-01-11T15:30:00.000000,0.42890414941346566,ev_charging
ASSET_006,2025-01-11T16:00:00.000000,2.59894644727423,ev_charging
ASSET_006,2025-01-11T16:30:00.000000,2.5294062543486198,ev_charging
ASSET_006,2025-01-11T17:00:00.000000,2.664536595704827,ev_charging
ASSET_006,2025-01-11T17:30:00.000000,3.0183729851979155,ev_charging
ASSET_006,2025-01-11T18:00:00.000000,2.974056471466975,ev_charging
ASSET_006,2025-01-11T18:30:00.000000,2.844521936576396,ev_charging
ASSET_006,2025-01-11T19:00:00.000000,2.519187361705881,ev_charging
ASSET_006,2025-01-11T19:30:00.000000,2.7640385806564245,ev_charging
ASSET_006,2025-01-11T20:00:00.000000,2.8552757516309253,ev_charging
ASSET_006,2025-01-11T20:30:00.000000,2.832160744919222,ev_charging
ASSET_006,2025-01-11T21:00:00.000000,0.06219067559799191,ev_charging
ASSET_006,2025-01-11T21:30:00.000000,0.2368810514163592,ev_charging
ASSET_006,2025-01-11T22:00:00.000000,1.5882600382113246,ev_charging
ASSET_006,2025-01-11T22:30:00.000000,1.6982561559222566,ev_charging
ASSET_006,2025-01-11T23:00:00.000000,1.1976380099199027,ev_charging
ASSET_006,2025-01-11T23:30:00.000000,1.5702965716352975,ev_charging
ASSET_006,2025-01-12T00:00:00.000000,1.6262085781956797,ev_charging
ASSET_006,2025-01-12T00:30:00.000000,1.7556610536102921,ev_charging
ASSET_006,2025-01-12T01:00:00.000000,1.7269414073977876,ev_charging
ASSET_006,2025-01-12T01:30:00.000000,1.7067353880531848,ev_charging
ASSET_006,2025-01-12T02:00:00.000000,0.25343947145068135,ev_charging
ASSET_006,2025-01-12T02:30:00.000000,0.05042675130562252,ev_charging
ASSET_006,2025-01-12T03:00:00.000000,0.32798711986696477,ev_charging
ASSET_006,2025-01-12T03:30:00.000000,0.5835132594042827,ev_charging
ASSET_006,2025-01-12T04:00:00.000000,0.6553007759357263,ev_charging
ASSET_006,2025-01-12T04:30:00.000000,0.5301827462424157,ev_charging
ASSET_006,2025-01-12T05:00:00.000000,0.4786613721776035,ev_charging
ASSET_006,2025-01-12T05:30:00.000000,0.46955540700785725,ev_charging
ASSET_006,2025-01-12T06:00:00.000000,2.2981111010399,ev_charging
ASSET_006,2025-01-12T06:30:00.000000,2.3761710962167837,ev_charging
ASSET_006,2025-01-12T07:00:00.000000,2.7057973809817533,ev_charging
ASSET_006,2025-01-12T07:30:00.000000,2.22730990822456,ev_charging
ASSET_006,2025-01-12T08:00:00.000000,2.695850542726484,ev_charging
ASSET_006,2025-01-12T08:30:00.000000,2.340999841694848,ev_charging
ASSET_006,2025-01-12T09:00:00.000000,0.6428380971306341,ev_charging
ASSET_006,2025-01-12T09:30:00.000000,0.14225139290277244,ev_charging
ASSET_006,2025-01-12T10:00:00.000000,0.5073460197133804,ev_charging
ASSET_006,2025-01-12T10:30:00.000000,0.26501318580673927,ev_charging
ASSET_006,2025-01-12T11:00:00.000000,0.14070283233674707,ev_charging
ASSET_006,2025-01-12T11:30:00.000000,0.44003855848457685,ev_charging
ASSET_006,2025-01-12T12:00:00.000000,0.5849496526963329,ev_charging
ASSET_006,2025-01-12T12:30:00.000000,0.24519465785769157,ev_charging
ASSET_006,2025-01-12T13:00:00.000000,0.12535886153030001,ev_charging
ASSET_006,2025-01-12T13:30:00.000000,0.3831727271057743,ev_charging
ASSET_006,2025-01-12T14:00:00.000000,0.38398059869189505,ev_charging
ASSET_006,2025-01-12T14:30:00.000000,0.5004599889055207,ev_charging
ASSET_006,2025-01-12T15:00:00.000000,0.5739792911107081,ev_charging
ASSET_006,2025-01-12T15:30:00.000000,0.3891142900025752,ev_charging
ASSET_006,2025-01-12T16:00:00.000000,3.1399547144605204,ev_charging
ASSET_006,2025-01-12T16:30:00.000000,2.841083008552359,ev_charging
ASSET_006,2025-01-12T17:00:00.000000,2.7365297151494503,ev_charging
ASSET_006,2025-01-12T17:30:00.000000,2.504737837421518,ev_charging
ASSET_006,2025-01-12T18:00:00.000000,2.7518770235992167,ev_charging
ASSET_006,2025-01-12T18:30:00.000000,2.7383691060728883,ev_charging
ASSET_006,2025-01-12T19:00:00.000000,2.9759415573187127,ev_charging
ASSET_006,2025-01-12T19:30:00.000000,2.884733606837963,ev_charging
ASSET_006,2025-01-12T20:00:00.000000,2.583922728786596,ev_charging
ASSET_006,2025-01-12T20:30:00.000000,2.831559464367451,ev_charging
ASSET_006,2025-01-12T21:00:00.000000,0.5230341039632159,ev_charging
ASSET_006,2025-01-12T21:30:00.000000,0.6799571740592709,ev_charging
ASSET_006,2025-01-12T22:00:00.000000,1.7626034054583617,ev_charging
ASSET_006,2025-01-12T22:30:00.000000,1.7393979763077816,ev_charging
ASSET_006,2025-01-12T23:00:00.000000,1.6110086125848497,ev_charging
ASSET_006,2025-01-12T23:30:00.000000,1.6711443067079392,ev_charging
ASSET_006,2025-01-13T00:00:00.000000,2.628927147879378,ev_charging
ASSET_006,2025-01-13T00:30:00.000000,2.155816141104621,ev_charging
ASSET_006,2025-01-13T01:00:00.000000,2.335977723263465,ev_charging
ASSET_006,2025-01-13T01:30:00.000000,2.2584543685314458,ev_charging
ASSET_006,2025-01-13T02:00:00.000000,0.6694662678237506,ev_charging
ASSET_006,2025-01-13T02:30:00.000000,0.8253942771817336,ev_charging
ASSET_006,2025-01-13T03:00:00.000000,0.4906257824686032,ev_charging
ASSET_006,2025-01-13T03:30:00.000000,0.1620620926743493,ev_charging
ASSET_006,2025-01-13T04:00:00.000000,0.524475270643731,ev_charging
ASSET_006,2025-01-13T04:30:00.000000,0.767361437330332,ev_charging
ASSET_006,2025-01-13T05:00:00.000000,0.6985014786476029,ev_charging
ASSET_006,2025-01-13T05:30:00.000000,0.6784498375452949,ev_charging
ASSET_006,2025-01-13T06:00:00.000000,3.5487012271922826,ev_charging
ASSET_006,2025-01-13T06:30:00.000000,3.3656632972568743,ev_charging
ASSET_006,2025-01-13T07:00:00.000000,3.694409281069054,ev_charging
ASSET_006,2025-01-13T07:30:00.000000,3.4471476540900845,ev_charging
ASSET_006,2025-01-13T08:00:00.000000,4.000157722937205,ev_charging
ASSET_006,2025-01-13T08:30:00.000000,3.7045250706735233,ev_charging
ASSET_006,2025-01-13T09:00:00.000000,0.49361693599636536,ev_charging
ASSET_006,2025-01-13T09:30:00.000000,0.4879854886034406,ev_charging
ASSET_006,2025-01-13T10:00:00.000000,0.5829712935740105,ev_charging
ASSET_006,2025-01-13T10:30:00.000000,0.5561198264295866,ev_charging
ASSET_006,2025-01-13T11:00:00.000000,0.8046199024453095,ev_charging
ASSET_006,2025-01-13T11:30:00.000000,0.6341541053852484,ev_charging
ASSET_006,2025-01-13T12:00:00.000000,0.4659546135499732,ev_charging
ASSET_006,2025-01-13T12:30:00.000000,0.9463557398160416,ev_charging
ASSET_006,2025-01-13T13:00:00.000000,0.6090339907392408,ev_charging
ASSET_006,2025-01-13T13:30:00.000000,0.7408624120614443,ev_charging
ASSET_006,2025-01-13T14:00:00.000000,0.4885642148860137,ev_charging
ASSET_006,2025-01-13T14:30:00.000000,0.6665279703689073,ev_charging
ASSET_006,2025-01-13T15:00:00.000000,0.6569997948058782,ev_charging
ASSET_006,2025-01-13T15:30:00.000000,0.2537892546980976,ev_charging
ASSET_006,2025-01-13T16:00:00.000000,4.5692271898808245,ev_charging
ASSET_006,2025-01-13T16:30:00.000000,4.436464503019024,ev_charging
ASSET_006,2025-01-13T17:00:00.000000,4.127228143863253,ev_charging
ASSET_006,2025-01-13T17:30:00.000000,3.9980484368379097,ev_charging
ASSET_006,2025-01-13T18:00:00.000000,4.263678252814723,ev_charging
ASSET_006,2025-01-13T18:30:00.000000,4.215884257071281,ev_charging
ASSET_006,2025-01-13T19:00:00.000000,4.265163632361763,ev_charging
ASSET_006,2025-01-13T19:30:00.000000,4.235099715802703,ev_charging
ASSET_006,2025-01-13T20:00:00.000000,4.292750581254979,ev_charging
ASSET_006,2025-01-13T20:30:00.000000,4.465167079924285,ev_charging
ASSET_006,2025-01-13T21:00:00.000000,0.7040846229396412,ev_charging
ASSET_006,2025-01-13T21:30:00.000000,0.40768811752114287,ev_charging
ASSET_006,2025-01-13T22:00:00.000000,2.649640979800531,ev_charging
ASSET_006,2025-01-13T22:30:00.000000,2.700584025381961,ev_charging
ASSET_006,2025-01-13T23:00:00.000000,2.977501823144536,ev_charging
ASSET_006,2025-01-13T23:30:00.000000,2.194159843195745,ev_charging
ASSET_006,2025-01-14T00:00:00.000000,2.4444994545521754,ev_charging
ASSET_006,2025-01-14T00:30:00.000000,2.0185297733085887,ev_charging
ASSET_006,2025-01-14T01:00:00.000000,2.5013448275794765,ev_charging
ASSET_006,2025-01-14T01:30:00.000000,2.2995618739430164,ev_charging
ASSET_006,2025-01-14T02:00:00.000000,0.9524027474090004,ev_charging
ASSET_006,2025-01-14T02:30:00.000000,0.4580794715644526,ev_charging
ASSET_006,2025-01-14T03:00:00.000000,0.2905175362581409,ev_charging
ASSET_006,2025-01-14T03:30:00.000000,0.5136577503641455,ev_charging
ASSET_006,2025-01-14T04:00:00.000000,0.23806241905914582,ev_charging
ASSET_006,2025-01-14T04:30:00.000000,0.7376121500579464,ev_charging
ASSET_006,2025-01-14T05:00:00.000000,0.22164728473946688,ev_charging
ASSET_006,2025-01-14T05:30:00.000000,0.6052138354096287,ev_charging
ASSET_006,2025-01-14T06:00:00.000000,3.2193151915763463,ev_charging
ASSET_006,2025-01-14T06:30:00.000000,3.541316866525965,ev_charging
ASSET_006,2025-01-14T07:00:00.000000,3.9010903549741878,ev_charging
ASSET_006,2025-01-14T07:30:00.000000,3.666075845823772,ev_charging
ASSET_006,2025-01-14T08:00:00.000000,3.4417956359474955,ev_charging
ASSET_006,2025-01-14T08:30:00.000000,3.594283075062232,ev_charging
ASSET_006,2025-01-14T09:00:00.000000,0.603300948342429,ev_charging
ASSET_006,2025-01-14T09:30:00.000000,0.6865926312205954,ev_charging
ASSET_006,2025-01-14T10:00:00.000000,0.3495720212989057,ev_charging
ASSET_006,2025-01-14T10:30:00.000000,0.7085667898156002,ev_charging
ASSET_006,2025-01-14T11:00:00.000000,0.10451681892420572,ev_charging
ASSET_006,2025-01-14T11:30:00.000000,0.48459615165620185,ev_charging
ASSET_006,2025-01-14T12:00:00.000000,0.5105412567222706,ev_charging
ASSET_006,2025-01-14T12:30:00.000000,0.7160345220623376,ev_charging
ASSET_006,2025-01-14T13:00:00.000000,0.6041462955082978,ev_charging
ASSET_006,2025-01-14T13:30:00.000000,0.3424807690613303,ev_charging
ASSET_006,2025-01-14T14:00:00.000000,0.41953518801995393,ev_charging
ASSET_006,2025-01-14T14:30:00.000000,0.6364010160349356,ev_charging
ASSET_006,2025-01-14T15:00:00.000000,0.585513733436958,ev_charging
ASSET_006,2025-01-14T15:30:00.000000,0.493896189913165,ev_charging
ASSET_006,2025-01-14T16:00:00.000000,4.111904380707269,ev_charging
ASSET_006,2025-01-14T16:30:00.000000,4.327547922336684,ev_charging
ASSET_006,2025-01-14T17:00:00.000000,4.1051513250421765,ev_charging
ASSET_006,2025-01-14T17:30:00.000000,4.183860425647531,ev_charging
ASSET_006,2025-01-14T18:00:00.000000,4.597563382030471,ev_charging
ASSET_006,2025-01-14T18:30:00.000000,3.9391610025994814,ev_charging
ASSET_006,2025-01-14T19:00:00.000000,3.8607159566793574,ev_charging
ASSET_006,2025-01-14T19:30:00.000000,4.343564820729173,ev_charging
ASSET_006,2025-01-14T20:00:00.000000,4.075662896270045,ev_charging
ASSET_006,2025-01-14T20:30:00.000000,4.141694338667156,ev_charging
ASSET_006,2025-01-14T21:00:00.000000,0.45688099214954936,ev_charging
ASSET_006,2025-01-14T21:30:00.000000,0.5524009027808093,ev_charging
ASSET_006,2025-01-14T22:00:00.000000,2.692875018394794,ev_charging
ASSET_006,2025-01-14T22:30:00.000000,2.5469613925968195,ev_charging
ASSET_006,2025-01-14T23:00:00.000000,2.5579716648564355,ev_charging
ASSET_006,2025-01-14T23:30:00.000000,2.1405269715637045,ev_charging
ASSET_007,2025-01-01T00:00:00.000000,2.189092190410135,ev_charging
ASSET_007,2025-01-01T00:30:00.000000,1.8798402313157054,ev_charging
ASSET_007,2025-01-01T01:00:00.000000,2.251709870994481,ev_charging
ASSET_007,2025-01-01T01:30:00.000000,2.5752816909342293,ev_charging
ASSET_007,2025-01-01T02:00:00.000000,0.6947119866353265,ev_charging
ASSET_007,2025-01-01T02:30:00.000000,0.5594156057519859,ev_charging
ASSET_007,2025-01-01T03:00:00.000000,0.595914269447371,ev_charging
ASSET_007,2025-01-01T03:30:00.000000,0.47378632737814885,ev_charging
ASSET_007,2025-01-01T04:00:00.000000,0.6375147523828983,ev_charging
ASSET_007,2025-01-01T04:30:00.000000,0.7403198419191269,ev_charging
ASSET_007,2025-01-01T05:00:00.000000,0.3039464564494383,ev_charging
ASSET_007,2025-01-01T05:30:00.000000,0.6548997370930569,ev_charging
ASSET_007,2025-01-01T06:00:00.000000,3.7708353888570514,ev_charging
ASSET_007,2025-01-01T06:30:00.000000,3.5239476970577823,ev_charging
ASSET_007,2025-01-01T07:00:00.000000,3.7283783621492352,ev_charging
ASSET_007,2025-01-01T07:30:00.000000,4.115684903576578,ev_charging
ASSET_007,2025-01-01T08:00:00.000000,3.5808829097134725,ev_charging
ASSET_007,2025-01-01T08:30:00.000000,3.6720594702331177,ev_charging
ASSET_007,2025-01-01T09:00:00.000000,0.4647773986006093,ev_charging
ASSET_007,2025-01-01T09:30:00.000000,0.6332078022910185,ev_charging
ASSET_007,2025-01-01T10:00:00.000000,0.6843283370056864,ev_charging
ASSET_007,2025-01-01T10:30:00.000000,0.6356979001994931,ev_charging
ASSET_007,2025-01-01T11:00:00.000000,0.4131772503533415,ev_charging
ASSET_007,2025-01-01T11:30:00.000000,0.6378084245321272,ev_charging
ASSET_007,2025-01-01T12:00:00.000000,0.8678951844864813,ev_charging
ASSET_007,2025-01-01T12:30:00.000000,0.6821964811414116,ev_charging
ASSET_007,2025-01-01T13:00:00.000000,0.7762497957120909,ev_charging
ASSET_007,2025-01-01T13:30:00.000000,0.5565760212084007,ev_charging
ASSET_007,2025-01-01T14:00:00.000000,0.7373924367229869,ev_charging
ASSET_007,2025-01-01T14:30:00.000000,0.6511658575018135,ev_charging
ASSET_007,2025-01-01T15:00:00.000000,0.4257795698823035,ev_charging
ASSET_007,2025-01-01T15:30:00.000000,0.6583575983792224,ev_charging
ASSET_007,2025-01-01T16:00:00.000000,4.018307004162543,ev_charging
ASSET_007,2025-01-01T16:30:00.000000,4.084047292494322,ev_charging
ASSET_007,2025-01-01T17:00:00.000000,4.234687650586067,ev_charging
ASSET_007,2025-01-01T17:30:00.000000,4.2544593972300015,ev_charging
ASSET_007,2025-01-01T18:00:00.000000,3.9821156233626547,ev_charging
ASSET_007,2025-01-01T18:30:00.000000,4.393105250220292,ev_charging
ASSET_007,2025-01-01T19:00:00.000000,4.304799721702908,ev_charging
ASSET_007,2025-01-01T19:30:00.000000,4.070883683047006,ev_charging
ASSET_007,2025-01-01T20:00:00.000000,3.918292499793419,ev_charging
ASSET_007,2025-01-01T20:30:00.000000,4.173451411046867,ev_charging
ASSET_007,2025-01-01T21:00:00.000000,0.5182967409961516,ev_charging
ASSET_007,2025-01-01T21:30:00.000000,0.6207289480243574,ev_charging
ASSET_007,2025-01-01T22:00:00.000000,2.3334718402954264,ev_charging
ASSET_007,2025-01-01T22:30:00.000000,2.0322052251563605,ev_charging
ASSET_007,2025-01-01T23:00:00.000000,2.3288492930898235,ev_charging
ASSET_007,2025-01-01T23:30:00.000000,2.344006212864984,ev_charging
ASSET_007,2025-01-02T00:00:00.000000,2.5160957520389613,ev_charging
ASSET_007,2025-01-02T00:30:00.000000,2.2720798453301896,ev_charging
ASSET_007,2025-01-02T01:00:00.000000,2.7075571812286165,ev_charging
ASSET_007,2025-01-02T01:30:00.000000,2.0497601419698745,ev_charging
ASSET_007,2025-01-02T02:00:00.000000,0.8402246165616951,ev_charging
ASSET_007,2025-01-02T02:30:00.000000,0.5589015599784043,ev_charging
ASSET_007,2025-01-02T03:00:00.000000,0.7574882283972302,ev_charging
ASSET_007,2025-01-02T03:30:00.000000,0.6146207719007607,ev_charging
ASSET_007,2025-01-02T04:00:00.000000,0.8087828535646664,ev_charging
ASSET_007,2025-01-02T04:30:00.000000,0.5290297543515742,ev_charging
ASSET_007,2025-01-02T05:00:00.000000,0.3987170435299222,ev_charging
ASSET_007,2025-01-02T05:30:00.000000,0.8602566783464484,ev_charging
ASSET_007,2025-01-02T06:00:00.000000,3.5792087245223074,ev_charging
ASSET_007,2025-01-02T06:30:00.000000,3.640592677489007,ev_charging
ASSET_007,2025-01-02T07:00:00.000000,3.826224189966064,ev_charging
ASSET_007,2025-01-02T07:30:00.000000,3.410931057430555,ev_charging
ASSET_007,2025-01-02T08:00:00.000000,3.709102439460335,ev_charging
ASSET_007,2025-01-02T08:30:00.000000,3.4919228535480484,ev_charging
ASSET_007,2025-01-02T09:00:00.000000,0.575784685912299,ev_charging
ASSET_007,2025-01-02T09:30:00.000000,0.6132425390150501,ev_charging
ASSET_007,2025-01-02T10:00:00.000000,0.32513792324204344,ev_charging
ASSET_007,2025-01-02T10:30:00.000000,0.4573059275118274,ev_charging
ASSET_007,2025-01-02T11:00:00.000000,0.8475358549314074,ev_charging
ASSET_007,2025-01-02T11:30:00.000000,0.7623628856228573,ev_charging
ASSET_007,2025-01-02T12:00:00.000000,0.5885235345825459,ev_charging
ASSET_007,2025-01-02T12:30:00.000000,0.6445436907918265,ev_charging
ASSET_007,2025-01-02T13:00:00.000000,0.5460905695030347,ev_charging
ASSET_007,2025-01-02T13:30:00.000000,0.848545456046341,ev_charging
ASSET_007,2025-01-02T14:00:00.000000,0.5632925455684263,ev_charging
ASSET_007,2025-01-02T14:30:00.000000,0.6424767833089918,ev_charging
ASSET_007,2025-01-02T15:00:00.000000,0.8099690942660284,ev_charging
ASSET_007,2025-01-02T15:30:00.000000,0.4575744386693035,ev_charging
ASSET_007,2025-01-02T16:00:00.000000,4.485592447016753,ev_charging
ASSET_007,2025-01-02T16:30:00.000000,3.919597606000589,ev_charging
ASSET_007,2025-01-02T17:00:00.000000,4.498573719021738,ev_charging
ASSET_007,2025-01-02T17:30:00.000000,4.131720509083085,ev_charging
ASSET_007,2025-01-02T18:00:00.000000,4.15553412227344,ev_charging
ASSET_007,2025-01-02T18:30:00.000000,3.8537231364939823,ev_charging
ASSET_007,2025-01-02T19:00:00.000000,4.116675110709016,ev_charging
ASSET_007,2025-01-02T19:30:00.000000,4.00949258913686,ev_charging
ASSET_007,2025-01-02T20:00:00.000000,4.088670508865503,ev_charging
ASSET_007,2025-01-02T20:30:00.000000,4.174842669482252,ev_charging
ASSET_007,2025-01-02T21:00:00.000000,0.7754811065087859,ev_charging
ASSET_007,2025-01-02T21:30:00.000000,0.6380358997387575,ev_charging
ASSET_007,2025-01-02T22:00:00.000000,2.456370758283847,ev_charging
ASSET_007,2025-01-02T22:30:00.000000,2.1992851976865095,ev_charging
ASSET_007,2025-01-02T23:00:00.000000,2.2386332685834995,ev_charging
ASSET_007,2025-01-02T23:30:00.000000,2.729552119433651,ev_charging
ASSET_007,2025-01-03T00:00:00.000000,2.265300667559448,ev_charging
ASSET_007,2025-01-03T00:30:00.000000,2.703441011894783,ev_charging
ASSET_007,2025-01-03T01:00:00.000000,2.355467716062184,ev_charging
ASSET_007,2025-01-03T01:30:00.000000,2.4004191825862917,ev_charging
ASSET_007,2025-01-03T02:00:00.000000,0.7961061882849836,ev_charging
ASSET_007,2025-01-03T02:30:00.000000,0.8330288615909038,ev_charging
ASSET_007,2025-01-03T03:00:00.000000,0.5796975559202957,ev_charging
ASSET_007,2025-01-03T03:30:00.000000,0.528868326265518,ev_charging
ASSET_007,2025-01-03T04:00:00.000000,0.5897545749671802,ev_charging
ASSET_007,2025-01-03T04:30:00.000000,0.661918647136813,ev_charging
ASSET_007,2025-01-03T05:00:00.000000,0.7632995683443516,ev_charging
ASSET_007,2025-01-03T05:30:00.000000,0.6007749705942856,ev_charging
ASSET_007,2025-01-03T06:00:00.000000,3.7133888110306703,ev_charging
ASSET_007,2025-01-03T06:30:00.000000,3.9001709080910687,ev_charging
ASSET_007,2025-01-03T07:00:00.000000,3.6698613682470835,ev_charging
ASSET_007,2025-01-03T07:30:00.000000,3.657099255403732,ev_charging
ASSET_007,2025-01-03T08:00:00.000000,3.3217138381174265,ev_charging
ASSET_007,2025-01-03T08:30:00.000000,3.118012657073818,ev_charging
ASSET_007,2025-01-03T09:00:00.000000,0.6711559818196702,ev_charging
ASSET_007,2025-01-03T09:30:00.000000,0.5826268461974687,ev_charging
ASSET_007,2025-01-03T10:00:00.000000,0.5056844599174062,ev_charging
ASSET_007,2025-01-03T10:30:00.000000,0.6446182124098553,ev_charging
ASSET_007,2025-01-03T11:00:00.000000,0.5889331739007093,ev_charging
ASSET_007,2025-01-03T11:30:00.000000,0.8066254530625678,ev_charging
ASSET_007,2025-01-03T12:00:00.000000,0.6157767412203056,ev_charging
ASSET_007,2025-01-03T12:30:00.000000,0.46315298384250136,ev_charging
ASSET_007,2025-01-03T13:00:00.000000,0.7814126002093269,ev_charging
ASSET_007,2025-01-03T13:30:00.000000,0.5602184851973564,ev_charging
ASSET_007,2025-01-03T14:00:00.000000,0.6964690424013905,ev_charging
ASSET_007,2025-01-03T14:30:00.000000,0.5125315384725333,ev_charging
ASSET_007,2025-01-03T15:00:00.000000,0.48094243133564824,ev_charging
ASSET_007,2025-01-03T15:30:00.000000,0.6154208221733078,ev_charging
ASSET_007,2025-01-03T16:00:00.000000,4.20235039076354,ev_charging
ASSET_007,2025-01-03T16:30:00.000000,4.287911167551138,ev_charging
ASSET_007,2025-01-03T17:00:00.000000,4.1507802601971795,ev_charging
ASSET_007,2025-01-03T17:30:00.000000,3.8635526539020666,ev_charging
ASSET_007,2025-01-03T18:00:00.000000,4.120709642042556,ev_charging
ASSET_007,2025-01-03T18:30:00.000000,4.345438883444563,ev_charging
ASSET_007,2025-01-03T19:00:00.000000,4.145516454052959,ev_charging
ASSET_007,2025-01-03T19:30:00.000000,4.154859040896442,ev_charging
ASSET_007,2025-01-03T20:00:00.000000,4.38071826697491,ev_charging
ASSET_007,2025-01-03T20:30:00.000000,4.069556333720062,ev_charging
ASSET_007,2025-01-03T21:00:00.000000,0.31733641037192584,ev_charging
ASSET_007,2025-01-03T21:30:00.000000,0.5705700841726504,ev_charging
ASSET_007,2025-01-03T22:00:00.000000,2.3112924153604992,ev_charging
ASSET_007,2025-01-03T22:30:00.000000,2.22296987070235,ev_charging
ASSET_007,2025-01-03T23:00:00.000000,2.3678681614728467,ev_charging
ASSET_007,2025-01-03T23:30:00.000000,2.490050856084857,ev_charging
ASSET_007,2025-01-04T00:00:00.000000,1.5982982028270396,ev_charging
ASSET_007,2025-01-04T00:30:00.000000,1.6562433179600144,ev_charging
ASSET_007,2025-01-04T01:00:00.000000,1.9322421961922902,ev_charging
ASSET_007,2025-01-04T01:30:00.000000,1.5371796942932034,ev_charging
ASSET_007,2025-01-04T02:00:00.000000,0.4509974462759698,ev_charging
ASSET_007,2025-01-04T02:30:00.000000,0.30670483749523003,ev_charging
ASSET_007,2025-01-04T03:00:00.000000,0.24493480846356533,ev_charging
ASSET_007,2025-01-04T03:30:00.000000,0.29283656207024433,ev_charging
ASSET_007,2025-01-04T04:00:00.000000,0.3122845902890621,ev_charging
ASSET_007,2025-01-04T04:30:00.000000,0.4658611014791698,ev_charging
ASSET_007,2025-01-04T05:00:00.000000,0.8303842423491032,ev_charging
ASSET_007,2025-01-04T05:30:00.000000,0.26881061328231926,ev_charging
ASSET_007,2025-01-04T06:00:00.000000,2.3236682922211673,ev_charging
ASSET_007,2025-01-04T06:30:00.000000,2.3884349622406895,ev_charging
ASSET_007,2025-01-04T07:00:00.000000,2.4725160033528932,ev_charging
ASSET_007,2025-01-04T07:30:00.000000,2.4482862737617164,ev_charging
ASSET_007,2025-01-04T08:00:00.000000,2.6352646936769233,ev_charging
ASSET_007,2025-01-04T08:30:00.000000,1.9554503099340854,ev_charging
ASSET_007,2025-01-04T09:00:00.000000,0.0,ev_charging
ASSET_007,2025-01-04T09:30:00.000000,0.3091480349138548,ev_charging
ASSET_007,2025-01-04T10:00:00.000000,0.6010410700749724,ev_charging
ASSET_007,2025-01-04T10:30:00.000000,0.11315091420940321,ev_charging
ASSET_007,2025-01-04T11:00:00.000000,0.0,ev_charging
ASSET_007,2025-01-04T11:30:00.000000,0.5046482269251622,ev_charging
ASSET_007,2025-01-04T12:00:00.000000,0.44464148419981875,ev_charging
ASSET_007,2025-01-04T12:30:00.000000,0.20025824546853305,ev_charging
ASSET_007,2025-01-04T13:00:00.000000,0.21943506601077248,ev_charging
ASSET_007,2025-01-04T13:30:00.000000,0.22232909708121856,ev_charging
ASSET_007,2025-01-04T14:00:00.000000,0.4202516492371898,ev_charging
ASSET_007,2025-01-04T14:30:00.000000,0.2852500940421848,ev_charging
ASSET_007,2025-01-04T15:00:00.000000,0.4905195680123006,ev_charging
ASSET_007,2025-01-04T15:30:00.000000,0.0,ev_charging
ASSET_007,2025-01-04T16:00:00.000000,2.643012497567657,ev_charging
ASSET_007,2025-01-04T16:30:00.000000,2.59369082787594,ev_charging
ASSET_007,2025-01-04T17:00:00.000000,2.7530347257124688,ev_charging
ASSET_007,2025-01-04T17:30:00.000000,2.701421964248057,ev_charging
ASSET_007,2025-01-04T18:00:00.000000,2.946176378245189,ev_charging
ASSET_007,2025-01-04T18:30:00.000000,2.459342941477997,ev_charging
ASSET_007,2025-01-04T19:00:00.000000,2.8083346883420273,ev_charging
ASSET_007,2025-01-04T19:30:00.000000,2.902295208967002,ev_charging
ASSET_007,2025-01-04T20:00:00.000000,3.1401643339129586,ev_charging
ASSET_007,2025-01-04T20:30:00.000000,2.71173359172466,ev_charging
ASSET_007,2025-01-04T21:00:00.000000,0.45944545144030047,ev_charging
ASSET_007,2025-01-04T21:30:00.000000,0.06950656693410956,ev_charging
ASSET_007,2025-01-04T22:00:00.000000,1.1617594525669352,ev_charging
ASSET_007,2025-01-04T22:30:00.000000,1.754774733848576,ev_charging
ASSET_007,2025-01-04T23:00:00.000000,1.5989812747709071,ev_charging
ASSET_007,2025-01-04T23:30:00.000000,1.8159203606666396,ev_charging
ASSET_007,2025-01-05T00:00:00.000000,1.348372970699471,ev_charging
ASSET_007,2025-01-05T00:30:00.000000,1.6952534991350894,ev_charging
ASSET_007,2025-01-05T01:00:00.000000,1.942394125785356,ev_charging
ASSET_007,2025-01-05T01:30:00.000000,1.6768960632454564,ev_charging
ASSET_007,2025-01-05T02:00:00.000000,0.45067368298864574,ev_charging
ASSET_007,2025-01-05T02:30:00.000000,0.401567596236747,ev_charging
ASSET_007,2025-01-05T03:00:00.000000,0.11219207589085961,ev_charging
ASSET_007,2025-01-05T03:30:00.000000,0.6483603271497889,ev_charging
ASSET_007,2025-01-05T04:00:00.000000,0.28808215385000047,ev_charging
ASSET_007,2025-01-05T04:30:00.000000,0.49242853947303133,ev_charging
ASSET_007,2025-01-05T05:00:00.000000,0.11362978597462386,ev_charging
ASSET_007,2025-01-05T05:30:00.000000,0.18390614003839592,ev_charging
ASSET_007,2025-01-05T06:00:00.000000,2.6629285127860745,ev_charging
ASSET_007,2025-01-05T06:30:00.000000,2.3363692592016525,ev_charging
ASSET_007,2025-01-05T07:00:00.000000,2.6662608282892237,ev_charging
ASSET_007,2025-01-05T07:30:00.000000,2.3856670256796364,ev_charging
ASSET_007,2025-01-05T08:00:00.000000,2.062538015168793,ev_charging
ASSET_007,2025-01-05T08:30:00.000000,2.563439528093705,ev_charging
ASSET_007,2025-01-05T09:00:00.000000,0.2919233003540619,ev_charging
ASSET_007,2025-01-05T09:30:00.000000,0.5280097719050869,ev_charging
ASSET_007,2025-01-05T10:00:00.000000,0.4046189910885936,ev_charging
ASSET_007,2025-01-05T10:30:00.000000,0.11727869609475267,ev_charging
ASSET_007,2025-01-05T11:00:00.000000,0.430101148083965,ev_charging
ASSET_007,2025-01-05T11:30:00.000000,0.8023794542587094,ev_charging
ASSET_007,2025-01-05T12:00:00.000000,0.49032216186354205,ev_charging
ASSET_007,2025-01-05T12:30:00.000000,0.3894619259672134,ev_charging
ASSET_007,2025-01-05T13:00:00.000000,0.5970182732871031,ev_charging
ASSET_007,2025-01-05T13:30:00.000000,0.4385974723747128,ev_charging
ASSET_007,2025-01-05T14:00:00.000000,0.4383896643302906,ev_charging
ASSET_007,2025-01-05T14:30:00.000000,0.19999867381513584,ev_charging
ASSET_007,2025-01-05T15:00:00.000000,0.4428442990107372,ev_charging
ASSET_007,2025-01-05T15:30:00.000000,0.5897080259363903,ev_charging
ASSET_007,2025-01-05T16:00:00.000000,2.646821469990246,ev_charging
ASSET_007,2025-01-05T16:30:00.000000,3.0609879843927446,ev_charging
ASSET_007,2025-01-05T17:00:00.000000,2.783198146290554,ev_charging
ASSET_007,2025-01-05T17:30:00.000000,2.637347943064546,ev_charging
ASSET_007,2025-01-05T18:00:00.000000,2.9827804483786022,ev_charging
ASSET_007,2025-01-05T18:30:00.000000,2.7474551989522387,ev_charging
ASSET_007,2025-01-05T19:00:00.000000,2.9391539776001334,ev_charging
ASSET_007,2025-01-05T19:30:00.000000,2.7465456505897756,ev_charging
ASSET_007,2025-01-05T20:00:00.000000,2.789038995846129,ev_charging
ASSET_007,2025-01-05T20:30:00.000000,2.8904272802941042,ev_charging
ASSET_007,2025-01-05T21:00:00.000000,0.4532964966227404,ev_charging
ASSET_007,2025-01-05T21:30:00.000000,0.034390070224377844,ev_charging
ASSET_007,2025-01-05T22:00:00.000000,1.394572129046992,ev_charging
ASSET_007,2025-01-05T22:30:00.000000,1.7702811864991745,ev_charging
ASSET_007,2025-01-05T23:00:00.000000,1.575790689247681,ev_charging
ASSET_007,2025-01-05T23:30:00.000000,1.5040449434565217,ev_charging
ASSET_007,2025-01-06T00:00:00.000000,2.1510898322046126,ev_charging
ASSET_007,2025-01-06T00:30:00.000000,2.202176881137675,ev_charging
ASSET_007,2025-01-06T01:00:00.000000,2.0295776063212574,ev_charging
ASSET_007,2025-01-06T01:30:00.000000,2.381443925466469,ev_charging
ASSET_007,2025-01-06T02:00:00.000000,0.4903576861292581,ev_charging
ASSET_007,2025-01-06T02:30:00.000000,0.42290728997304755,ev_charging
ASSET_007,2025-01-06T03:00:00.000000,0.5875188153174429,ev_charging
ASSET_007,2025-01-06T03:30:00.000000,0.6666846191526623,ev_charging
ASSET_007,2025-01-06T04:00:00.000000,0.983503764008465,ev_charging
ASSET_007,2025-01-06T04:30:00.000000,0.323001359201454,ev_charging
ASSET_007,2025-01-06T05:00:00.000000,0.8124151697189885,ev_charging
ASSET_007,2025-01-06T05:30:00.000000,0.7782861074288329,ev_charging
ASSET_007,2025-01-06T06:00:00.000000,3.4572590802499112,ev_charging
ASSET_007,2025-01-06T06:30:00.000000,3.63723573025094,ev_charging
ASSET_007,2025-01-06T07:00:00.000000,3.516155051103501,ev_charging
ASSET_007,2025-01-06T07:30:00.000000,3.6340208006267187,ev_charging
ASSET_007,2025-01-06T08:00:00.000000,3.8764943606701907,ev_charging
ASSET_007,2025-01-06T08:30:00.000000,3.7109557133356654,ev_charging
ASSET_007,2025-01-06T09:00:00.000000,0.6931843198102698,ev_charging
ASSET_007,2025-01-06T09:30:00.000000,0.5211611853083101,ev_charging
ASSET_007,2025-01-06T10:00:00.000000,0.3280996181763628,ev_charging
ASSET_007,2025-01-06T10:30:00.000000,0.5618056457117038,ev_charging
ASSET_007,2025-01-06T11:00:00.000000,0.8210678512304245,ev_charging
ASSET_007,2025-01-06T11:30:00.000000,0.32020103198911093,ev_charging
ASSET_007,2025-01-06T12:00:00.000000,0.40669255504476975,ev_charging
ASSET_007,2025-01-06T12:30:00.000000,0.6231340531028846,ev_charging
ASSET_007,2025-01-06T13:00:00.000000,0.41959717691905507,ev_charging
ASSET_007,2025-01-06T13:30:00.000000,0.45479838272496276,ev_charging
ASSET_007,2025-01-06T14:00:00.000000,0.5223906884190875,ev_charging
ASSET_007,2025-01-06T14:30:00.000000,0.3497993827323047,ev_charging
ASSET_007,2025-01-06T15:00:00.000000,0.4215269617467867,ev_charging
ASSET_007,2025-01-06T15:30:00.000000,0.7288780433256747,ev_charging
ASSET_007,2025-01-06T16:00:00.000000,3.960471179184113,ev_charging
ASSET_007,2025-01-06T16:30:00.000000,3.9072469982157676,ev_charging
ASSET_007,2025-01-06T17:00:00.000000,4.08457042339254,ev_charging
ASSET_007,2025-01-06T17:30:00.000000,4.3341047045669825,ev_charging
ASSET_007,2025-01-06T18:00:00.000000,4.163921111606284,ev_charging
ASSET_007,2025-01-06T18:30:00.000000,4.1148821096166746,ev_charging
ASSET_007,2025-01-06T19:00:00.000000,4.208127165401967,ev_charging
ASSET_007,2025-01-06T19:30:00.000000,3.8801614596224994,ev_charging
ASSET_007,2025-01-06T20:00:00.000000,4.2906371429952115,ev_charging
ASSET_007,2025-01-06T20:30:00.000000,4.270250775396454,ev_charging
ASSET_007,2025-01-06T21:00:00.000000,0.5250088402817482,ev_charging
ASSET_007,2025-01-06T21:30:00.000000,0.7842997409112721,ev_charging
ASSET_007,2025-01-06T22:00:00.000000,2.193426607584675,ev_charging
ASSET_007,2025-01-06T22:30:00.000000,2.6066490405496716,ev_charging
ASSET_007,2025-01-06T23:00:00.000000,2.4283054465894156,ev_charging
ASSET_007,2025-01-06T23:30:00.000000,2.3383387576401775,ev_charging
ASSET_007,2025-01-07T00:00:00.000000,2.3963588660914485,ev_charging
ASSET_007,2025-01-07T00:30:00.000000,2.380347562549638,ev_charging
ASSET_007,2025-01-07T01:00:00.000000,2.6235732592365317,ev_charging
ASSET_007,2025-01-07T01:30:00.000000,2.2027370027169177,ev_charging
ASSET_007,2025-01-07T02:00:00.000000,0.46029558225635536,ev_charging
ASSET_007,2025-01-07T02:30:00.000000,0.7898654941547079,ev_charging
ASSET_007,2025-01-07T03:00:00.000000,0.49088949223238576,ev_charging
ASSET_007,2025-01-07T03:30:00.000000,0.7649905245253952,ev_charging
ASSET_007,2025-01-07T04:00:00.000000,0.9113609497440958,ev_charging
ASSET_007,2025-01-07T04:30:00.000000,0.5263854111353363,ev_charging
ASSET_007,2025-01-07T05:00:00.000000,0.7248353119761184,ev_charging
ASSET_007,2025-01-07T05:30:00.000000,0.388627092740233,ev_charging
ASSET_007,2025-01-07T06:00:00.000000,3.7382779221102806,ev_charging
ASSET_007,2025-01-07T06:30:00.000000,3.636537323146861,ev_charging
ASSET_007,2025-01-07T07:00:00.000000,3.686667370981496,ev_charging
ASSET_007,2025-01-07T07:30:00.000000,3.481721973944943,ev_charging
ASSET_007,2025-01-07T08:00:00.000000,3.2956657885050142,ev_charging
ASSET_007,2025-01-07T08:30:00.000000,3.6922029675773196,ev_charging
ASSET_007,2025-01-07T09:00:00.000000,0.2219550652778713,ev_charging
ASSET_007,2025-01-07T09:30:00.000000,0.541856856242707,ev_charging
ASSET_007,2025-01-07T10:00:00.000000,0.772437963383373,ev_charging
ASSET_007,2025-01-07T10:30:00.000000,0.6351584066081669,ev_charging
ASSET_007,2025-01-07T11:00:00.000000,0.956964205991848,ev_charging
ASSET_007,2025-01-07T11:30:00.000000,0.7878146411694463,ev_charging
ASSET_007,2025-01-07T12:00:00.000000,0.48019647385320685,ev_charging
ASSET_007,2025-01-07T12:30:00.000000,0.6050042013799243,ev_charging
ASSET_007,2025-01-07T13:00:00.000000,0.5913210105695372,ev_charging
ASSET_007,2025-01-07T13:30:00.000000,0.31012261442979877,ev_charging
ASSET_007,2025-01-07T14:00:00.000000,0.4277054842298309,ev_charging
ASSET_007,2025-01-07T14:30:00.000000,0.49726059097118985,ev_charging
ASSET_007,2025-01-07T15:00:00.000000,0.22693531501246583,ev_charging
ASSET_007,2025-01-07T15:30:00.000000,0.6087014818618188,ev_charging
ASSET_007,2025-01-07T16:00:00.000000,4.154366479890354,ev_charging
ASSET_007,2025-01-07T16:30:00.000000,3.8935019387954153,ev_charging
ASSET_007,2025-01-07T17:00:00.000000,4.274057571388312,ev_charging
ASSET_007,2025-01-07T17:30:00.000000,4.331158113580879,ev_charging
ASSET_007,2025-01-07T18:00:00.000000,4.2415959598777455,ev_charging
ASSET_007,2025-01-07T18:30:00.000000,4.140626080756356,ev_charging
ASSET_007,2025-01-07T19:00:00.000000,4.308360651374536,ev_charging
ASSET_007,2025-01-07T19:30:00.000000,4.324626087473051,ev_charging
ASSET_007,2025-01-07T20:00:00.000000,4.256320725452214,ev_charging
ASSET_007,2025-01-07T20:30:00.000000,4.0489192555453455,ev_charging
ASSET_007,2025-01-07T21:00:00.000000,0.6506772116811556,ev_charging
ASSET_007,2025-01-07T21:30:00.000000,0.8190291335262395,ev_charging
ASSET_007,2025-01-07T22:00:00.000000,2.290689033190065,ev_charging
ASSET_007,2025-01-07T22:30:00.000000,2.784372457491049,ev_charging
ASSET_007,2025-01-07T23:00:00.000000,2.303696903880535,ev_charging
ASSET_007,2025-01-07T23:30:00.000000,2.405937427801246,ev_charging
ASSET_007,2025-01-08T00:00:00.000000,2.2767910318745535,ev_charging
ASSET_007,2025-01-08T00:30:00.000000,2.440906406723962,ev_charging
ASSET_007,2025-01-08T01:00:00.000000,2.080800097027894,ev_charging
ASSET_007,2025-01-08T01:30:00.000000,2.299957341859651,ev_charging
ASSET_007,2025-01-08T02:00:00.000000,0.3999077943647089,ev_charging
ASSET_007,2025-01-08T02:30:00.000000,0.6247959187388376,ev_charging
ASSET_007,2025-01-08T03:00:00.000000,0.7821969655843105,ev_charging
ASSET_007,2025-01-08T03:30:00.000000,0.7183575621392018,ev_charging
ASSET_007,2025-01-08T04:00:00.000000,0.16547812424263858,ev_charging
ASSET_007,2025-01-08T04:30:00.000000,0.974136332840001,ev_charging
ASSET_007,2025-01-08T05:00:00.000000,0.654099503406609,ev_charging
ASSET_007,2025-01-08T05:30:00.000000,0.4577342646168181,ev_charging
ASSET_007,2025-01-08T06:00:00.000000,3.628788079443697,ev_charging
ASSET_007,2025-01-08T06:30:00.000000,3.6322804924799574,ev_charging
ASSET_007,2025-01-08T07:00:00.000000,3.477823788644231,ev_charging
ASSET_007,2025-01-08T07:30:00.000000,3.6362611608380297,ev_charging
ASSET_007,2025-01-08T08:00:00.000000,3.4887023987324217,ev_charging
ASSET_007,2025-01-08T08:30:00.000000,3.525915106339292,ev_charging
ASSET_007,2025-01-08T09:00:00.000000,0.47426385834201484,ev_charging
ASSET_007,2025-01-08T09:30:00.000000,0.337514152986985,ev_charging
ASSET_007,2025-01-08T10:00:00.000000,0.6267193247216043,ev_charging
ASSET_007,2025-01-08T10:30:00.000000,0.7072352181903148,ev_charging
ASSET_007,2025-01-08T11:00:00.000000,0.6943340302811354,ev_charging
ASSET_007,2025-01-08T11:30:00.000000,0.7502220195006697,ev_charging
ASSET_007,2025-01-08T12:00:00.000000,0.6594237599062955,ev_charging
ASSET_007,2025-01-08T12:30:00.000000,0.502397078362403,ev_charging
ASSET_007,2025-01-08T13:00:00.000000,0.7538384151618571,ev_charging
ASSET_007,2025-01-08T13:30:00.000000,0.35128339359324545,ev_charging
ASSET_007,2025-01-08T14:00:00.000000,0.43498413598967767,ev_charging
ASSET_007,2025-01-08T14:30:00.000000,0.4233447726285269,ev_charging
ASSET_007,2025-01-08T15:00:00.000000,0.797881699406595,ev_charging
ASSET_007,2025-01-08T15:30:00.000000,0.7727323241978067,ev_charging
ASSET_007,2025-01-08T16:00:00.000000,4.289281280930029,ev_charging
ASSET_007,2025-01-08T16:30:00.000000,4.39639286459059,ev_charging
ASSET_007,2025-01-08T17:00:00.000000,4.0389028330795185,ev_charging
ASSET_007,2025-01-08T17:30:00.000000,4.263867605888816,ev_charging
ASSET_007,2025-01-08T18:00:00.000000,4.177066256514085,ev_charging
ASSET_007,2025-01-08T18:30:00.000000,4.355160899747486,ev_charging
ASSET_007,2025-01-08T19:00:00.000000,4.1788892745359725,ev_charging
ASSET_007,2025-01-08T19:30:00.000000,4.129472963659153,ev_charging
ASSET_007,2025-01-08T20:00:00.000000,4.299102167864924,ev_charging
ASSET_007,2025-01-08T20:30:00.000000,4.360526708131823,ev_charging
ASSET_007,2025-01-08T21:00:00.000000,0.4775496125155681,ev_charging
ASSET_007,2025-01-08T21:30:00.000000,0.5888100644986539,ev_charging
ASSET_007,2025-01-08T22:00:00.000000,2.2060785553363687,ev_charging
ASSET_007,2025-01-08T22:30:00.000000,1.9423195350093292,ev_charging
ASSET_007,2025-01-08T23:00:00.000000,2.436727068184015,ev_charging
ASSET_007,2025-01-08T23:30:00.000000,2.511560159913795,ev_charging
ASSET_007,2025-01-09T00:00:00.000000,2.4480143832362464,ev_charging
ASSET_007,2025-01-09T00:30:00.000000,2.0428124424257175,ev_charging
ASSET_007,2025-01-09T01:00:00.000000,2.3357193722752743,ev_charging
ASSET_007,2025-01-09T01:30:00.000000,1.9935669996763554,ev_charging
ASSET_007,2025-01-09T02:00:00.000000,0.8509488100809275,ev_charging
ASSET_007,2025-01-09T02:30:00.000000,0.40101928549050775,ev_charging
ASSET_007,2025-01-09T03:00:00.000000,0.8300078755903311,ev_charging
ASSET_007,2025-01-09T03:30:00.000000,0.7732968311464167,ev_charging
ASSET_007,2025-01-09T04:00:00.000000,0.43499898183892866,ev_charging
ASSET_007,2025-01-09T04:30:00.000000,0.3924576142855881,ev_charging
ASSET_007,2025-01-09T05:00:00.000000,0.6641928289307827,ev_charging
ASSET_007,2025-01-09T05:30:00.000000,0.4453077746161016,ev_charging
ASSET_007,2025-01-09T06:00:00.000000,3.6187766505097,ev_charging
ASSET_007,2025-01-09T06:30:00.000000,3.5115390878271606,ev_charging
ASSET_007,2025-01-09T07:00:00.000000,3.2736663333496887,ev_charging
ASSET_007,2025-01-09T07:30:00.000000,3.191346395067554,ev_charging
ASSET_007,2025-01-09T08:00:00.000000,3.6415317926706168,ev_charging
ASSET_007,2025-01-09T08:30:00.000000,3.49711459861871,ev_charging
ASSET_007,2025-01-09T09:00:00.000000,0.49866604425823213,ev_charging
ASSET_007,2025-01-09T09:30:00.000000,0.7274921962339685,ev_charging
ASSET_007,2025-01-09T10:00:00.000000,0.8149913885401586,ev_charging
ASSET_007,2025-01-09T10:30:00.000000,0.550065913550497,ev_charging
ASSET_007,2025-01-09T11:00:00.000000,0.5375974511983004,ev_charging
ASSET_007,2025-01-09T11:30:00.000000,0.6916333485669366,ev_charging
ASSET_007,2025-01-09T12:00:00.000000,0.3513900188371849,ev_charging
ASSET_007,2025-01-09T12:30:00.000000,0.6408848275305602,ev_charging
ASSET_007,2025-01-09T13:00:00.000000,0.7011133941231303,ev_charging
ASSET_007,2025-01-09T13:30:00.000000,0.7246278917565157,ev_charging
ASSET_007,2025-01-09T14:00:00.000000,0.24515923700579834,ev_charging
ASSET_007,2025-01-09T14:30:00.000000,0.4605088380671476,ev_charging
ASSET_007,2025-01-09T15:00:00.000000,0.4390896254648434,ev_charging
ASSET_007,2025-01-09T15:30:00.000000,0.6183007170042594,ev_charging
ASSET_007,2025-01-09T16:00:00.000000,4.288079274793206,ev_charging
ASSET_007,2025-01-09T16:30:00.000000,4.474218728221353,ev_charging
ASSET_007,2025-01-09T17:00:00.000000,4.109315253061135,ev_charging
ASSET_007,2025-01-09T17:30:00.000000,4.1088376101312045,ev_charging
ASSET_007,2025-01-09T18:00:00.000000,4.41063633774457,ev_charging
ASSET_007,2025-01-09T18:30:00.000000,4.25433713195216,ev_charging
ASSET_007,2025-01-09T19:00:00.000000,4.43225186615694,ev_charging
ASSET_007,2025-01-09T19:30:00.000000,4.25289909483716,ev_charging
ASSET_007,2025-01-09T20:00:00.000000,3.987999705214319,ev_charging
ASSET_007,2025-01-09T20:30:00.000000,3.9557518407139236,ev_charging
ASSET_007,2025-01-09T21:00:00.000000,0.3157407915117033,ev_charging
ASSET_007,2025-01-09T21:30:00.000000,0.721297354011106,ev_charging
ASSET_007,2025-01-09T22:00:00.000000,2.6177679179441555,ev_charging
ASSET_007,2025-01-09T22:30:00.000000,2.7388295637611475,ev_charging
ASSET_007,2025-01-09T23:00:00.000000,2.554468941243508,ev_charging
ASSET_007,2025-01-09T23:30:00.000000,2.6130486393840884,ev_charging
ASSET_007,2025-01-10T00:00:00.000000,2.2937327219102355,ev_charging
ASSET_007,2025-01-10T00:30:00.000000,2.188128102146572,ev_charging
ASSET_007,2025-01-10T01:00:00.000000,2.555746677689359,ev_charging
ASSET_007,2025-01-10T01:30:00.000000,2.4765250806781474,ev_charging
ASSET_007,2025-01-10T02:00:00.000000,0.6196853442988849,ev_charging
ASSET_007,2025-01-10T02:30:00.000000,0.6709719891302585,ev_charging
ASSET_007,2025-01-10T03:00:00.000000,0.659212197321807,ev_charging
ASSET_007,2025-01-10T03:30:00.000000,0.8352135889660275,ev_charging
ASSET_007,2025-01-10T04:00:00.000000,0.8372598589325351,ev_charging
ASSET_007,2025-01-10T04:30:00.000000,0.6997089431252136,ev_charging
ASSET_007,2025-01-10T05:00:00.000000,0.7549631691517079,ev_charging
ASSET_007,2025-01-10T05:30:00.000000,0.6941836033549679,ev_charging
ASSET_007,2025-01-10T06:00:00.000000,3.5155071169522283,ev_charging
ASSET_007,2025-01-10T06:30:00.000000,3.7386134565108713,ev_charging
ASSET_007,2025-01-10T07:00:00.000000,3.3445085820268563,ev_charging
ASSET_007,2025-01-10T07:30:00.000000,3.79308798797421,ev_charging
ASSET_007,2025-01-10T08:00:00.000000,3.381146332821437,ev_charging
ASSET_007,2025-01-10T08:30:00.000000,3.6523632450448917,ev_charging
ASSET_007,2025-01-10T09:00:00.000000,0.4451557211883501,ev_charging
ASSET_007,2025-01-10T09:30:00.000000,0.7013887672561361,ev_charging
ASSET_007,2025-01-10T10:00:00.000000,0.5937844139639223,ev_charging
ASSET_007,2025-01-10T10:30:00.000000,0.30781792623650367,ev_charging
ASSET_007,2025-01-10T11:00:00.000000,0.6770781823973142,ev_charging
ASSET_007,2025-01-10T11:30:00.000000,0.4941166576731498,ev_charging
ASSET_007,2025-01-10T12:00:00.000000,0.7614386670633065,ev_charging
ASSET_007,2025-01-10T12:30:00.000000,0.6002428851145539,ev_charging
ASSET_007,2025-01-10T13:00:00.000000,0.6724467733943085,ev_charging
ASSET_007,2025-01-10T13:30:00.000000,0.4245596878847129,ev_charging
ASSET_007,2025-01-10T14:00:00.000000,0.49202591617062974,ev_charging
ASSET_007,2025-01-10T14:30:00.000000,0.5159708498857656,ev_charging
ASSET_007,2025-01-10T15:00:00.000000,0.7569601329872968,ev_charging
ASSET_007,2025-01-10T15:30:00.000000,0.9073194450157914,ev_charging
ASSET_007,2025-01-10T16:00:00.000000,4.052481032627109,ev_charging
ASSET_007,2025-01-10T16:30:00.000000,4.397293963646211,ev_charging
ASSET_007,2025-01-10T17:00:00.000000,3.8024841016809696,ev_charging
ASSET_007,2025-01-10T17:30:00.000000,3.9812074418713057,ev_charging
ASSET_007,2025-01-10T18:00:00.000000,4.0243380899914944,ev_charging
ASSET_007,2025-01-10T18:30:00.000000,3.9522010865417534,ev_charging
ASSET_007,2025-01-10T19:00:00.000000,3.9098639842996326,ev_charging
ASSET_007,2025-01-10T19:30:00.000000,4.275667300688104,ev_charging
ASSET_007,2025-01-10T20:00:00.000000,4.160779739666288,ev_charging
ASSET_007,2025-01-10T20:30:00.000000,4.269512488918365,ev_charging
ASSET_007,2025-01-10T21:00:00.000000,0.7265044599929772,ev_charging
ASSET_007,2025-01-10T21:30:00.000000,0.648664827677682,ev_charging
ASSET_007,2025-01-10T22:00:00.000000,2.5205116104875507,ev_charging
ASSET_007,2025-01-10T22:30:00.000000,2.3872606918420414,ev_charging
ASSET_007,2025-01-10T23:00:00.000000,2.182525854213983,ev_charging
ASSET_007,2025-01-10T23:30:00.000000,2.5938066695575244,ev_charging
ASSET_007,2025-01-11T00:00:00.000000,1.4920662413868864,ev_charging
ASSET_007,2025-01-11T00:30:00.000000,1.4285853924053127,ev_charging
ASSET_007,2025-01-11T01:00:00.000000,1.5674029034686943,ev_charging
ASSET_007,2025-01-11T01:30:00.000000,1.4327599994288889,ev_charging
ASSET_007,2025-01-11T02:00:00.000000,0.32352079072836476,ev_charging
ASSET_007,2025-01-11T02:30:00.000000,0.4630355934864494,ev_charging
ASSET_007,2025-01-11T03:00:00.000000,0.46382118294045116,ev_charging
ASSET_007,2025-01-11T03:30:00.000000,0.23550470568701862,ev_charging
ASSET_007,2025-01-11T04:00:00.000000,0.31064540845617644,ev_charging
ASSET_007,2025-01-11T04:30:00.000000,0.5968331540882625,ev_charging
ASSET_007,2025-01-11T05:00:00.000000,0.4909475929991114,ev_charging
ASSET_007,2025-01-11T05:30:00.000000,0.7801815589949294,ev_charging
ASSET_007,2025-01-11T06:00:00.000000,2.616216340403359,ev_charging
ASSET_007,2025-01-11T06:30:00.000000,2.609650837204018,ev_charging
ASSET_007,2025-01-11T07:00:00.000000,2.1457226548629196,ev_charging
ASSET_007,2025-01-11T07:30:00.000000,2.539950128709981,ev_charging
ASSET_007,2025-01-11T08:00:00.000000,2.390270075260531,ev_charging
ASSET_007,2025-01-11T08:30:00.000000,2.299052262423171,ev_charging
ASSET_007,2025-01-11T09:00:00.000000,0.4307828106047097,ev_charging
ASSET_007,2025-01-11T09:30:00.000000,0.5731762561627469,ev_charging
ASSET_007,2025-01-11T10:00:00.000000,0.49175950220898595,ev_charging
ASSET_007,2025-01-11T10:30:00.000000,0.23905104996840115,ev_charging
ASSET_007,2025-01-11T11:00:00.000000,0.5360290795260765,ev_charging
ASSET_007,2025-01-11T11:30:00.000000,0.2831848538982252,ev_charging
ASSET_007,2025-01-11T12:00:00.000000,0.4396994428673853,ev_charging
ASSET_007,2025-01-11T12:30:00.000000,0.34442193406579646,ev_charging
ASSET_007,2025-01-11T13:00:00.000000,0.3599005760212943,ev_charging
ASSET_007,2025-01-11T13:30:00.000000,0.5403866593556362,ev_charging
ASSET_007,2025-01-11T14:00:00.000000,0.2094216506194444,ev_charging
ASSET_007,2025-01-11T14:30:00.000000,0.7563875261085953,ev_charging
ASSET_007,2025-01-11T15:00:00.000000,0.06635101658997261,ev_charging
ASSET_007,2025-01-11T15:30:00.000000,0.2904987423179494,ev_charging
ASSET_007,2025-01-11T16:00:00.000000,2.867828106978612,ev_charging
ASSET_007,2025-01-11T16:30:00.000000,2.907054702636184,ev_charging
ASSET_007,2025-01-11T17:00:00.000000,2.7815914126238273,ev_charging
ASSET_007,2025-01-11T17:30:00.000000,2.789485203342932,ev_charging
ASSET_007,2025-01-11T18:00:00.000000,2.8752186406332387,ev_charging
ASSET_007,2025-01-11T18:30:00.000000,2.757664770737218,ev_charging
ASSET_007,2025-01-11T19:00:00.000000,3.055250709043074,ev_charging
ASSET_007,2025-01-11T19:30:00.000000,2.9537807484288616,ev_charging
ASSET_007,2025-01-11T20:00:00.000000,2.9599138900235324,ev_charging
ASSET_007,2025-01-11T20:30:00.000000,2.6229862860396347,ev_charging
ASSET_007,2025-01-11T21:00:00.000000,0.3854549065285266,ev_charging
ASSET_007,2025-01-11T21:30:00.000000,0.34495034582367107,ev_charging
ASSET_007,2025-01-11T22:00:00.000000,1.4157594622397516,ev_charging
ASSET_007,2025-01-11T22:30:00.000000,1.6659872237014923,ev_charging
ASSET_007,2025-01-11T23:00:00.000000,1.5014956165210551,ev_charging
ASSET_007,2025-01-11T23:30:00.000000,1.7200793445404186,ev_charging
ASSET_007,2025-01-12T00:00:00.000000,1.40392561722686,ev_charging
ASSET_007,2025-01-12T00:30:00.000000,1.9149527979956624,ev_charging
ASSET_007,2025-01-12T01:00:00.000000,1.4357790521936686,ev_charging
ASSET_007,2025-01-12T01:30:00.000000,1.6401793210656515,ev_charging
ASSET_007,2025-01-12T02:00:00.000000,0.5450799379389567,ev_charging
ASSET_007,2025-01-12T02:30:00.000000,0.29545052118119364,ev_charging
ASSET_007,2025-01-12T03:00:00.000000,0.5561844336003943,ev_charging
ASSET_007,2025-01-12T03:30:00.000000,0.17479600511728088,ev_charging
ASSET_007,2025-01-12T04:00:00.000000,0.6660487070288048,ev_charging
ASSET_007,2025-01-12T04:30:00.000000,0.4025923474740836,ev_charging
ASSET_007,2025-01-12T05:00:00.000000,0.2907289098971303,ev_charging
ASSET_007,2025-01-12T05:30:00.000000,0.34518562526597363,ev_charging
ASSET_007,2025-01-12T06:00:00.000000,2.5482055661423093,ev_charging
ASSET_007,2025-01-12T06:30:00.000000,2.292919441171688,ev_charging
ASSET_007,2025-01-12T07:00:00.000000,2.2627069661878987,ev_charging
ASSET_007,2025-01-12T07:30:00.000000,2.3594113305141224,ev_charging
ASSET_007,2025-01-12T08:00:00.000000,2.184363727196074,ev_charging
ASSET_007,2025-01-12T08:30:00.000000,2.7335496517050544,ev_charging
ASSET_007,2025-01-12T09:00:00.000000,0.29622841953815965,ev_charging
ASSET_007,2025-01-12T09:30:00.000000,0.5523640754680526,ev_charging
ASSET_007,2025-01-12T10:00:00.000000,0.43837791175403834,ev_charging
ASSET_007,2025-01-12T10:30:00.000000,0.2196192971795537,ev_charging
ASSET_007,2025-01-12T11:00:00.000000,0.3989090122049535,ev_charging
ASSET_007,2025-01-12T11:30:00.000000,0.5436405092094335,ev_charging
ASSET_007,2025-01-12T12:00:00.000000,0.36550783396454456,ev_charging
ASSET_007,2025-01-12T12:30:00.000000,0.6185953361505634,ev_charging
ASSET_007,2025-01-12T13:00:00.000000,0.5871562130346772,ev_charging
ASSET_007,2025-01-12T13:30:00.000000,0.5683583287284726,ev_charging
ASSET_007,2025-01-12T14:00:00.000000,0.3157843127942688,ev_charging
ASSET_007,2025-01-12T14:30:00.000000,0.20215743724574897,ev_charging
ASSET_007,2025-01-12T15:00:00.000000,0.2875819851603166,ev_charging
ASSET_007,2025-01-12T15:30:00.000000,0.43595414377215275,ev_charging
ASSET_007,2025-01-12T16:00:00.000000,2.8999959228721783,ev_charging
ASSET_007,2025-01-12T16:30:00.000000,2.4021370961992465,ev_charging
ASSET_007,2025-01-12T17:00:00.000000,2.7985135455618475,ev_charging
ASSET_007,2025-01-12T17:30:00.000000,2.8289642044967125,ev_charging
ASSET_007,2025-01-12T18:00:00.000000,2.749149927325044,ev_charging
ASSET_007,2025-01-12T18:30:00.000000,3.036579814076838,ev_charging
ASSET_007,2025-01-12T19:00:00.000000,2.877276135032392,ev_charging
ASSET_007,2025-01-12T19:30:00.000000,3.040045874587679,ev_charging
ASSET_007,2025-01-12T20:00:00.000000,2.760432947521547,ev_charging
ASSET_007,2025-01-12T20:30:00.000000,2.971759269162876,ev_charging
ASSET_007,2025-01-12T21:00:00.000000,0.699567521568792,ev_charging
ASSET_007,2025-01-12T21:30:00.000000,0.6403209783845983,ev_charging
ASSET_007,2025-01-12T22:00:00.000000,1.3999040580610929,ev_charging
ASSET_007,2025-01-12T22:30:00.000000,1.553522918650271,ev_charging
ASSET_007,2025-01-12T23:00:00.000000,1.5367608950372338,ev_charging
ASSET_007,2025-01-12T23:30:00.000000,1.6896384201764845,ev_charging
ASSET_007,2025-01-13T00:00:00.000000,2.5257497763294485,ev_charging
ASSET_007,2025-01-13T00:30:00.000000,2.2463028779374277,ev_charging
ASSET_007,2025-01-13T01:00:00.000000,2.41242898487121,ev_charging
ASSET_007,2025-01-13T01:30:00.000000,2.0299204566442506,ev_charging
ASSET_007,2025-01-13T02:00:00.000000,0.8641849242772748,ev_charging
ASSET_007,2025-01-13T02:30:00.000000,0.50612571947602,ev_charging
ASSET_007,2025-01-13T03:00:00.000000,0.6102350718357953,ev_charging
ASSET_007,2025-01-13T03:30:00.000000,0.5432677488300445,ev_charging
ASSET_007,2025-01-13T04:00:00.000000,0.8099686235649578,ev_charging
ASSET_007,2025-01-13T04:30:00.000000,0.08012828412969442,ev_charging
ASSET_007,2025-01-13T05:00:00.000000,0.5969567479952888,ev_charging
ASSET_007,2025-01-13T05:30:00.000000,0.5806124919298861,ev_charging
ASSET_007,2025-01-13T06:00:00.000000,3.5168873332733805,ev_charging
ASSET_007,2025-01-13T06:30:00.000000,3.916269363539671,ev_charging
ASSET_007,2025-01-13T07:00:00.000000,3.4374285670024958,ev_charging
ASSET_007,2025-01-13T07:30:00.000000,3.7414040853292474,ev_charging
ASSET_007,2025-01-13T08:00:00.000000,3.665270600216507,ev_charging
ASSET_007,2025-01-13T08:30:00.000000,3.831128348768114,ev_charging
ASSET_007,2025-01-13T09:00:00.000000,0.4777614283961213,ev_charging
ASSET_007,2025-01-13T09:30:00.000000,0.46570962669625415,ev_charging
ASSET_007,2025-01-13T10:00:00.000000,0.8008156651913948,ev_charging
ASSET_007,2025-01-13T10:30:00.000000,0.6779249397047666,ev_charging
ASSET_007,2025-01-13T11:00:00.000000,0.31694540755529377,ev_charging
ASSET_007,2025-01-13T11:30:00.000000,0.5011916169929793,ev_charging
ASSET_007,2025-01-13T12:00:00.000000,0.6707908219371626,ev_charging
ASSET_007,2025-01-13T12:30:00.000000,0.7534903734476429,ev_charging
ASSET_007,2025-01-13T13:00:00.000000,0.47555524104000496,ev_charging
ASSET_007,2025-01-13T13:30:00.000000,0.06606667043711034,ev_charging
ASSET_007,2025-01-13T14:00:00.000000,0.6958619622439636,ev_charging
ASSET_007,2025-01-13T14:30:00.000000,0.3764198164495501,ev_charging
ASSET_007,2025-01-13T15:00:00.000000,0.23039471305828668,ev_charging
ASSET_007,2025-01-13T15:30:00.000000,0.08107742874397694,ev_charging
ASSET_007,2025-01-13T16:00:00.000000,4.34913292188623,ev_charging
ASSET_007,2025-01-13T16:30:00.000000,4.223564554306338,ev_charging
ASSET_007,2025-01-13T17:00:00.000000,4.158656527390934,ev_charging
ASSET_007,2025-01-13T17:30:00.000000,4.454489106499963,ev_charging
ASSET_007,2025-01-13T18:00:00.000000,4.316766986568156,ev_charging
ASSET_007,2025-01-13T18:30:00.000000,4.496129257827266,ev_charging
ASSET_007,2025-01-13T19:00:00.000000,3.9448309652779754,ev_charging
ASSET_007,2025-01-13T19:30:00.000000,4.193669832111292,ev_charging
ASSET_007,2025-01-13T20:00:00.000000,3.9037950138041673,ev_charging
ASSET_007,2025-01-13T20:30:00.000000,4.157973879913624,ev_charging
ASSET_007,2025-01-13T21:00:00.000000,0.5544500239348908,ev_charging
ASSET_007,2025-01-13T21:30:00.000000,0.7148045699699841,ev_charging
ASSET_007,2025-01-13T22:00:00.000000,2.4083479539377834,ev_charging
ASSET_007,2025-01-13T22:30:00.000000,2.5142170935491417,ev_charging
ASSET_007,2025-01-13T23:00:00.000000,2.5288802815358045,ev_charging
ASSET_007,2025-01-13T23:30:00.000000,2.794813718391983,ev_charging
ASSET_007,2025-01-14T00:00:00.000000,2.342233148513649,ev_charging
ASSET_007,2025-01-14T00:30:00.000000,2.2275911980564813,ev_charging
ASSET_007,2025-01-14T01:00:00.000000,2.445086033806185,ev_charging
ASSET_007,2025-01-14T01:30:00.000000,2.2530108378847906,ev_charging
ASSET_007,2025-01-14T02:00:00.000000,0.871516383645694,ev_charging
ASSET_007,2025-01-14T02:30:00.000000,0.5481104092932484,ev_charging
ASSET_007,2025-01-14T03:00:00.000000,0.4963783297430867,ev_charging
ASSET_007,2025-01-14T03:30:00.000000,0.5136482268033844,ev_charging
ASSET_007,2025-01-14T04:00:00.000000,0.7316243350860542,ev_charging
ASSET_007,2025-01-14T04:30:00.000000,0.57109849914366,ev_charging
ASSET_007,2025-01-14T05:00:00.000000,0.4824374718832549,ev_charging
ASSET_007,2025-01-14T05:30:00.000000,0.9051162620503113,ev_charging
ASSET_007,2025-01-14T06:00:00.000000,3.4431374541930433,ev_charging
ASSET_007,2025-01-14T06:30:00.000000,3.6065162128496158,ev_charging
ASSET_007,2025-01-14T07:00:00.000000,3.7195118056343026,ev_charging
ASSET_007,2025-01-14T07:30:00.000000,3.3011161029843,ev_charging
ASSET_007,2025-01-14T08:00:00.000000,3.687990584721871,ev_charging
ASSET_007,2025-01-14T08:30:00.000000,3.4066892008851886,ev_charging
ASSET_007,2025-01-14T09:00:00.000000,0.7507455594885155,ev_charging
ASSET_007,2025-01-14T09:30:00.000000,0.4236285824591304,ev_charging
ASSET_007,2025-01-14T10:00:00.000000,0.7269251833351662,ev_charging
ASSET_007,2025-01-14T10:30:00.000000,0.8026044153604242,ev_charging
ASSET_007,2025-01-14T11:00:00.000000,0.7578274777320103,ev_charging
ASSET_007,2025-01-14T11:30:00.000000,0.6460448001950523,ev_charging
ASSET_007,2025-01-14T12:00:00.000000,0.5576223629560944,ev_charging
ASSET_007,2025-01-14T12:30:00.000000,0.49439169905008035,ev_charging
ASSET_007,2025-01-14T13:00:00.000000,0.8695145701389908,ev_charging
ASSET_007,2025-01-14T13:30:00.000000,0.47184248287642816,ev_charging
ASSET_007,2025-01-14T14:00:00.000000,0.40999468009235424,ev_charging
ASSET_007,2025-01-14T14:30:00.000000,0.7219050941685149,ev_charging
ASSET_007,2025-01-14T15:00:00.000000,0.45413636427333137,ev_charging
ASSET_007,2025-01-14T15:30:00.000000,0.42593479492852737,ev_charging
ASSET_007,2025-01-14T16:00:00.000000,3.9355110762524683,ev_charging
ASSET_007,2025-01-14T16:30:00.000000,4.111524018698841,ev_charging
ASSET_007,2025-01-14T17:00:00.000000,4.184845425978964,ev_charging
ASSET_007,2025-01-14T17:30:00.000000,4.244537877246406,ev_charging
ASSET_007,2025-01-14T18:00:00.000000,4.37429289404487,ev_charging
ASSET_007,2025-01-14T18:30:00.000000,4.296535226728769,ev_charging
ASSET_007,2025-01-14T19:00:00.000000,4.165029482631864,ev_charging
ASSET_007,2025-01-14T19:30:00.000000,4.16368772072043,ev_charging
ASSET_007,2025-01-14T20:00:00.000000,4.293468136269103,ev_charging
ASSET_007,2025-01-14T20:30:00.000000,4.43315303342227,ev_charging
ASSET_007,2025-01-14T21:00:00.000000,0.6231425658338863,ev_charging
ASSET_007,2025-01-14T21:30:00.000000,0.5140485256393071,ev_charging
ASSET_007,2025-01-14T22:00:00.000000,2.2180927648011126,ev_charging
ASSET_007,2025-01-14T22:30:00.000000,2.1352177497701885,ev_charging
ASSET_007,2025-01-14T23:00:00.000000,2.5220701220565456,ev_charging
ASSET_007,2025-01-14T23:30:00.000000,2.505893922366819,ev_charging
ASSET_008,2025-01-01T00:00:00.000000,2.505781245849899,ev_charging
ASSET_008,2025-01-01T00:30:00.000000,2.3764277514362124,ev_charging
ASSET_008,2025-01-01T01:00:00.000000,2.6577705445151674,ev_charging
ASSET_008,2025-01-01T01:30:00.000000,2.311302575813567,ev_charging
ASSET_008,2025-01-01T02:00:00.000000,0.7750189709597487,ev_charging
ASSET_008,2025-01-01T02:30:00.000000,0.5929017481679872,ev_charging
ASSET_008,2025-01-01T03:00:00.000000,0.4885414491855356,ev_charging
ASSET_008,2025-01-01T03:30:00.000000,0.7085600170192898,ev_charging
ASSET_008,2025-01-01T04:00:00.000000,0.6750511888874603,ev_charging
ASSET_008,2025-01-01T04:30:00.000000,0.6654025091085475,ev_charging
ASSET_008,2025-01-01T05:00:00.000000,0.6148913680410106,ev_charging
ASSET_008,2025-01-01T05:30:00.000000,0.5930574460997378,ev_charging
ASSET_008,2025-01-01T06:00:00.000000,4.037583868693762,ev_charging
ASSET_008,2025-01-01T06:30:00.000000,3.816972735352013,ev_charging
ASSET_008,2025-01-01T07:00:00.000000,3.732432213259845,ev_charging
ASSET_008,2025-01-01T07:30:00.000000,3.6204832029136917,ev_charging
ASSET_008,2025-01-01T08:00:00.000000,3.784525587109318,ev_charging
ASSET_008,2025-01-01T08:30:00.000000,3.6949040429602906,ev_charging
ASSET_008,2025-01-01T09:00:00.000000,0.6048010850618144,ev_charging
ASSET_008,2025-01-01T09:30:00.000000,0.5443826789780662,ev_charging
ASSET_008,2025-01-01T10:00:00.000000,0.5851747877782288,ev_charging
ASSET_008,2025-01-01T10:30:00.000000,0.01913271339091327,ev_charging
ASSET_008,2025-01-01T11:00:00.000000,0.6385850823427465,ev_charging
ASSET_008,2025-01-01T11:30:00.000000,0.5105042038940661,ev_charging
ASSET_008,2025-01-01T12:00:00.000000,0.8917998961139713,ev_charging
ASSET_008,2025-01-01T12:30:00.000000,0.6035441101165822,ev_charging
ASSET_008,2025-01-01T13:00:00.000000,0.3821649163494873,ev_charging
ASSET_008,2025-01-01T13:30:00.000000,0.5908612431900984,ev_charging
ASSET_008,2025-01-01T14:00:00.000000,0.4083356726296197,ev_charging
ASSET_008,2025-01-01T14:30:00.000000,0.6867350015216055,ev_charging
ASSET_008,2025-01-01T15:00:00.000000,0.6533057135379129,ev_charging
ASSET_008,2025-01-01T15:30:00.000000,0.7754899038423362,ev_charging
ASSET_008,2025-01-01T16:00:00.000000,4.055099157450246,ev_charging
ASSET_008,2025-01-01T16:30:00.000000,4.206230769058942,ev_charging
ASSET_008,2025-01-01T17:00:00.000000,3.9499085067664774,ev_charging
ASSET_008,2025-01-01T17:30:00.000000,4.3285238654026355,ev_charging
ASSET_008,2025-01-01T18:00:00.000000,4.295064612702065,ev_charging
ASSET_008,2025-01-01T18:30:00.000000,4.290838562781123,ev_charging
ASSET_008,2025-01-01T19:00:00.000000,4.200296629673611,ev_charging
ASSET_008,2025-01-01T19:30:00.000000,4.275992318919518,ev_charging
ASSET_008,2025-01-01T20:00:00.000000,4.493937843772254,ev_charging
ASSET_008,2025-01-01T20:30:00.000000,4.147766659334803,ev_charging
ASSET_008,2025-01-01T21:00:00.000000,0.625401778301169,ev_charging
ASSET_008,2025-01-01T21:30:00.000000,0.40100614589997735,ev_charging
ASSET_008,2025-01-01T22:00:00.000000,2.2409221881071626,ev_charging
ASSET_008,2025-01-01T22:30:00.000000,2.417920792627452,ev_charging
ASSET_008,2025-01-01T23:00:00.000000,2.602256396235028,ev_charging
ASSET_008,2025-01-01T23:30:00.000000,2.3530456918424796,ev_charging
ASSET_008,2025-01-02T00:00:00.000000,2.356776721593886,ev_charging
ASSET_008,2025-01-02T00:30:00.000000,2.3254528105604484,ev_charging
ASSET_008,2025-01-02T01:00:00.000000,2.302024938520308,ev_charging
ASSET_008,2025-01-02T01:30:00.000000,2.4540429845637948,ev_charging
ASSET_008,2025-01-02T02:00:00.000000,0.3256810100083411,ev_charging
ASSET_008,2025-01-02T02:30:00.000000,0.834686429582154,ev_charging
ASSET_008,2025-01-02T03:00:00.000000,0.47808512894985233,ev_charging
ASSET_008,2025-01-02T03:30:00.000000,0.7322630314392023,ev_charging
ASSET_008,2025-01-02T04:00:00.000000,0.3673181141203362,ev_charging
ASSET_008,2025-01-02T04:30:00.000000,0.722541066775075,ev_charging
ASSET_008,2025-01-02T05:00:00.000000,0.723109851360299,ev_charging
ASSET_008,2025-01-02T05:30:00.000000,0.6703913081925089,ev_charging
ASSET_008,2025-01-02T06:00:00.000000,3.417806488684538,ev_charging
ASSET_008,2025-01-02T06:30:00.000000,3.6457207933085045,ev_charging
ASSET_008,2025-01-02T07:00:00.000000,3.3832472061540204,ev_charging
ASSET_008,2025-01-02T07:30:00.000000,3.5536901607627343,ev_charging
ASSET_008,2025-01-02T08:00:00.000000,3.7886031859964575,ev_charging
ASSET_008,2025-01-02T08:30:00.000000,3.7459671744954606,ev_charging
ASSET_008,2025-01-02T09:00:00.000000,0.6027817319725864,ev_charging
ASSET_008,2025-01-02T09:30:00.000000,0.4214015094827078,ev_charging
ASSET_008,2025-01-02T10:00:00.000000,0.7182808915519148,ev_charging
ASSET_008,2025-01-02T10:30:00.000000,0.6035509196211024,ev_charging
ASSET_008,2025-01-02T11:00:00.000000,0.17488503503849734,ev_charging
ASSET_008,2025-01-02T11:30:00.000000,0.7433889646072763,ev_charging
ASSET_008,2025-01-02T12:00:00.000000,0.5955601986517314,ev_charging
ASSET_008,2025-01-02T12:30:00.000000,0.82030624650547,ev_charging
ASSET_008,2025-01-02T13:00:00.000000,0.39933079422630036,ev_charging
ASSET_008,2025-01-02T13:30:00.000000,0.017982479939446905,ev_charging
ASSET_008,2025-01-02T14:00:00.000000,0.6511321497611,ev_charging
ASSET_008,2025-01-02T14:30:00.000000,0.6534186307635186,ev_charging
ASSET_008,2025-01-02T15:00:00.000000,0.290244805370675,ev_charging
ASSET_008,2025-01-02T15:30:00.000000,0.4207249046322967,ev_charging
ASSET_008,2025-01-02T16:00:00.000000,4.7047952509029685,ev_charging
ASSET_008,2025-01-02T16:30:00.000000,4.144007769621107,ev_charging
ASSET_008,2025-01-02T17:00:00.000000,4.333922126743214,ev_charging
ASSET_008,2025-01-02T17:30:00.000000,4.080789824485722,ev_charging
ASSET_008,2025-01-02T18:00:00.000000,3.817026647460118,ev_charging
ASSET_008,2025-01-02T18:30:00.000000,4.168806256926322,ev_charging
ASSET_008,2025-01-02T19:00:00.000000,4.151337450204725,ev_charging
ASSET_008,2025-01-02T19:30:00.000000,4.126736594129688,ev_charging
ASSET_008,2025-01-02T20:00:00.000000,4.178996161209008,ev_charging
ASSET_008,2025-01-02T20:30:00.000000,4.248417722626504,ev_charging
ASSET_008,2025-01-02T21:00:00.000000,0.5724964300024276,ev_charging
ASSET_008,2025-01-02T21:30:00.000000,0.3684160128010722,ev_charging
ASSET_008,2025-01-02T22:00:00.000000,2.4890759993111695,ev_charging
ASSET_008,2025-01-02T22:30:00.000000,2.042847246256999,ev_charging
ASSET_008,2025-01-02T23:00:00.000000,2.024345223004716,ev_charging
ASSET_008,2025-01-02T23:30:00.000000,2.53542842635068,ev_charging
ASSET_008,2025-01-03T00:00:00.000000,2.4928933570019423,ev_charging
ASSET_008,2025-01-03T00:30:00.000000,2.3894843491846496,ev_charging
ASSET_008,2025-01-03T01:00:00.000000,2.144333898950231,ev_charging
ASSET_008,2025-01-03T01:30:00.000000,2.270300602655071,ev_charging
ASSET_008,2025-01-03T02:00:00.000000,0.5518610422988655,ev_charging
ASSET_008,2025-01-03T02:30:00.000000,0.307609426471957,ev_charging
ASSET_008,2025-01-03T03:00:00.000000,0.4645993922978862,ev_charging
ASSET_008,2025-01-03T03:30:00.000000,0.7195162369587988,ev_charging
ASSET_008,2025-01-03T04:00:00.000000,0.8615027328144171,ev_charging
ASSET_008,2025-01-03T04:30:00.000000,0.5231535613879155,ev_charging
ASSET_008,2025-01-03T05:00:00.000000,0.7385994734871995,ev_charging
ASSET_008,2025-01-03T05:30:00.000000,0.2493168513530818,ev_charging
ASSET_008,2025-01-03T06:00:00.000000,3.7208208881040292,ev_charging
ASSET_008,2025-01-03T06:30:00.000000,3.4527051654445717,ev_charging
ASSET_008,2025-01-03T07:00:00.000000,3.656310107632567,ev_charging
ASSET_008,2025-01-03T07:30:00.000000,3.5546082176582243,ev_charging
ASSET_008,2025-01-03T08:00:00.000000,3.841918709649681,ev_charging
ASSET_008,2025-01-03T08:30:00.000000,3.439790897286293,ev_charging
ASSET_008,2025-01-03T09:00:00.000000,0.7149864395175783,ev_charging
ASSET_008,2025-01-03T09:30:00.000000,0.5487902397603137,ev_charging
ASSET_008,2025-01-03T10:00:00.000000,0.5709961749218009,ev_charging
ASSET_008,2025-01-03T10:30:00.000000,0.5663153402890447,ev_charging
ASSET_008,2025-01-03T11:00:00.000000,0.44506060621232857,ev_charging
ASSET_008,2025-01-03T11:30:00.000000,0.597416868032099,ev_charging
ASSET_008,2025-01-03T12:00:00.000000,0.5885219507326805,ev_charging
ASSET_008,2025-01-03T12:30:00.000000,0.6441986597973758,ev_charging
ASSET_008,2025-01-03T13:00:00.000000,0.6154825499072994,ev_charging
ASSET_008,2025-01-03T13:30:00.000000,0.746204001411099,ev_charging
ASSET_008,2025-01-03T14:00:00.000000,0.7691999714401072,ev_charging
ASSET_008,2025-01-03T14:30:00.000000,0.40751079853654926,ev_charging
ASSET_008,2025-01-03T15:00:00.000000,0.759171533143952,ev_charging
ASSET_008,2025-01-03T15:30:00.000000,0.3826462188902302,ev_charging
ASSET_008,2025-01-03T16:00:00.000000,4.307703596648093,ev_charging
ASSET_008,2025-01-03T16:30:00.000000,4.3135449987687755,ev_charging
ASSET_008,2025-01-03T17:00:00.000000,3.8498194409204056,ev_charging
ASSET_008,2025-01-03T17:30:00.000000,4.217035126239138,ev_charging
ASSET_008,2025-01-03T18:00:00.000000,4.114164819230771,ev_charging
ASSET_008,2025-01-03T18:30:00.000000,4.060983365242555,ev_charging
ASSET_008,2025-01-03T19:00:00.000000,4.447495444874496,ev_charging
ASSET_008,2025-01-03T19:30:00.000000,4.080236643161787,ev_charging
ASSET_008,2025-01-03T20:00:00.000000,4.052260226915157,ev_charging
ASSET_008,2025-01-03T20:30:00.000000,4.213868394365219,ev_charging
ASSET_008,2025-01-03T21:00:00.000000,0.7256098356611027,ev_charging
ASSET_008,2025-01-03T21:30:00.000000,0.574047955491716,ev_charging
ASSET_008,2025-01-03T22:00:00.000000,2.6136957464029735,ev_charging
ASSET_008,2025-01-03T22:30:00.000000,2.497282326638421,ev_charging
ASSET_008,2025-01-03T23:00:00.000000,2.000920568920634,ev_charging
ASSET_008,2025-01-03T23:30:00.000000,2.3029940884717517,ev_charging
ASSET_008,2025-01-04T00:00:00.000000,1.4970625010830638,ev_charging
ASSET_008,2025-01-04T00:30:00.000000,1.6878257746818908,ev_charging
ASSET_008,2025-01-04T01:00:00.000000,1.119096017885743,ev_charging
ASSET_008,2025-01-04T01:30:00.000000,2.067014993061497,ev_charging
ASSET_008,2025-01-04T02:00:00.000000,0.4972915666716892,ev_charging
ASSET_008,2025-01-04T02:30:00.000000,0.42727635728920554,ev_charging
ASSET_008,2025-01-04T03:00:00.000000,0.6164800851867936,ev_charging
ASSET_008,2025-01-04T03:30:00.000000,0.829390903247456,ev_charging
ASSET_008,2025-01-04T04:00:00.000000,0.5595332245263753,ev_charging
ASSET_008,2025-01-04T04:30:00.000000,0.5738361137464076,ev_charging
ASSET_008,2025-01-04T05:00:00.000000,0.42394427948222435,ev_charging
ASSET_008,2025-01-04T05:30:00.000000,0.37407046018669843,ev_charging
ASSET_008,2025-01-04T06:00:00.000000,2.312827477580531,ev_charging
ASSET_008,2025-01-04T06:30:00.000000,2.2486444815180144,ev_charging
ASSET_008,2025-01-04T07:00:00.000000,2.274129202447914,ev_charging
ASSET_008,2025-01-04T07:30:00.000000,2.1525588536757323,ev_charging
ASSET_008,2025-01-04T08:00:00.000000,2.386099266356637,ev_charging
ASSET_008,2025-01-04T08:30:00.000000,2.0913448331724513,ev_charging
ASSET_008,2025-01-04T09:00:00.000000,0.43497863460204417,ev_charging
ASSET_008,2025-01-04T09:30:00.000000,0.39334371359795667,ev_charging
ASSET_008,2025-01-04T10:00:00.000000,0.42692064574013244,ev_charging
ASSET_008,2025-01-04T10:30:00.000000,0.30433803734990855,ev_charging
ASSET_008,2025-01-04T11:00:00.000000,0.9637247749652138,ev_charging
ASSET_008,2025-01-04T11:30:00.000000,0.6491926631401788,ev_charging
ASSET_008,2025-01-04T12:00:00.000000,0.17198203480590613,ev_charging
ASSET_008,2025-01-04T12:30:00.000000,0.44266476030357105,ev_charging
ASSET_008,2025-01-04T13:00:00.000000,0.28860458881184037,ev_charging
ASSET_008,2025-01-04T13:30:00.000000,0.21413282149967736,ev_charging
ASSET_008,2025-01-04T14:00:00.000000,0.15447965268336478,ev_charging
ASSET_008,2025-01-04T14:30:00.000000,0.47918827227124905,ev_charging
ASSET_008,2025-01-04T15:00:00.000000,0.27516140693189595,ev_charging
ASSET_008,2025-01-04T15:30:00.000000,0.5773195536874749,ev_charging
ASSET_008,2025-01-04T16:00:00.000000,2.9820750985907556,ev_charging
ASSET_008,2025-01-04T16:30:00.000000,3.051720742719098,ev_charging
ASSET_008,2025-01-04T17:00:00.000000,2.6438305675014235,ev_charging
ASSET_008,2025-01-04T17:30:00.000000,2.887093770816072,ev_charging
ASSET_008,2025-01-04T18:00:00.000000,2.9158746475491077,ev_charging
ASSET_008,2025-01-04T18:30:00.000000,2.7131237843470237,ev_charging
ASSET_008,2025-01-04T19:00:00.000000,2.6586003520919483,ev_charging
ASSET_008,2025-01-04T19:30:00.000000,3.0948871791225265,ev_charging
ASSET_008,2025-01-04T20:00:00.000000,2.8416804943751943,ev_charging
ASSET_008,2025-01-04T20:30:00.000000,2.9165183771839724,ev_charging
ASSET_008,2025-01-04T21:00:00.000000,0.24938393069009757,ev_charging
ASSET_008,2025-01-04T21:30:00.000000,0.17660966738361233,ev_charging
ASSET_008,2025-01-04T22:00:00.000000,1.495668666316267,ev_charging
ASSET_008,2025-01-04T22:30:00.000000,1.577277510096047,ev_charging
ASSET_008,2025-01-04T23:00:00.000000,1.4050196916081072,ev_charging
ASSET_008,2025-01-04T23:30:00.000000,1.5981962904151263,ev_charging
ASSET_008,2025-01-05T00:00:00.000000,1.2906417280431641,ev_charging
ASSET_008,2025-01-05T00:30:00.000000,1.3947913115260557,ev_charging
ASSET_008,2025-01-05T01:00:00.000000,1.7229205251307276,ev_charging
ASSET_008,2025-01-05T01:30:00.000000,1.7106230488937715,ev_charging
ASSET_008,2025-01-05T02:00:00.000000,0.3282025783416206,ev_charging
ASSET_008,2025-01-05T02:30:00.000000,0.21353103908697252,ev_charging
ASSET_008,2025-01-05T03:00:00.000000,0.21176499216684155,ev_charging
ASSET_008,2025-01-05T03:30:00.000000,0.3316119249400378,ev_charging
ASSET_008,2025-01-05T04:00:00.000000,0.5180849950764409,ev_charging
ASSET_008,2025-01-05T04:30:00.000000,0.5700678713070138,ev_charging
ASSET_008,2025-01-05T05:00:00.000000,0.3090282927491964,ev_charging
ASSET_008,2025-01-05T05:30:00.000000,0.18866370909635924,ev_charging
ASSET_008,2025-01-05T06:00:00.000000,2.4490727807947965,ev_charging
ASSET_008,2025-01-05T06:30:00.000000,2.24911662859605,ev_charging
ASSET_008,2025-01-05T07:00:00.000000,2.3050487129515016,ev_charging
ASSET_008,2025-01-05T07:30:00.000000,2.6428095122836432,ev_charging
ASSET_008,2025-01-05T08:00:00.000000,2.5515393624479428,ev_charging
ASSET_008,2025-01-05T08:30:00.000000,2.4289431507803556,ev_charging
ASSET_008,2025-01-05T09:00:00.000000,0.1669662687247047,ev_charging
ASSET_008,2025-01-05T09:30:00.000000,0.4387308711115886,ev_charging
ASSET_008,2025-01-05T10:00:00.000000,0.5946939964907147,ev_charging
ASSET_008,2025-01-05T10:30:00.000000,0.33117854623652865,ev_charging
ASSET_008,2025-01-05T11:00:00.000000,0.6475434029154232,ev_charging
ASSET_008,2025-01-05T11:30:00.000000,0.6368494048295859,ev_charging
ASSET_008,2025-01-05T12:00:00.000000,0.7048196224605722,ev_charging
ASSET_008,2025-01-05T12:30:00.000000,0.4559249013966372,ev_charging
ASSET_008,2025-01-05T13:00:00.000000,0.5076185507144587,ev_charging
ASSET_008,2025-01-05T13:30:00.000000,0.6590993138978034,ev_charging
ASSET_008,2025-01-05T14:00:00.000000,0.4819689606129945,ev_charging
ASSET_008,2025-01-05T14:30:00.000000,0.3081667509655789,ev_charging
ASSET_008,2025-01-05T15:00:00.000000,0.31782054459328823,ev_charging
ASSET_008,2025-01-05T15:30:00.000000,0.4437066754592601,ev_charging
ASSET_008,2025-01-05T16:00:00.000000,2.5635507109077107,ev_charging
ASSET_008,2025-01-05T16:30:00.000000,2.7737529201493465,ev_charging
ASSET_008,2025-01-05T17:00:00.000000,3.0009030970186146,ev_charging
ASSET_008,2025-01-05T17:30:00.000000,2.3985309908400754,ev_charging
ASSET_008,2025-01-05T18:00:00.000000,3.081139042221638,ev_charging
ASSET_008,2025-01-05T18:30:00.000000,3.0056349907838293,ev_charging
ASSET_008,2025-01-05T19:00:00.000000,2.7157645543139166,ev_charging
ASSET_008,2025-01-05T19:30:00.000000,2.899556962392228,ev_charging
ASSET_008,2025-01-05T20:00:00.000000,2.8005767085367665,ev_charging
ASSET_008,2025-01-05T20:30:00.000000,3.0253518067889447,ev_charging
ASSET_008,2025-01-05T21:00:00.000000,0.5800415900860643,ev_charging
ASSET_008,2025-01-05T21:30:00.000000,0.14348704250254152,ev_charging
ASSET_008,2025-01-05T22:00:00.000000,1.7075948636096867,ev_charging
ASSET_008,2025-01-05T22:30:00.000000,1.5623260396717908,ev_charging
ASSET_008,2025-01-05T23:00:00.000000,1.615176110241352,ev_charging
ASSET_008,2025-01-05T23:30:00.000000,1.4665885052866017,ev_charging
ASSET_008,2025-01-06T00:00:00.000000,2.7202836844496385,ev_charging
ASSET_008,2025-01-06T00:30:00.000000,2.5905541834321504,ev_charging
ASSET_008,2025-01-06T01:00:00.000000,2.264463354600667,ev_charging
ASSET_008,2025-01-06T01:30:00.000000,2.155480270948232,ev_charging
ASSET_008,2025-01-06T02:00:00.000000,0.5293392643958442,ev_charging
ASSET_008,2025-01-06T02:30:00.000000,0.6796070919445857,ev_charging
ASSET_008,2025-01-06T03:00:00.000000,0.6440091421230044,ev_charging
ASSET_008,2025-01-06T03:30:00.000000,0.8295918353950389,ev_charging
ASSET_008,2025-01-06T04:00:00.000000,0.7447245776709919,ev_charging
ASSET_008,2025-01-06T04:30:00.000000,0.7776388965040147,ev_charging
ASSET_008,2025-01-06T05:00:00.000000,0.659884578754698,ev_charging
ASSET_008,2025-01-06T05:30:00.000000,0.3454606255006292,ev_charging
ASSET_008,2025-01-06T06:00:00.000000,3.564145233400585,ev_charging
ASSET_008,2025-01-06T06:30:00.000000,3.7942235844904086,ev_charging
ASSET_008,2025-01-06T07:00:00.000000,3.5905602634524483,ev_charging
ASSET_008,2025-01-06T07:30:00.000000,3.692173342537136,ev_charging
ASSET_008,2025-01-06T08:00:00.000000,3.541600755099547,ev_charging
ASSET_008,2025-01-06T08:30:00.000000,3.4113237577492974,ev_charging
ASSET_008,2025-01-06T09:00:00.000000,0.5774016054086948,ev_charging
ASSET_008,2025-01-06T09:30:00.000000,0.6566219065270541,ev_charging
ASSET_008,2025-01-06T10:00:00.000000,0.4798686428272426,ev_charging
ASSET_008,2025-01-06T10:30:00.000000,0.5568143326387603,ev_charging
ASSET_008,2025-01-06T11:00:00.000000,0.427876913164711,ev_charging
ASSET_008,2025-01-06T11:30:00.000000,0.8050616581108505,ev_charging
ASSET_008,2025-01-06T12:00:00.000000,0.5460514986990495,ev_charging
ASSET_008,2025-01-06T12:30:00.000000,0.8661655695177615,ev_charging
ASSET_008,2025-01-06T13:00:00.000000,0.8800884454741023,ev_charging
ASSET_008,2025-01-06T13:30:00.000000,0.5851512214634805,ev_charging
ASSET_008,2025-01-06T14:00:00.000000,0.41523778578686055,ev_charging
ASSET_008,2025-01-06T14:30:00.000000,0.21783371025814208,ev_charging
ASSET_008,2025-01-06T15:00:00.000000,0.3303017791204485,ev_charging
ASSET_008,2025-01-06T15:30:00.000000,0.34829383386678114,ev_charging
ASSET_008,2025-01-06T16:00:00.000000,4.452555328174197,ev_charging
ASSET_008,2025-01-06T16:30:00.000000,4.221220719016937,ev_charging
ASSET_008,2025-01-06T17:00:00.000000,4.271381114592568,ev_charging
ASSET_008,2025-01-06T17:30:00.000000,3.7931871508629573,ev_charging
ASSET_008,2025-01-06T18:00:00.000000,3.9805154363612663,ev_charging
ASSET_008,2025-01-06T18:30:00.000000,4.362525687613195,ev_charging
ASSET_008,2025-01-06T19:00:00.000000,4.252541114161524,ev_charging
ASSET_008,2025-01-06T19:30:00.000000,4.173029890012246,ev_charging
ASSET_008,2025-01-06T20:00:00.000000,4.3034871892720945,ev_charging
ASSET_008,2025-01-06T20:30:00.000000,4.499701526624169,ev_charging
ASSET_008,2025-01-06T21:00:00.000000,0.5595018629305332,ev_charging
ASSET_008,2025-01-06T21:30:00.000000,0.6127095388441391,ev_charging
ASSET_008,2025-01-06T22:00:00.000000,2.4352865068961282,ev_charging
ASSET_008,2025-01-06T22:30:00.000000,2.838268658176985,ev_charging
ASSET_008,2025-01-06T23:00:00.000000,2.015367941554657,ev_charging
ASSET_008,2025-01-06T23:30:00.000000,2.5251762166380924,ev_charging
ASSET_008,2025-01-07T00:00:00.000000,2.3789665879952144,ev_charging
ASSET_008,2025-01-07T00:30:00.000000,2.503840676975887,ev_charging
ASSET_008,2025-01-07T01:00:00.000000,2.279559957071681,ev_charging
ASSET_008,2025-01-07T01:30:00.000000,2.391028906846291,ev_charging
ASSET_008,2025-01-07T02:00:00.000000,0.7303405811663568,ev_charging
ASSET_008,2025-01-07T02:30:00.000000,1.170329618976961,ev_charging
ASSET_008,2025-01-07T03:00:00.000000,0.7480437732725937,ev_charging
ASSET_008,2025-01-07T03:30:00.000000,0.44462226721798176,ev_charging
ASSET_008,2025-01-07T04:00:00.000000,0.5223611725436975,ev_charging
ASSET_008,2025-01-07T04:30:00.000000,0.5169280579996725,ev_charging
ASSET_008,2025-01-07T05:00:00.000000,0.2710125187288579,ev_charging
ASSET_008,2025-01-07T05:30:00.000000,0.5395227613061295,ev_charging
ASSET_008,2025-01-07T06:00:00.000000,3.7342647567766267,ev_charging
ASSET_008,2025-01-07T06:30:00.000000,3.3665424724691437,ev_charging
ASSET_008,2025-01-07T07:00:00.000000,3.7920969999960548,ev_charging
ASSET_008,2025-01-07T07:30:00.000000,3.6893673154343802,ev_charging
ASSET_008,2025-01-07T08:00:00.000000,3.4654779663674486,ev_charging
ASSET_008,2025-01-07T08:30:00.000000,3.574069748587744,ev_charging
ASSET_008,2025-01-07T09:00:00.000000,0.8928353883285178,ev_charging
ASSET_008,2025-01-07T09:30:00.000000,0.7343964386887533,ev_charging
ASSET_008,2025-01-07T10:00:00.000000,0.6016092910581249,ev_charging
ASSET_008,2025-01-07T10:30:00.000000,0.556453020856791,ev_charging
ASSET_008,2025-01-07T11:00:00.000000,0.6140358761220361,ev_charging
ASSET_008,2025-01-07T11:30:00.000000,0.5062376052769993,ev_charging
ASSET_008,2025-01-07T12:00:00.000000,0.21437982270219474,ev_charging
ASSET_008,2025-01-07T12:30:00.000000,0.9741561671801132,ev_charging
ASSET_008,2025-01-07T13:00:00.000000,0.6284577587818904,ev_charging
ASSET_008,2025-01-07T13:30:00.000000,0.672946266788522,ev_charging
ASSET_008,2025-01-07T14:00:00.000000,0.5893904729689806,ev_charging
ASSET_008,2025-01-07T14:30:00.000000,0.46531610043867366,ev_charging
ASSET_008,2025-01-07T15:00:00.000000,0.5659359790261717,ev_charging
ASSET_008,2025-01-07T15:30:00.000000,0.30696803106939935,ev_charging
ASSET_008,2025-01-07T16:00:00.000000,4.61719477625048,ev_charging
ASSET_008,2025-01-07T16:30:00.000000,3.9738197660033254,ev_charging
ASSET_008,2025-01-07T17:00:00.000000,4.010929034423714,ev_charging
ASSET_008,2025-01-07T17:30:00.000000,4.119338224339206,ev_charging
ASSET_008,2025-01-07T18:00:00.000000,4.4359938738747395,ev_charging
ASSET_008,2025-01-07T18:30:00.000000,4.202658255936337,ev_charging
ASSET_008,2025-01-07T19:00:00.000000,3.973522263084419,ev_charging
ASSET_008,2025-01-07T19:30:00.000000,4.429812706810184,ev_charging
ASSET_008,2025-01-07T20:00:00.000000,4.333929757693197,ev_charging
ASSET_008,2025-01-07T20:30:00.000000,4.298648976090014,ev_charging
ASSET_008,2025-01-07T21:00:00.000000,0.7311327377573719,ev_charging
ASSET_008,2025-01-07T21:30:00.000000,1.0386813053567134,ev_charging
ASSET_008,2025-01-07T22:00:00.000000,2.8003406004119733,ev_charging
ASSET_008,2025-01-07T22:30:00.000000,2.2741839389426106,ev_charging
ASSET_008,2025-01-07T23:00:00.000000,2.697518929040043,ev_charging
ASSET_008,2025-01-07T23:30:00.000000,2.4702018861951127,ev_charging
ASSET_008,2025-01-08T00:00:00.000000,2.4914414834566663,ev_charging
ASSET_008,2025-01-08T00:30:00.000000,2.089951808345347,ev_charging
ASSET_008,2025-01-08T01:00:00.000000,2.3687828936985196,ev_charging
ASSET_008,2025-01-08T01:30:00.000000,2.251079106484765,ev_charging
ASSET_008,2025-01-08T02:00:00.000000,0.7517122043000956,ev_charging
ASSET_008,2025-01-08T02:30:00.000000,0.7962372488237996,ev_charging
ASSET_008,2025-01-08T03:00:00.000000,0.2199244649745114,ev_charging
ASSET_008,2025-01-08T03:30:00.000000,0.5959628981306462,ev_charging
ASSET_008,2025-01-08T04:00:00.000000,0.8055410542712327,ev_charging
ASSET_008,2025-01-08T04:30:00.000000,0.565797747261858,ev_charging
ASSET_008,2025-01-08T05:00:00.000000,0.7335748749593618,ev_charging
ASSET_008,2025-01-08T05:30:00.000000,0.6643385303188193,ev_charging
ASSET_008,2025-01-08T06:00:00.000000,3.6625970353541772,ev_charging
ASSET_008,2025-01-08T06:30:00.000000,3.5502912200896293,ev_charging
ASSET_008,2025-01-08T07:00:00.000000,3.3771050169565644,ev_charging
ASSET_008,2025-01-08T07:30:00.000000,3.394519655132486,ev_charging
ASSET_008,2025-01-08T08:00:00.000000,3.729963514255563,ev_charging
ASSET_008,2025-01-08T08:30:00.000000,3.6035650303861377,ev_charging
ASSET_008,2025-01-08T09:00:00.000000,0.5746225780416049,ev_charging
ASSET_008,2025-01-08T09:30:00.000000,0.5223372886745118,ev_charging
ASSET_008,2025-01-08T10:00:00.000000,0.5440850436672765,ev_charging
ASSET_008,2025-01-08T10:30:00.000000,0.7918091966330055,ev_charging
ASSET_008,2025-01-08T11:00:00.000000,0.538578495000608,ev_charging
ASSET_008,2025-01-08T11:30:00.000000,0.35429778645581966,ev_charging
ASSET_008,2025-01-08T12:00:00.000000,0.7362476288757531,ev_charging
ASSET_008,2025-01-08T12:30:00.000000,0.5624636683705,ev_charging
ASSET_008,2025-01-08T13:00:00.000000,0.6057521710779694,ev_charging
ASSET_008,2025-01-08T13:30:00.000000,0.8945313111367674,ev_charging
ASSET_008,2025-01-08T14:00:00.000000,0.5962330121711392,ev_charging
ASSET_008,2025-01-08T14:30:00.000000,0.6529825801106808,ev_charging
ASSET_008,2025-01-08T15:00:00.000000,0.3840043746299854,ev_charging
ASSET_008,2025-01-08T15:30:00.000000,0.5597534181942705,ev_charging
ASSET_008,2025-01-08T16:00:00.000000,4.311673878997148,ev_charging
ASSET_008,2025-01-08T16:30:00.000000,3.9150333123355154,ev_charging
ASSET_008,2025-01-08T17:00:00.000000,4.236797690274414,ev_charging
ASSET_008,2025-01-08T17:30:00.000000,4.218466364380995,ev_charging
ASSET_008,2025-01-08T18:00:00.000000,4.207564451684413,ev_charging
ASSET_008,2025-01-08T18:30:00.000000,4.390022326789886,ev_charging
ASSET_008,2025-01-08T19:00:00.000000,4.261273913613318,ev_charging
ASSET_008,2025-01-08T19:30:00.000000,4.470803887091734,ev_charging
ASSET_008,2025-01-08T20:00:00.000000,4.017960206607236,ev_charging
ASSET_008,2025-01-08T20:30:00.000000,4.224903322493933,ev_charging
ASSET_008,2025-01-08T21:00:00.000000,0.6154755219350153,ev_charging
ASSET_008,2025-01-08T21:30:00.000000,0.4040973016798728,ev_charging
ASSET_008,2025-01-08T22:00:00.000000,2.5752069057403073,ev_charging
ASSET_008,2025-01-08T22:30:00.000000,2.825913359250891,ev_charging
ASSET_008,2025-01-08T23:00:00.000000,2.396884244210641,ev_charging
ASSET_008,2025-01-08T23:30:00.000000,2.492527077958729,ev_charging
ASSET_008,2025-01-09T00:00:00.000000,2.4154849921761654,ev_charging
ASSET_008,2025-01-09T00:30:00.000000,2.2692610944062923,ev_charging
ASSET_008,2025-01-09T01:00:00.000000,2.0664107062455592,ev_charging
ASSET_008,2025-01-09T01:30:00.000000,2.270692215418599,ev_charging
ASSET_008,2025-01-09T02:00:00.000000,0.3449733394899149,ev_charging
ASSET_008,2025-01-09T02:30:00.000000,0.9122158450158313,ev_charging
ASSET_008,2025-01-09T03:00:00.000000,0.5789102596490636,ev_charging
ASSET_008,2025-01-09T03:30:00.000000,0.5366226372138576,ev_charging
ASSET_008,2025-01-09T04:00:00.000000,0.762905682898623,ev_charging
ASSET_008,2025-01-09T04:30:00.000000,0.3944791729410462,ev_charging
ASSET_008,2025-01-09T05:00:00.000000,0.45949955303702306,ev_charging
ASSET_008,2025-01-09T05:30:00.000000,0.6124718121873366,ev_charging
ASSET_008,2025-01-09T06:00:00.000000,3.788485175928659,ev_charging
ASSET_008,2025-01-09T06:30:00.000000,3.6919158672041386,ev_charging
ASSET_008,2025-01-09T07:00:00.000000,3.645496713610945,ev_charging
ASSET_008,2025-01-09T07:30:00.000000,3.614312285062884,ev_charging
ASSET_008,2025-01-09T08:00:00.000000,3.6733289263875837,ev_charging
ASSET_008,2025-01-09T08:30:00.000000,3.6369456929754667,ev_charging
ASSET_008,2025-01-09T09:00:00.000000,0.41129436537122566,ev_charging
ASSET_008,2025-01-09T09:30:00.000000,0.608442371677788,ev_charging
ASSET_008,2025-01-09T10:00:00.000000,0.40328489927685457,ev_charging
ASSET_008,2025-01-09T10:30:00.000000,0.6148554801814723,ev_charging
ASSET_008,2025-01-09T11:00:00.000000,0.51193843072019,ev_charging
ASSET_008,2025-01-09T11:30:00.000000,1.0652509901741458,ev_charging
ASSET_008,2025-01-09T12:00:00.000000,0.5926907789769185,ev_charging
ASSET_008,2025-01-09T12:30:00.000000,0.3427232508956446,ev_charging
ASSET_008,2025-01-09T13:00:00.000000,0.5754162685438349,ev_charging
ASSET_008,2025-01-09T13:30:00.000000,0.6951539416115131,ev_charging
ASSET_008,2025-01-09T14:00:00.000000,0.906584180134373,ev_charging
ASSET_008,2025-01-09T14:30:00.000000,0.49200389958265617,ev_charging
ASSET_008,2025-01-09T15:00:00.000000,0.31007658904495444,ev_charging
ASSET_008,2025-01-09T15:30:00.000000,0.7496562095943191,ev_charging
ASSET_008,2025-01-09T16:00:00.000000,3.9470545942405284,ev_charging
ASSET_008,2025-01-09T16:30:00.000000,4.1200900923238075,ev_charging
ASSET_008,2025-01-09T17:00:00.000000,4.1528002467617355,ev_charging
ASSET_008,2025-01-09T17:30:00.000000,4.187242156591802,ev_charging
ASSET_008,2025-01-09T18:00:00.000000,4.326264773742548,ev_charging
ASSET_008,2025-01-09T18:30:00.000000,4.074748433281101,ev_charging
ASSET_008,2025-01-09T19:00:00.000000,4.149848890585162,ev_charging
ASSET_008,2025-01-09T19:30:00.000000,4.1973854674774875,ev_charging
ASSET_008,2025-01-09T20:00:00.000000,4.227408482931121,ev_charging
ASSET_008,2025-01-09T20:30:00.000000,4.2179233359375585,ev_charging
ASSET_008,2025-01-09T21:00:00.000000,0.6798824866747084,ev_charging
ASSET_008,2025-01-09T21:30:00.000000,0.754603453016504,ev_charging
ASSET_008,2025-01-09T22:00:00.000000,2.471936179046052,ev_charging
ASSET_008,2025-01-09T22:30:00.000000,2.483103347700082,ev_charging
ASSET_008,2025-01-09T23:00:00.000000,2.1101141126639487,ev_charging
ASSET_008,2025-01-09T23:30:00.000000,2.409202432025712,ev_charging
ASSET_008,2025-01-10T00:00:00.000000,2.487852632901723,ev_charging
ASSET_008,2025-01-10T00:30:00.000000,2.533552440290943,ev_charging
ASSET_008,2025-01-10T01:00:00.000000,2.2731514474350227,ev_charging
ASSET_008,2025-01-10T01:30:00.000000,2.279254589993616,ev_charging
ASSET_008,2025-01-10T02:00:00.000000,0.4948165548498264,ev_charging
ASSET_008,2025-01-10T02:30:00.000000,0.6982786895158068,ev_charging
ASSET_008,2025-01-10T03:00:00.000000,0.789421778991471,ev_charging
ASSET_008,2025-01-10T03:30:00.000000,0.525347487485503,ev_charging
ASSET_008,2025-01-10T04:00:00.000000,0.7663516667466701,ev_charging
ASSET_008,2025-01-10T04:30:00.000000,0.6226232650362274,ev_charging
ASSET_008,2025-01-10T05:00:00.000000,0.5772290701127393,ev_charging
ASSET_008,2025-01-10T05:30:00.000000,0.5612713893226364,ev_charging
ASSET_008,2025-01-10T06:00:00.000000,3.736789867871752,ev_charging
ASSET_008,2025-01-10T06:30:00.000000,3.659650507147059,ev_charging
ASSET_008,2025-01-10T07:00:00.000000,4.016963730136871,ev_charging
ASSET_008,2025-01-10T07:30:00.000000,3.443860270765133,ev_charging
ASSET_008,2025-01-10T08:00:00.000000,3.6949236332647772,ev_charging
ASSET_008,2025-01-10T08:30:00.000000,3.5030428149881048,ev_charging
ASSET_008,2025-01-10T09:00:00.000000,0.440734205598152,ev_charging
ASSET_008,2025-01-10T09:30:00.000000,0.5980089852503783,ev_charging
ASSET_008,2025-01-10T10:00:00.000000,0.6251649364056462,ev_charging
ASSET_008,2025-01-10T10:30:00.000000,1.1346510834806527,ev_charging
ASSET_008,2025-01-10T11:00:00.000000,0.5662618559123276,ev_charging
ASSET_008,2025-01-10T11:30:00.000000,0.39293511134798476,ev_charging
ASSET_008,2025-01-10T12:00:00.000000,0.6500194635980785,ev_charging
ASSET_008,2025-01-10T12:30:00.000000,0.21989630740668314,ev_charging
ASSET_008,2025-01-10T13:00:00.000000,0.5831522037585756,ev_charging
ASSET_008,2025-01-10T13:30:00.000000,0.6029360606490776,ev_charging
ASSET_008,2025-01-10T14:00:00.000000,0.7455821415896048,ev_charging
ASSET_008,2025-01-10T14:30:00.000000,0.7783815049844591,ev_charging
ASSET_008,2025-01-10T15:00:00.000000,0.5077388519644075,ev_charging
ASSET_008,2025-01-10T15:30:00.000000,0.5724053608910158,ev_charging
ASSET_008,2025-01-10T16:00:00.000000,4.05963571924883,ev_charging
ASSET_008,2025-01-10T16:30:00.000000,3.9933228247798764,ev_charging
ASSET_008,2025-01-10T17:00:00.000000,4.25677715065081,ev_charging
ASSET_008,2025-01-10T17:30:00.000000,3.9666609334178373,ev_charging
ASSET_008,2025-01-10T18:00:00.000000,4.124034428573798,ev_charging
ASSET_008,2025-01-10T18:30:00.000000,4.017669913775604,ev_charging
ASSET_008,2025-01-10T19:00:00.000000,4.300709812345323,ev_charging
ASSET_008,2025-01-10T19:30:00.000000,4.530047728901325,ev_charging
ASSET_008,2025-01-10T20:00:00.000000,3.9615304874363897,ev_charging
ASSET_008,2025-01-10T20:30:00.000000,3.8605005422405525,ev_charging
ASSET_008,2025-01-10T21:00:00.000000,0.5771189385055054,ev_charging
ASSET_008,2025-01-10T21:30:00.000000,0.6028760604736892,ev_charging
ASSET_008,2025-01-10T22:00:00.000000,2.440061508702319,ev_charging
ASSET_008,2025-01-10T22:30:00.000000,2.3182277056017075,ev_charging
ASSET_008,2025-01-10T23:00:00.000000,2.363240014179483,ev_charging
ASSET_008,2025-01-10T23:30:00.000000,2.4673331573597603,ev_charging
ASSET_008,2025-01-11T00:00:00.000000,1.790621802831001,ev_charging
ASSET_008,2025-01-11T00:30:00.000000,1.2418071360095433,ev_charging
ASSET_008,2025-01-11T01:00:00.000000,1.5324050242060214,ev_charging
ASSET_008,2025-01-11T01:30:00.000000,1.639172825461345,ev_charging
ASSET_008,2025-01-11T02:00:00.000000,0.23181366369096157,ev_charging
ASSET_008,2025-01-11T02:30:00.000000,0.7171750075345089,ev_charging
ASSET_008,2025-01-11T03:00:00.000000,0.2835838326580921,ev_charging
ASSET_008,2025-01-11T03:30:00.000000,0.3924345898447371,ev_charging
ASSET_008,2025-01-11T04:00:00.000000,0.5018711913143198,ev_charging
ASSET_008,2025-01-11T04:30:00.000000,0.2916681797659386,ev_charging
ASSET_008,2025-01-11T05:00:00.000000,0.061681438027262114,ev_charging
ASSET_008,2025-01-11T05:30:00.000000,0.3214643670327923,ev_charging
ASSET_008,2025-01-11T06:00:00.000000,2.58860821613949,ev_charging
ASSET_008,2025-01-11T06:30:00.000000,2.3382759999854374,ev_charging
ASSET_008,2025-01-11T07:00:00.000000,2.244921144054123,ev_charging
ASSET_008,2025-01-11T07:30:00.000000,2.569596372669606,ev_charging
ASSET_008,2025-01-11T08:00:00.000000,2.3393973136929196,ev_charging
ASSET_008,2025-01-11T08:30:00.000000,2.306531250927657,ev_charging
ASSET_008,2025-01-11T09:00:00.000000,0.4273824907133135,ev_charging
ASSET_008,2025-01-11T09:30:00.000000,0.5412124491194421,ev_charging
ASSET_008,2025-01-11T10:00:00.000000,0.8363639434924273,ev_charging
ASSET_008,2025-01-11T10:30:00.000000,0.5515614725815208,ev_charging
ASSET_008,2025-01-11T11:00:00.000000,0.6124992509847217,ev_charging
ASSET_008,2025-01-11T11:30:00.000000,0.30729976425686795,ev_charging
ASSET_008,2025-01-11T12:00:00.000000,0.21204630772773522,ev_charging
ASSET_008,2025-01-11T12:30:00.000000,0.411419993698075,ev_charging
ASSET_008,2025-01-11T13:00:00.000000,0.4196350594743475,ev_charging
ASSET_008,2025-01-11T13:30:00.000000,0.20240105845712913,ev_charging
ASSET_008,2025-01-11T14:00:00.000000,0.3678835379140148,ev_charging
ASSET_008,2025-01-11T14:30:00.000000,0.47316068917211224,ev_charging
ASSET_008,2025-01-11T15:00:00.000000,0.466029218444384,ev_charging
ASSET_008,2025-01-11T15:30:00.000000,0.4923927388521899,ev_charging
ASSET_008,2025-01-11T16:00:00.000000,2.8533088952001817,ev_charging
ASSET_008,2025-01-11T16:30:00.000000,2.7071087706408794,ev_charging
ASSET_008,2025-01-11T17:00:00.000000,2.7058460637604087,ev_charging
ASSET_008,2025-01-11T17:30:00.000000,2.580334976010408,ev_charging
ASSET_008,2025-01-11T18:00:00.000000,3.1269962839649836,ev_charging
ASSET_008,2025-01-11T18:30:00.000000,2.8024642989463207,ev_charging
ASSET_008,2025-01-11T19:00:00.000000,2.758803707991872,ev_charging
ASSET_008,2025-01-11T19:30:00.000000,2.6298320222196034,ev_charging
ASSET_008,2025-01-11T20:00:00.000000,3.3378544656764824,ev_charging
ASSET_008,2025-01-11T20:30:00.000000,2.6033509712391627,ev_charging
ASSET_008,2025-01-11T21:00:00.000000,0.3214289336300301,ev_charging
ASSET_008,2025-01-11T21:30:00.000000,0.47618724893383896,ev_charging
ASSET_008,2025-01-11T22:00:00.000000,1.709967589795291,ev_charging
ASSET_008,2025-01-11T22:30:00.000000,1.7755068372591594,ev_charging
ASSET_008,2025-01-11T23:00:00.000000,1.9311797016020116,ev_charging
ASSET_008,2025-01-11T23:30:00.000000,1.6927353133040521,ev_charging
ASSET_008,2025-01-12T00:00:00.000000,1.4065200712918213,ev_charging
ASSET_008,2025-01-12T00:30:00.000000,1.5529239824330452,ev_charging
ASSET_008,2025-01-12T01:00:00.000000,1.6563992882498655,ev_charging
ASSET_008,2025-01-12T01:30:00.000000,1.9789285568901742,ev_charging
ASSET_008,2025-01-12T02:00:00.000000,0.14390206770297698,ev_charging
ASSET_008,2025-01-12T02:30:00.000000,0.6203291954216221,ev_charging
ASSET_008,2025-01-12T03:00:00.000000,0.43296288270618283,ev_charging
ASSET_008,2025-01-12T03:30:00.000000,0.553502523061687,ev_charging
ASSET_008,2025-01-12T04:00:00.000000,0.38131311084491676,ev_charging
ASSET_008,2025-01-12T04:30:00.000000,0.24565430740899805,ev_charging
ASSET_008,2025-01-12T05:00:00.000000,0.5375706199403155,ev_charging
ASSET_008,2025-01-12T05:30:00.000000,0.5199011131804228,ev_charging
ASSET_008,2025-01-12T06:00:00.000000,2.5780947226515996,ev_charging
ASSET_008,2025-01-12T06:30:00.000000,2.3975624007324146,ev_charging
ASSET_008,2025-01-12T07:00:00.000000,2.2901040364417566,ev_charging
ASSET_008,2025-01-12T07:30:00.000000,2.1144079541259893,ev_charging
ASSET_008,2025-01-12T08:00:00.000000,2.5501208880555417,ev_charging
ASSET_008,2025-01-12T08:30:00.000000,2.4776626087477736,ev_charging
ASSET_008,2025-01-12T09:00:00.000000,0.22305482476456745,ev_charging
ASSET_008,2025-01-12T09:30:00.000000,0.30132560914243994,ev_charging
ASSET_008,2025-01-12T10:00:00.000000,0.3144831176674682,ev_charging
ASSET_008,2025-01-12T10:30:00.000000,0.1282960665689355,ev_charging
ASSET_008,2025-01-12T11:00:00.000000,0.25018890376484515,ev_charging
ASSET_008,2025-01-12T11:30:00.000000,0.1922660810565501,ev_charging
ASSET_008,2025-01-12T12:00:00.000000,0.3244279524648173,ev_charging
ASSET_008,2025-01-12T12:30:00.000000,0.2646600654846194,ev_charging
ASSET_008,2025-01-12T13:00:00.000000,0.10190945556977066,ev_charging
ASSET_008,2025-01-12T13:30:00.000000,0.7705674243864801,ev_charging
ASSET_008,2025-01-12T14:00:00.000000,0.6294833553635698,ev_charging
ASSET_008,2025-01-12T14:30:00.000000,0.2572725131286598,ev_charging
ASSET_008,2025-01-12T15:00:00.000000,0.44991149160117927,ev_charging
ASSET_008,2025-01-12T15:30:00.000000,0.47648556824225874,ev_charging
ASSET_008,2025-01-12T16:00:00.000000,3.0182239441067122,ev_charging
ASSET_008,2025-01-12T16:30:00.000000,2.65001986475835,ev_charging
ASSET_008,2025-01-12T17:00:00.000000,3.0000895643510663,ev_charging
ASSET_008,2025-01-12T17:30:00.000000,2.699615921050658,ev_charging
ASSET_008,2025-01-12T18:00:00.000000,2.5552509238076793,ev_charging
ASSET_008,2025-01-12T18:30:00.000000,2.9326721624744065,ev_charging
ASSET_008,2025-01-12T19:00:00.000000,3.0364853827052882,ev_charging
ASSET_008,2025-01-12T19:30:00.000000,3.274141894079015,ev_charging
ASSET_008,2025-01-12T20:00:00.000000,2.5801931925031147,ev_charging
ASSET_008,2025-01-12T20:30:00.000000,2.9280520708737305,ev_charging
ASSET_008,2025-01-12T21:00:00.000000,0.32491855783354195,ev_charging
ASSET_008,2025-01-12T21:30:00.000000,0.5435225066067244,ev_charging
ASSET_008,2025-01-12T22:00:00.000000,1.3305853072208458,ev_charging
ASSET_008,2025-01-12T22:30:00.000000,1.368642537523799,ev_charging
ASSET_008,2025-01-12T23:00:00.000000,1.457848648469855,ev_charging
ASSET_008,2025-01-12T23:30:00.000000,1.6144673412241883,ev_charging
ASSET_008,2025-01-13T00:00:00.000000,2.2825447536663654,ev_charging
ASSET_008,2025-01-13T00:30:00.000000,2.5207481708669945,ev_charging
ASSET_008,2025-01-13T01:00:00.000000,2.588141763987968,ev_charging
ASSET_008,2025-01-13T01:30:00.000000,2.5098511709495956,ev_charging
ASSET_008,2025-01-13T02:00:00.000000,0.8965850211235805,ev_charging
ASSET_008,2025-01-13T02:30:00.000000,0.6761853788966397,ev_charging
ASSET_008,2025-01-13T03:00:00.000000,0.3770471384269622,ev_charging
ASSET_008,2025-01-13T03:30:00.000000,0.8497900540875601,ev_charging
ASSET_008,2025-01-13T04:00:00.000000,0.4891267325479012,ev_charging
ASSET_008,2025-01-13T04:30:00.000000,0.7668016751209634,ev_charging
ASSET_008,2025-01-13T05:00:00.000000,0.8883305903902748,ev_charging
ASSET_008,2025-01-13T05:30:00.000000,0.6836717676802482,ev_charging
ASSET_008,2025-01-13T06:00:00.000000,3.325882331730905,ev_charging
ASSET_008,2025-01-13T06:30:00.000000,3.4317704137787413,ev_charging
ASSET_008,2025-01-13T07:00:00.000000,3.8423456826828835,ev_charging
ASSET_008,2025-01-13T07:30:00.000000,3.5690143079518695,ev_charging
ASSET_008,2025-01-13T08:00:00.000000,3.6145790083661895,ev_charging
ASSET_008,2025-01-13T08:30:00.000000,3.7390274733899753,ev_charging
ASSET_008,2025-01-13T09:00:00.000000,0.7275762958025735,ev_charging
ASSET_008,2025-01-13T09:30:00.000000,0.6510801084834791,ev_charging
ASSET_008,2025-01-13T10:00:00.000000,0.5617689734156789,ev_charging
ASSET_008,2025-01-13T10:30:00.000000,0.5427146740497503,ev_charging
ASSET_008,2025-01-13T11:00:00.000000,0.7571793204908782,ev_charging
ASSET_008,2025-01-13T11:30:00.000000,0.7014218462277778,ev_charging
ASSET_008,2025-01-13T12:00:00.000000,0.5528589641725263,ev_charging
ASSET_008,2025-01-13T12:30:00.000000,0.7982584344876719,ev_charging
ASSET_008,2025-01-13T13:00:00.000000,0.5763591067637217,ev_charging
ASSET_008,2025-01-13T13:30:00.000000,0.44396332305944863,ev_charging
ASSET_008,2025-01-13T14:00:00.000000,0.4609457255223514,ev_charging
ASSET_008,2025-01-13T14:30:00.000000,0.42068069677610354,ev_charging
ASSET_008,2025-01-13T15:00:00.000000,0.5500905933865388,ev_charging
ASSET_008,2025-01-13T15:30:00.000000,0.8260359124237382,ev_charging
ASSET_008,2025-01-13T16:00:00.000000,4.052495061475482,ev_charging
ASSET_008,2025-01-13T16:30:00.000000,4.234531451929389,ev_charging
ASSET_008,2025-01-13T17:00:00.000000,4.079685130604692,ev_charging
ASSET_008,2025-01-13T17:30:00.000000,4.152307664938483,ev_charging
ASSET_008,2025-01-13T18:00:00.000000,3.9233388779469878,ev_charging
ASSET_008,2025-01-13T18:30:00.000000,4.159594245872392,ev_charging
ASSET_008,2025-01-13T19:00:00.000000,4.164510407200019,ev_charging
ASSET_008,2025-01-13T19:30:00.000000,4.29898846974654,ev_charging
ASSET_008,2025-01-13T20:00:00.000000,4.240908253035716,ev_charging
ASSET_008,2025-01-13T20:30:00.000000,3.980437442821286,ev_charging
ASSET_008,2025-01-13T21:00:00.000000,0.7986406068551205,ev_charging
ASSET_008,2025-01-13T21:30:00.000000,0.6385305212978155,ev_charging
ASSET_008,2025-01-13T22:00:00.000000,2.436348526540018,ev_charging
ASSET_008,2025-01-13T22:30:00.000000,2.3983176616833655,ev_charging
ASSET_008,2025-01-13T23:00:00.000000,2.305139439133929,ev_charging
ASSET_008,2025-01-13T23:30:00.000000,2.439904500103963,ev_charging
ASSET_008,2025-01-14T00:00:00.000000,2.4871345955826296,ev_charging
ASSET_008,2025-01-14T00:30:00.000000,2.0799437536927607,ev_charging
ASSET_008,2025-01-14T01:00:00.000000,2.3012913180148047,ev_charging
ASSET_008,2025-01-14T01:30:00.000000,2.3532900729224853,ev_charging
ASSET_008,2025-01-14T02:00:00.000000,0.6469341145432731,ev_charging
ASSET_008,2025-01-14T02:30:00.000000,0.8186316235859341,ev_charging
ASSET_008,2025-01-14T03:00:00.000000,0.45860605789708947,ev_charging
ASSET_008,2025-01-14T03:30:00.000000,0.5087662759223025,ev_charging
ASSET_008,2025-01-14T04:00:00.000000,0.5060964290136856,ev_charging
ASSET_008,2025-01-14T04:30:00.000000,0.4531486950987036,ev_charging
ASSET_008,2025-01-14T05:00:00.000000,0.5363904742883605,ev_charging
ASSET_008,2025-01-14T05:30:00.000000,0.7412219781620819,ev_charging
ASSET_008,2025-01-14T06:00:00.000000,3.4069222824564607,ev_charging
ASSET_008,2025-01-14T06:30:00.000000,3.678381708826228,ev_charging
ASSET_008,2025-01-14T07:00:00.000000,3.28818719857164,ev_charging
ASSET_008,2025-01-14T07:30:00.000000,3.497154859937553,ev_charging
ASSET_008,2025-01-14T08:00:00.000000,3.5396328532100614,ev_charging
ASSET_008,2025-01-14T08:30:00.000000,3.9068582186446124,ev_charging
ASSET_008,2025-01-14T09:00:00.000000,0.5496522920220968,ev_charging
ASSET_008,2025-01-14T09:30:00.000000,0.19670074932845666,ev_charging
ASSET_008,2025-01-14T10:00:00.000000,0.23377499670720664,ev_charging
ASSET_008,2025-01-14T10:30:00.000000,0.6062347063556598,ev_charging
ASSET_008,2025-01-14T11:00:00.000000,0.712451588935794,ev_charging
ASSET_008,2025-01-14T11:30:00.000000,0.6687888767724217,ev_charging
ASSET_008,2025-01-14T12:00:00.000000,0.6307012372413957,ev_charging
ASSET_008,2025-01-14T12:30:00.000000,0.812942561971574,ev_charging
ASSET_008,2025-01-14T13:00:00.000000,0.5011391799149469,ev_charging
ASSET_008,2025-01-14T13:30:00.000000,0.7639603983006291,ev_charging
ASSET_008,2025-01-14T14:00:00.000000,0.30099155856480275,ev_charging
ASSET_008,2025-01-14T14:30:00.000000,0.43420062917956137,ev_charging
ASSET_008,2025-01-14T15:00:00.000000,0.2689242015714207,ev_charging
ASSET_008,2025-01-14T15:30:00.000000,0.5496444145558559,ev_charging
ASSET_008,2025-01-14T16:00:00.000000,4.1915242841222735,ev_charging
ASSET_008,2025-01-14T16:30:00.000000,4.220905023397216,ev_charging
ASSET_008,2025-01-14T17:00:00.000000,4.211337914296822,ev_charging
ASSET_008,2025-01-14T17:30:00.000000,4.030058979033423,ev_charging
ASSET_008,2025-01-14T18:00:00.000000,4.1651451595771505,ev_charging
ASSET_008,2025-01-14T18:30:00.000000,3.925646378216161,ev_charging
ASSET_008,2025-01-14T19:00:00.000000,4.449763022943873,ev_charging
ASSET_008,2025-01-14T19:30:00.000000,4.144371365929759,ev_charging
ASSET_008,2025-01-14T20:00:00.000000,4.110429078903781,ev_charging
ASSET_008,2025-01-14T20:30:00.000000,4.491116567318505,ev_charging
ASSET_008,2025-01-14T21:00:00.000000,0.3724026886747305,ev_charging
ASSET_008,2025-01-14T21:30:00.000000,0.3937763608934285,ev_charging
ASSET_008,2025-01-14T22:00:00.000000,2.1991567761937234,ev_charging
ASSET_008,2025-01-14T22:30:00.000000,2.3875649932814875,ev_charging
ASSET_008,2025-01-14T23:00:00.000000,2.4790810807157455,ev_charging
ASSET_008,2025-01-14T23:30:00.000000,2.535519112551589,ev_charging
ASSET_009,2025-01-01T00:00:00.000000,-0.18272112380120753,solar_battery
ASSET_009,2025-01-01T00:30:00.000000,-1.3398637890081835,solar_battery
ASSET_009,2025-01-01T01:00:00.000000,-0.7315491721408962,solar_battery
ASSET_009,2025-01-01T01:30:00.000000,-1.0113570509480918,solar_battery
ASSET_009,2025-01-01T02:00:00.000000,-1.0907396357333057,solar_battery
ASSET_009,2025-01-01T02:30:00.000000,-1.0987453107809306,solar_battery
ASSET_009,2025-01-01T03:00:00.000000,-1.2302367553498779,solar_battery
ASSET_009,2025-01-01T03:30:00.000000,-0.6078460740511359,solar_battery
ASSET_009,2025-01-01T04:00:00.000000,-0.8576562626519949,solar_battery
ASSET_009,2025-01-01T04:30:00.000000,-1.0542405862815616,solar_battery
ASSET_009,2025-01-01T05:00:00.000000,-0.7655339672898405,solar_battery
ASSET_009,2025-01-01T05:30:00.000000,-1.4527846995584506,solar_battery
ASSET_009,2025-01-01T06:00:00.000000,-1.4193692315194224,solar_battery
ASSET_009,2025-01-01T06:30:00.000000,-1.622712255726725,solar_battery
ASSET_009,2025-01-01T07:00:00.000000,-0.6105896247600077,solar_battery
ASSET_009,2025-01-01T07:30:00.000000,-0.403922488721278,solar_battery
ASSET_009,2025-01-01T08:00:00.000000,0.21487843756842817,solar_battery
ASSET_009,2025-01-01T08:30:00.000000,0.22603443751903932,solar_battery
ASSET_009,2025-01-01T09:00:00.000000,0.4169812791545449,solar_battery
ASSET_009,2025-01-01T09:30:00.000000,0.9483920568377698,solar_battery
ASSET_009,2025-01-01T10:00:00.000000,1.2725741138384559,solar_battery
ASSET_009,2025-01-01T10:30:00.000000,1.390996537012936,solar_battery
ASSET_009,2025-01-01T11:00:00.000000,1.0829059295703019,solar_battery
ASSET_009,2025-01-01T11:30:00.000000,1.6119266583033838,solar_battery
ASSET_009,2025-01-01T12:00:00.000000,1.4149363424197934,solar_battery
ASSET_009,2025-01-01T12:30:00.000000,1.6046424193876732,solar_battery
ASSET_009,2025-01-01T13:00:00.000000,1.8207078549261586,solar_battery
ASSET_009,2025-01-01T13:30:00.000000,1.714322744754846,solar_battery
ASSET_009,2025-01-01T14:00:00.000000,1.3106939143140603,solar_battery
ASSET_009,2025-01-01T14:30:00.000000,1.5165690669453573,solar_battery
ASSET_009,2025-01-01T15:00:00.000000,0.8123305116638588,solar_battery
ASSET_009,2025-01-01T15:30:00.000000,1.455963162337924,solar_battery
ASSET_009,2025-01-01T16:00:00.000000,0.6605394564562309,solar_battery
ASSET_009,2025-01-01T16:30:00.000000,0.9782596077566095,solar_battery
ASSET_009,2025-01-01T17:00:00.000000,0.010457755739972652,solar_battery
ASSET_009,2025-01-01T17:30:00.000000,0.01116712342544307,solar_battery
ASSET_009,2025-01-01T18:00:00.000000,-1.1834048287930832,solar_battery
ASSET_009,2025-01-01T18:30:00.000000,-0.7897182563936619,solar_battery
ASSET_009,2025-01-01T19:00:00.000000,-1.1804857298721136,solar_battery
ASSET_009,2025-01-01T19:30:00.000000,-0.8555193483336372,solar_battery
ASSET_009,2025-01-01T20:00:00.000000,-1.131980954305298,solar_battery
ASSET_009,2025-01-01T20:30:00.000000,-1.5144235708386573,solar_battery
ASSET_009,2025-01-01T21:00:00.000000,-1.2247433419127876,solar_battery
ASSET_009,2025-01-01T21:30:00.000000,-1.3708539370911192,solar_battery
ASSET_009,2025-01-01T22:00:00.000000,-0.6418633463162389,solar_battery
ASSET_009,2025-01-01T22:30:00.000000,-0.9356978565618775,solar_battery
ASSET_009,2025-01-01T23:00:00.000000,-0.5001202622977359,solar_battery
ASSET_009,2025-01-01T23:30:00.000000,-0.7442124929539704,solar_battery
ASSET_009,2025-01-02T00:00:00.000000,-0.8426230387420974,solar_battery
ASSET_009,2025-01-02T00:30:00.000000,-0.6425858869309802,solar_battery
ASSET_009,2025-01-02T01:00:00.000000,-0.6463080493525493,solar_battery
ASSET_009,2025-01-02T01:30:00.000000,-0.8824694139554726,solar_battery
ASSET_009,2025-01-02T02:00:00.000000,-1.1350880718918297,solar_battery
ASSET_009,2025-01-02T02:30:00.000000,-1.375752707866911,solar_battery
ASSET_009,2025-01-02T03:00:00.000000,-1.1767839760444074,solar_battery
ASSET_009,2025-01-02T03:30:00.000000,-1.1602629735514751,solar_battery
ASSET_009,2025-01-02T04:00:00.000000,-1.0341138324171804,solar_battery
ASSET_009,2025-01-02T04:30:00.000000,-1.142642872608458,solar_battery
ASSET_009,2025-01-02T05:00:00.000000,-0.9246738345943778,solar_battery
ASSET_009,2025-01-02T05:30:00.000000,-1.236893732991686,solar_battery
ASSET_009,2025-01-02T06:00:00.000000,-1.1136898800447061,solar_battery
ASSET_009,2025-01-02T06:30:00.000000,-0.8158430136327466,solar_battery
ASSET_009,2025-01-02T07:00:00.000000,-0.36069208378122675,solar_battery
ASSET_009,2025-01-02T07:30:00.000000,-0.45713914513567416,solar_battery
ASSET_009,2025-01-02T08:00:00.000000,0.045725712800225526,solar_battery
ASSET_009,2025-01-02T08:30:00.000000,0.03821684365307351,solar_battery
ASSET_009,2025-01-02T09:00:00.000000,0.5514877379019371,solar_battery
ASSET_009,2025-01-02T09:30:00.000000,0.6257932708225087,solar_battery
ASSET_009,2025-01-02T10:00:00.000000,1.396423310759732,solar_battery
ASSET_009,2025-01-02T10:30:00.000000,1.1618103243509519,solar_battery
ASSET_009,2025-01-02T11:00:00.000000,1.2132233155404188,solar_battery
ASSET_009,2025-01-02T11:30:00.000000,1.9615294825262621,solar_battery
ASSET_009,2025-01-02T12:00:00.000000,1.7767916458748392,solar_battery
ASSET_009,2025-01-02T12:30:00.000000,1.3623335838768393,solar_battery
ASSET_009,2025-01-02T13:00:00.000000,1.5864165367156289,solar_battery
ASSET_009,2025-01-02T13:30:00.000000,1.719073011132247,solar_battery
ASSET_009,2025-01-02T14:00:00.000000,1.9241656118524673,solar_battery
ASSET_009,2025-01-02T14:30:00.000000,1.2491165194789682,solar_battery
ASSET_009,2025-01-02T15:00:00.000000,1.4141487599677602,solar_battery
ASSET_009,2025-01-02T15:30:00.000000,1.5157757297956955,solar_battery
ASSET_009,2025-01-02T16:00:00.000000,0.5589305879174344,solar_battery
ASSET_009,2025-01-02T16:30:00.000000,0.6432043526088752,solar_battery
ASSET_009,2025-01-02T17:00:00.000000,-0.11188885872668189,solar_battery
ASSET_009,2025-01-02T17:30:00.000000,0.0879946867837498,solar_battery
ASSET_009,2025-01-02T18:00:00.000000,-1.0087815938423035,solar_battery
ASSET_009,2025-01-02T18:30:00.000000,-0.8416840004602311,solar_battery
ASSET_009,2025-01-02T19:00:00.000000,-0.7485782190683723,solar_battery
ASSET_009,2025-01-02T19:30:00.000000,-1.1897653076224748,solar_battery
ASSET_009,2025-01-02T20:00:00.000000,-1.5123503942789072,solar_battery
ASSET_009,2025-01-02T20:30:00.000000,-1.0452911258909667,solar_battery
ASSET_009,2025-01-02T21:00:00.000000,-1.017418958451562,solar_battery
ASSET_009,2025-01-02T21:30:00.000000,-1.0280077205996259,solar_battery
ASSET_009,2025-01-02T22:00:00.000000,-0.7284015794021704,solar_battery
ASSET_009,2025-01-02T22:30:00.000000,-0.6200594960806556,solar_battery
ASSET_009,2025-01-02T23:00:00.000000,-0.35864753246470443,solar_battery
ASSET_009,2025-01-02T23:30:00.000000,-0.6307380859182417,solar_battery
ASSET_009,2025-01-03T00:00:00.000000,-0.8896084220007403,solar_battery
ASSET_009,2025-01-03T00:30:00.000000,-0.920047476103039,solar_battery
ASSET_009,2025-01-03T01:00:00.000000,-0.9184102793734116,solar_battery
ASSET_009,2025-01-03T01:30:00.000000,-0.48482812269140274,solar_battery
ASSET_009,2025-01-03T02:00:00.000000,-0.9939921702862873,solar_battery
ASSET_009,2025-01-03T02:30:00.000000,-0.9547506426849699,solar_battery
ASSET_009,2025-01-03T03:00:00.000000,-1.127887291380677,solar_battery
ASSET_009,2025-01-03T03:30:00.000000,-0.7483760285698928,solar_battery
ASSET_009,2025-01-03T04:00:00.000000,-0.5894466799966096,solar_battery
ASSET_009,2025-01-03T04:30:00.000000,-0.9516604892717984,solar_battery
ASSET_009,2025-01-03T05:00:00.000000,-1.0699122509782184,solar_battery
ASSET_009,2025-01-03T05:30:00.000000,-1.080949867924904,solar_battery
ASSET_009,2025-01-03T06:00:00.000000,-1.6722336293085789,solar_battery
ASSET_009,2025-01-03T06:30:00.000000,-0.9211637925716439,solar_battery
ASSET_009,2025-01-03T07:00:00.000000,-0.41053019529141627,solar_battery
ASSET_009,2025-01-03T07:30:00.000000,-0.3399280429718447,solar_battery
ASSET_009,2025-01-03T08:00:00.000000,0.01944145228457886,solar_battery
ASSET_009,2025-01-03T08:30:00.000000,0.09792272791016601,solar_battery
ASSET_009,2025-01-03T09:00:00.000000,0.6569889338496431,solar_battery
ASSET_009,2025-01-03T09:30:00.000000,1.0008244347879338,solar_battery
ASSET_009,2025-01-03T10:00:00.000000,1.124161148676354,solar_battery
ASSET_009,2025-01-03T10:30:00.000000,1.714901986767448,solar_battery
ASSET_009,2025-01-03T11:00:00.000000,1.6405758327555233,solar_battery
ASSET_009,2025-01-03T11:30:00.000000,1.2310050137929387,solar_battery
ASSET_009,2025-01-03T12:00:00.000000,1.6691488896195303,solar_battery
ASSET_009,2025-01-03T12:30:00.000000,1.5435979706824603,solar_battery
ASSET_009,2025-01-03T13:00:00.000000,1.165808486496621,solar_battery
ASSET_009,2025-01-03T13:30:00.000000,2.076333304880736,solar_battery
ASSET_009,2025-01-03T14:00:00.000000,1.683817719593898,solar_battery
ASSET_009,2025-01-03T14:30:00.000000,1.643033265756932,solar_battery
ASSET_009,2025-01-03T15:00:00.000000,1.219595865794262,solar_battery
ASSET_009,2025-01-03T15:30:00.000000,0.848214770836148,solar_battery
ASSET_009,2025-01-03T16:00:00.000000,0.5937395076420264,solar_battery
ASSET_009,2025-01-03T16:30:00.000000,0.9118350070834943,solar_battery
ASSET_009,2025-01-03T17:00:00.000000,-0.1154674465047777,solar_battery
ASSET_009,2025-01-03T17:30:00.000000,-0.47079927525717225,solar_battery
ASSET_009,2025-01-03T18:00:00.000000,-1.0545054418674222,solar_battery
ASSET_009,2025-01-03T18:30:00.000000,-1.0340218129666092,solar_battery
ASSET_009,2025-01-03T19:00:00.000000,-0.9776870321737493,solar_battery
ASSET_009,2025-01-03T19:30:00.000000,-0.8353777776697908,solar_battery
ASSET_009,2025-01-03T20:00:00.000000,-0.8871669839291785,solar_battery
ASSET_009,2025-01-03T20:30:00.000000,-0.9780876256061274,solar_battery
ASSET_009,2025-01-03T21:00:00.000000,-0.8009404325032256,solar_battery
ASSET_009,2025-01-03T21:30:00.000000,-1.4524207130392313,solar_battery
ASSET_009,2025-01-03T22:00:00.000000,-0.5289003645254262,solar_battery
ASSET_009,2025-01-03T22:30:00.000000,-0.4996307927991337,solar_battery
ASSET_009,2025-01-03T23:00:00.000000,-1.0198492351285013,solar_battery
ASSET_009,2025-01-03T23:30:00.000000,-1.0830432325530173,solar_battery
ASSET_009,2025-01-04T00:00:00.000000,-0.8590261103541443,solar_battery
ASSET_009,2025-01-04T00:30:00.000000,-0.8387699462036701,solar_battery
ASSET_009,2025-01-04T01:00:00.000000,-0.5651781852605595,solar_battery
ASSET_009,2025-01-04T01:30:00.000000,-0.8934881645870056,solar_battery
ASSET_009,2025-01-04T02:00:00.000000,-1.013023644387489,solar_battery
ASSET_009,2025-01-04T02:30:00.000000,-0.9542920968066941,solar_battery
ASSET_009,2025-01-04T03:00:00.000000,-0.5918404690055589,solar_battery
ASSET_009,2025-01-04T03:30:00.000000,-0.8571818193521011,solar_battery
ASSET_009,2025-01-04T04:00:00.000000,-0.9438567240506905,solar_battery
ASSET_009,2025-01-04T04:30:00.000000,-0.9272377976532841,solar_battery
ASSET_009,2025-01-04T05:00:00.000000,-0.6162166054653471,solar_battery
ASSET_009,2025-01-04T05:30:00.000000,-1.1061123000884905,solar_battery
ASSET_009,2025-01-04T06:00:00.000000,-0.6192780101743751,solar_battery
ASSET_009,2025-01-04T06:30:00.000000,-0.8844808882588392,solar_battery
ASSET_009,2025-01-04T07:00:00.000000,-0.31776412462149406,solar_battery
ASSET_009,2025-01-04T07:30:00.000000,0.3209526465568169,solar_battery
ASSET_009,2025-01-04T08:00:00.000000,0.09581004448330471,solar_battery
ASSET_009,2025-01-04T08:30:00.000000,0.2642789397388864,solar_battery
ASSET_009,2025-01-04T09:00:00.000000,0.6116712263644392,solar_battery
ASSET_009,2025-01-04T09:30:00.000000,1.1360455966924798,solar_battery
ASSET_009,2025-01-04T10:00:00.000000,1.7629688535374992,solar_battery
ASSET_009,2025-01-04T10:30:00.000000,1.7583449769982096,solar_battery
ASSET_009,2025-01-04T11:00:00.000000,1.9625634099765688,solar_battery
ASSET_009,2025-01-04T11:30:00.000000,1.6213867969504958,solar_battery
ASSET_009,2025-01-04T12:00:00.000000,1.7323421654024367,solar_battery
ASSET_009,2025-01-04T12:30:00.000000,1.4189192546014242,solar_battery
ASSET_009,2025-01-04T13:00:00.000000,2.2894230706674437,solar_battery
ASSET_009,2025-01-04T13:30:00.000000,1.9133681609794457,solar_battery
ASSET_009,2025-01-04T14:00:00.000000,1.494493852292421,solar_battery
ASSET_009,2025-01-04T14:30:00.000000,1.9312971628179691,solar_battery
ASSET_009,2025-01-04T15:00:00.000000,1.0346156981465384,solar_battery
ASSET_009,2025-01-04T15:30:00.000000,1.3656684703823803,solar_battery
ASSET_009,2025-01-04T16:00:00.000000,0.7494054857352312,solar_battery
ASSET_009,2025-01-04T16:30:00.000000,0.9441189915363037,solar_battery
ASSET_009,2025-01-04T17:00:00.000000,0.19810104905534578,solar_battery
ASSET_009,2025-01-04T17:30:00.000000,-0.13486399540667887,solar_battery
ASSET_009,2025-01-04T18:00:00.000000,-0.906861670559191,solar_battery
ASSET_009,2025-01-04T18:30:00.000000,-0.6732726059499131,solar_battery
ASSET_009,2025-01-04T19:00:00.000000,-0.9407008517012441,solar_battery
ASSET_009,2025-01-04T19:30:00.000000,-0.747661285114907,solar_battery
ASSET_009,2025-01-04T20:00:00.000000,-1.210090598596741,solar_battery
ASSET_009,2025-01-04T20:30:00.000000,-0.9654661124197328,solar_battery
ASSET_009,2025-01-04T21:00:00.000000,-1.1495702800186889,solar_battery
ASSET_009,2025-01-04T21:30:00.000000,-0.8204123691723,solar_battery
ASSET_009,2025-01-04T22:00:00.000000,-0.5449420250571209,solar_battery
ASSET_009,2025-01-04T22:30:00.000000,-0.3868823176792129,solar_battery
ASSET_009,2025-01-04T23:00:00.000000,-0.3529506412209694,solar_battery
ASSET_009,2025-01-04T23:30:00.000000,-0.44801268546972406,solar_battery
ASSET_009,2025-01-05T00:00:00.000000,-0.6144515757695255,solar_battery
ASSET_009,2025-01-05T00:30:00.000000,-0.9195709420427374,solar_battery
ASSET_009,2025-01-05T01:00:00.000000,-0.7466675230611991,solar_battery
ASSET_009,2025-01-05T01:30:00.000000,-0.8739405529849428,solar_battery
ASSET_009,2025-01-05T02:00:00.000000,-0.8900753496090144,solar_battery
ASSET_009,2025-01-05T02:30:00.000000,-0.8973881961800602,solar_battery
ASSET_009,2025-01-05T03:00:00.000000,-1.0954943671503083,solar_battery
ASSET_009,2025-01-05T03:30:00.000000,-1.3300734905947271,solar_battery
ASSET_009,2025-01-05T04:00:00.000000,-1.0611908095636957,solar_battery
ASSET_009,2025-01-05T04:30:00.000000,-0.8544254095032335,solar_battery
ASSET_009,2025-01-05T05:00:00.000000,-1.24987357660631,solar_battery
ASSET_009,2025-01-05T05:30:00.000000,-0.9225473489505226,solar_battery
ASSET_009,2025-01-05T06:00:00.000000,-0.4789355781653686,solar_battery
ASSET_009,2025-01-05T06:30:00.000000,-0.6894664267394627,solar_battery
ASSET_009,2025-01-05T07:00:00.000000,0.11518648924151637,solar_battery
ASSET_009,2025-01-05T07:30:00.000000,-0.1853927824835563,solar_battery
ASSET_009,2025-01-05T08:00:00.000000,0.6293658795517149,solar_battery
ASSET_009,2025-01-05T08:30:00.000000,0.17541198672269884,solar_battery
ASSET_009,2025-01-05T09:00:00.000000,0.752813059678523,solar_battery
ASSET_009,2025-01-05T09:30:00.000000,0.2500610742908058,solar_battery
ASSET_009,2025-01-05T10:00:00.000000,1.6422384232312481,solar_battery
ASSET_009,2025-01-05T10:30:00.000000,1.727241264617869,solar_battery
ASSET_009,2025-01-05T11:00:00.000000,1.5360531703381828,solar_battery
ASSET_009,2025-01-05T11:30:00.000000,1.6078672996861914,solar_battery
ASSET_009,2025-01-05T12:00:00.000000,1.639073092714169,solar_battery
ASSET_009,2025-01-05T12:30:00.000000,1.9118368523545979,solar_battery
ASSET_009,2025-01-05T13:00:00.000000,2.070797233096591,solar_battery
ASSET_009,2025-01-05T13:30:00.000000,1.3825481484923636,solar_battery
ASSET_009,2025-01-05T14:00:00.000000,1.7108287568152374,solar_battery
ASSET_009,2025-01-05T14:30:00.000000,1.5461622842485019,solar_battery
ASSET_009,2025-01-05T15:00:00.000000,1.295293836240944,solar_battery
ASSET_009,2025-01-05T15:30:00.000000,1.3782377425707684,solar_battery
ASSET_009,2025-01-05T16:00:00.000000,0.7456678926595545,solar_battery
ASSET_009,2025-01-05T16:30:00.000000,0.7659756331476442,solar_battery
ASSET_009,2025-01-05T17:00:00.000000,0.1620286582469016,solar_battery
ASSET_009,2025-01-05T17:30:00.000000,0.4462345868892025,solar_battery
ASSET_009,2025-01-05T18:00:00.000000,-0.8244976095694009,solar_battery
ASSET_009,2025-01-05T18:30:00.000000,-0.8720599509430335,solar_battery
ASSET_009,2025-01-05T19:00:00.000000,-1.2387173273584355,solar_battery
ASSET_009,2025-01-05T19:30:00.000000,-1.0245480526674446,solar_battery
ASSET_009,2025-01-05T20:00:00.000000,-0.7434829235535665,solar_battery
ASSET_009,2025-01-05T20:30:00.000000,-0.9501163444852267,solar_battery
ASSET_009,2025-01-05T21:00:00.000000,-0.8414002180960372,solar_battery
ASSET_009,2025-01-05T21:30:00.000000,-0.5757249387187983,solar_battery
ASSET_009,2025-01-05T22:00:00.000000,-0.30323454338988387,solar_battery
ASSET_009,2025-01-05T22:30:00.000000,-0.5301419989520617,solar_battery
ASSET_009,2025-01-05T23:00:00.000000,-0.7366385443458318,solar_battery
ASSET_009,2025-01-05T23:30:00.000000,-1.226853046552273,solar_battery
ASSET_009,2025-01-06T00:00:00.000000,-0.8404123813934846,solar_battery
ASSET_009,2025-01-06T00:30:00.000000,-0.8782429989960439,solar_battery
ASSET_009,2025-01-06T01:00:00.000000,-0.7839578268758661,solar_battery
ASSET_009,2025-01-06T01:30:00.000000,-0.9145829680046813,solar_battery
ASSET_009,2025-01-06T02:00:00.000000,-1.0268924142648306,solar_battery
ASSET_009,2025-01-06T02:30:00.000000,-1.377055743321733,solar_battery
ASSET_009,2025-01-06T03:00:00.000000,-1.2377243133519802,solar_battery
ASSET_009,2025-01-06T03:30:00.000000,-0.8977357845638305,solar_battery
ASSET_009,2025-01-06T04:00:00.000000,-0.647989789663485,solar_battery
ASSET_009,2025-01-06T04:30:00.000000,-1.0832137132342812,solar_battery
ASSET_009,2025-01-06T05:00:00.000000,-1.0111030902289309,solar_battery
ASSET_009,2025-01-06T05:30:00.000000,-0.8611829902180472,solar_battery
ASSET_009,2025-01-06T06:00:00.000000,-1.2946145446880601,solar_battery
ASSET_009,2025-01-06T06:30:00.000000,-1.011964629611494,solar_battery
ASSET_009,2025-01-06T07:00:00.000000,-0.6204477606501367,solar_battery
ASSET_009,2025-01-06T07:30:00.000000,-0.235172269892576,solar_battery
ASSET_009,2025-01-06T08:00:00.000000,0.22652911037308382,solar_battery
ASSET_009,2025-01-06T08:30:00.000000,0.2618208142202135,solar_battery
ASSET_009,2025-01-06T09:00:00.000000,0.5678112552299432,solar_battery
ASSET_009,2025-01-06T09:30:00.000000,0.9253226849169929,solar_battery
ASSET_009,2025-01-06T10:00:00.000000,1.7153946105565403,solar_battery
ASSET_009,2025-01-06T10:30:00.000000,0.973164702558327,solar_battery
ASSET_009,2025-01-06T11:00:00.000000,1.4556266903565085,solar_battery
ASSET_009,2025-01-06T11:30:00.000000,1.5927546459922564,solar_battery
ASSET_009,2025-01-06T12:00:00.000000,1.888737490878996,solar_battery
ASSET_009,2025-01-06T12:30:00.000000,1.5657088915305275,solar_battery
ASSET_009,2025-01-06T13:00:00.000000,1.0125330096191691,solar_battery
ASSET_009,2025-01-06T13:30:00.000000,2.0186657578527925,solar_battery
ASSET_009,2025-01-06T14:00:00.000000,1.697584978161291,solar_battery
ASSET_009,2025-01-06T14:30:00.000000,1.0967561021442973,solar_battery
ASSET_009,2025-01-06T15:00:00.000000,1.0340824772952397,solar_battery
ASSET_009,2025-01-06T15:30:00.000000,1.5562627704088914,solar_battery
ASSET_009,2025-01-06T16:00:00.000000,1.057278761565219,solar_battery
ASSET_009,2025-01-06T16:30:00.000000,0.935081226578278,solar_battery
ASSET_009,2025-01-06T17:00:00.000000,0.09455837649265594,solar_battery
ASSET_009,2025-01-06T17:30:00.000000,0.15674234115802538,solar_battery
ASSET_009,2025-01-06T18:00:00.000000,-1.0314221932302703,solar_battery
ASSET_009,2025-01-06T18:30:00.000000,-0.729222452015479,solar_battery
ASSET_009,2025-01-06T19:00:00.000000,-1.2204244296721058,solar_battery
ASSET_009,2025-01-06T19:30:00.000000,-1.2036141692854887,solar_battery
ASSET_009,2025-01-06T20:00:00.000000,-0.7977264780240247,solar_battery
ASSET_009,2025-01-06T20:30:00.000000,-1.0508391281874434,solar_battery
ASSET_009,2025-01-06T21:00:00.000000,-0.7570358003351219,solar_battery
ASSET_009,2025-01-06T21:30:00.000000,-1.2490308953193667,solar_battery
ASSET_009,2025-01-06T22:00:00.000000,-0.663146806481318,solar_battery
ASSET_009,2025-01-06T22:30:00.000000,-0.8713791163625487,solar_battery
ASSET_009,2025-01-06T23:00:00.000000,-0.7205872429275877,solar_battery
ASSET_009,2025-01-06T23:30:00.000000,-1.0772055513489556,solar_battery
ASSET_009,2025-01-07T00:00:00.000000,-0.9170320210291911,solar_battery
ASSET_009,2025-01-07T00:30:00.000000,-1.1447009275827482,solar_battery
ASSET_009,2025-01-07T01:00:00.000000,-0.7111041375648544,solar_battery
ASSET_009,2025-01-07T01:30:00.000000,-0.7056642719884398,solar_battery
ASSET_009,2025-01-07T02:00:00.000000,-1.3652630553162428,solar_battery
ASSET_009,2025-01-07T02:30:00.000000,-0.6298674210798625,solar_battery
ASSET_009,2025-01-07T03:00:00.000000,-0.4127524040151994,solar_battery
ASSET_009,2025-01-07T03:30:00.000000,-1.0010905015392424,solar_battery
ASSET_009,2025-01-07T04:00:00.000000,-1.2136750435892463,solar_battery
ASSET_009,2025-01-07T04:30:00.000000,-0.3819682792946004,solar_battery
ASSET_009,2025-01-07T05:00:00.000000,-1.406330187479323,solar_battery
ASSET_009,2025-01-07T05:30:00.000000,-1.084952195838137,solar_battery
ASSET_009,2025-01-07T06:00:00.000000,-1.0568906545683385,solar_battery
ASSET_009,2025-01-07T06:30:00.000000,-0.7771645710914206,solar_battery
ASSET_009,2025-01-07T07:00:00.000000,-0.3563927810999895,solar_battery
ASSET_009,2025-01-07T07:30:00.000000,-0.562402270119647,solar_battery
ASSET_009,2025-01-07T08:00:00.000000,-0.03809187002844147,solar_battery
ASSET_009,2025-01-07T08:30:00.000000,0.10815514200559546,solar_battery
ASSET_009,2025-01-07T09:00:00.000000,0.5139723519835699,solar_battery
ASSET_009,2025-01-07T09:30:00.000000,0.7671129953587285,solar_battery
ASSET_009,2025-01-07T10:00:00.000000,1.0796564262945796,solar_battery
ASSET_009,2025-01-07T10:30:00.000000,0.8564944390715563,solar_battery
ASSET_009,2025-01-07T11:00:00.000000,1.838403841401891,solar_battery
ASSET_009,2025-01-07T11:30:00.000000,1.4177274465689447,solar_battery
ASSET_009,2025-01-07T12:00:00.000000,1.395647166805925,solar_battery
ASSET_009,2025-01-07T12:30:00.000000,1.65961780772299,solar_battery
ASSET_009,2025-01-07T13:00:00.000000,1.7088694550856647,solar_battery
ASSET_009,2025-01-07T13:30:00.000000,1.2733082651144587,solar_battery
ASSET_009,2025-01-07T14:00:00.000000,1.59465894957128,solar_battery
ASSET_009,2025-01-07T14:30:00.000000,1.2637456929754334,solar_battery
ASSET_009,2025-01-07T15:00:00.000000,1.590545901528122,solar_battery
ASSET_009,2025-01-07T15:30:00.000000,1.3056495102207495,solar_battery
ASSET_009,2025-01-07T16:00:00.000000,0.6138316235090953,solar_battery
ASSET_009,2025-01-07T16:30:00.000000,0.5309673562591671,solar_battery
ASSET_009,2025-01-07T17:00:00.000000,0.11163311082775323,solar_battery
ASSET_009,2025-01-07T17:30:00.000000,0.2838951386230125,solar_battery
ASSET_009,2025-01-07T18:00:00.000000,-1.006118590860448,solar_battery
ASSET_009,2025-01-07T18:30:00.000000,-1.0521181137128457,solar_battery
ASSET_009,2025-01-07T19:00:00.000000,-0.9962133823169845,solar_battery
ASSET_009,2025-01-07T19:30:00.000000,-1.1551483956101487,solar_battery
ASSET_009,2025-01-07T20:00:00.000000,-1.1225618013069976,solar_battery
ASSET_009,2025-01-07T20:30:00.000000,-1.5407825642018693,solar_battery
ASSET_009,2025-01-07T21:00:00.000000,-0.8541736702394676,solar_battery
ASSET_009,2025-01-07T21:30:00.000000,-1.016156498366813,solar_battery
ASSET_009,2025-01-07T22:00:00.000000,-0.8356294025680231,solar_battery
ASSET_009,2025-01-07T22:30:00.000000,-0.1943036044747426,solar_battery
ASSET_009,2025-01-07T23:00:00.000000,-0.7014703311750711,solar_battery
ASSET_009,2025-01-07T23:30:00.000000,-0.9710287437432911,solar_battery
ASSET_009,2025-01-08T00:00:00.000000,-0.59438301884709,solar_battery
ASSET_009,2025-01-08T00:30:00.000000,-0.7044684280377771,solar_battery
ASSET_009,2025-01-08T01:00:00.000000,-0.7829465170145437,solar_battery
ASSET_009,2025-01-08T01:30:00.000000,-0.979827058647138,solar_battery
ASSET_009,2025-01-08T02:00:00.000000,-0.8418810262932717,solar_battery
ASSET_009,2025-01-08T02:30:00.000000,-1.0128219896530626,solar_battery
ASSET_009,2025-01-08T03:00:00.000000,-0.8787060859609622,solar_battery
ASSET_009,2025-01-08T03:30:00.000000,-1.4693187033185175,solar_battery
ASSET_009,2025-01-08T04:00:00.000000,-1.1639372522503368,solar_battery
ASSET_009,2025-01-08T04:30:00.000000,-0.6464903976613648,solar_battery
ASSET_009,2025-01-08T05:00:00.000000,-1.2738739371827927,solar_battery
ASSET_009,2025-01-08T05:30:00.000000,-1.2346989392850853,solar_battery
ASSET_009,2025-01-08T06:00:00.000000,-1.207510721227994,solar_battery
ASSET_009,2025-01-08T06:30:00.000000,-1.3915534726132743,solar_battery
ASSET_009,2025-01-08T07:00:00.000000,-0.9727175214251992,solar_battery
ASSET_009,2025-01-08T07:30:00.000000,-0.4980708707760858,solar_battery
ASSET_009,2025-01-08T08:00:00.000000,0.22279864064426563,solar_battery
ASSET_009,2025-01-08T08:30:00.000000,0.17759116241539147,solar_battery
ASSET_009,2025-01-08T09:00:00.000000,0.7208640637429117,solar_battery
ASSET_009,2025-01-08T09:30:00.000000,0.7659647276144976,solar_battery
ASSET_009,2025-01-08T10:00:00.000000,1.46054546263328,solar_battery
ASSET_009,2025-01-08T10:30:00.000000,1.1693564248380843,solar_battery
ASSET_009,2025-01-08T11:00:00.000000,1.3993890336909696,solar_battery
ASSET_009,2025-01-08T11:30:00.000000,1.4696987358187736,solar_battery
ASSET_009,2025-01-08T12:00:00.000000,1.8390432223416262,solar_battery
ASSET_009,2025-01-08T12:30:00.000000,2.03888645085038,solar_battery
ASSET_009,2025-01-08T13:00:00.000000,1.541705781852824,solar_battery
ASSET_009,2025-01-08T13:30:00.000000,1.7162043881403588,solar_battery
ASSET_009,2025-01-08T14:00:00.000000,1.5962692955257272,solar_battery
ASSET_009,2025-01-08T14:30:00.000000,1.2768447878461795,solar_battery
ASSET_009,2025-01-08T15:00:00.000000,1.1847991074534334,solar_battery
ASSET_009,2025-01-08T15:30:00.000000,0.8281372615602303,solar_battery
ASSET_009,2025-01-08T16:00:00.000000,0.28523554823787556,solar_battery
ASSET_009,2025-01-08T16:30:00.000000,0.797826759029473,solar_battery
ASSET_009,2025-01-08T17:00:00.000000,0.04469542272363511,solar_battery
ASSET_009,2025-01-08T17:30:00.000000,0.18537265847211556,solar_battery
ASSET_009,2025-01-08T18:00:00.000000,-1.004294794482004,solar_battery
ASSET_009,2025-01-08T18:30:00.000000,-1.2343360116793114,solar_battery
ASSET_009,2025-01-08T19:00:00.000000,-1.0210832845847202,solar_battery
ASSET_009,2025-01-08T19:30:00.000000,-1.3061665653168448,solar_battery
ASSET_009,2025-01-08T20:00:00.000000,-0.7063590129443325,solar_battery
ASSET_009,2025-01-08T20:30:00.000000,-1.3656252616310598,solar_battery
ASSET_009,2025-01-08T21:00:00.000000,-1.1348564306764952,solar_battery
ASSET_009,2025-01-08T21:30:00.000000,-1.3380131467753753,solar_battery
ASSET_009,2025-01-08T22:00:00.000000,-0.5130989183934089,solar_battery
ASSET_009,2025-01-08T22:30:00.000000,-0.7295435291075606,solar_battery
ASSET_009,2025-01-08T23:00:00.000000,-0.8468342991783342,solar_battery
ASSET_009,2025-01-08T23:30:00.000000,-0.5175859156568707,solar_battery
ASSET_009,2025-01-09T00:00:00.000000,-0.7929366579973876,solar_battery
ASSET_009,2025-01-09T00:30:00.000000,-0.6760053329753679,solar_battery
ASSET_009,2025-01-09T01:00:00.000000,-1.1131639382949479,solar_battery
ASSET_009,2025-01-09T01:30:00.000000,-1.214801780073358,solar_battery
ASSET_009,2025-01-09T02:00:00.000000,-0.9242700891103679,solar_battery
ASSET_009,2025-01-09T02:30:00.000000,-1.0265231253187355,solar_battery
ASSET_009,2025-01-09T03:00:00.000000,-0.8617877129670177,solar_battery
ASSET_009,2025-01-09T03:30:00.000000,-1.0313100629949763,solar_battery
ASSET_009,2025-01-09T04:00:00.000000,-1.0105895397190203,solar_battery
ASSET_009,2025-01-09T04:30:00.000000,-1.4494194283212298,solar_battery
ASSET_009,2025-01-09T05:00:00.000000,-0.636552882379299,solar_battery
ASSET_009,2025-01-09T05:30:00.000000,-1.1291958242944082,solar_battery
ASSET_009,2025-01-09T06:00:00.000000,-0.9325791271185924,solar_battery
ASSET_009,2025-01-09T06:30:00.000000,-1.3006620008527103,solar_battery
ASSET_009,2025-01-09T07:00:00.000000,-0.3688077585982569,solar_battery
ASSET_009,2025-01-09T07:30:00.000000,-0.7554128783763576,solar_battery
ASSET_009,2025-01-09T08:00:00.000000,0.298688660046989,solar_battery
ASSET_009,2025-01-09T08:30:00.000000,0.10475859861206814,solar_battery
ASSET_009,2025-01-09T09:00:00.000000,0.7626406395549408,solar_battery
ASSET_009,2025-01-09T09:30:00.000000,0.923148685841628,solar_battery
ASSET_009,2025-01-09T10:00:00.000000,0.9192538347682292,solar_battery
ASSET_009,2025-01-09T10:30:00.000000,1.050785494114025,solar_battery
ASSET_009,2025-01-09T11:00:00.000000,1.646926679652738,solar_battery
ASSET_009,2025-01-09T11:30:00.000000,2.0407420060831334,solar_battery
ASSET_009,2025-01-09T12:00:00.000000,1.6668602396812444,solar_battery
ASSET_009,2025-01-09T12:30:00.000000,1.8418726683017437,solar_battery
ASSET_009,2025-01-09T13:00:00.000000,1.6667871264873915,solar_battery
ASSET_009,2025-01-09T13:30:00.000000,2.1585992219949386,solar_battery
ASSET_009,2025-01-09T14:00:00.000000,1.0957303093894355,solar_battery
ASSET_009,2025-01-09T14:30:00.000000,1.537772560181743,solar_battery
ASSET_009,2025-01-09T15:00:00.000000,0.7897684192674386,solar_battery
ASSET_009,2025-01-09T15:30:00.000000,0.5783218103935212,solar_battery
ASSET_009,2025-01-09T16:00:00.000000,0.7811985138836072,solar_battery
ASSET_009,2025-01-09T16:30:00.000000,0.7432870922107213,solar_battery
ASSET_009,2025-01-09T17:00:00.000000,0.06846449558489465,solar_battery
ASSET_009,2025-01-09T17:30:00.000000,0.11133877903348222,solar_battery
ASSET_009,2025-01-09T18:00:00.000000,-0.25640813582289823,solar_battery
ASSET_009,2025-01-09T18:30:00.000000,-1.0619620331275443,solar_battery
ASSET_009,2025-01-09T19:00:00.000000,-0.8877924054132615,solar_battery
ASSET_009,2025-01-09T19:30:00.000000,-1.166069808820611,solar_battery
ASSET_009,2025-01-09T20:00:00.000000,-0.9693365608549238,solar_battery
ASSET_009,2025-01-09T20:30:00.000000,-1.0973684608780168,solar_battery
ASSET_009,2025-01-09T21:00:00.000000,-1.186392401499171,solar_battery
ASSET_009,2025-01-09T21:30:00.000000,-0.6513323179159578,solar_battery
ASSET_009,2025-01-09T22:00:00.000000,-0.3674756088357586,solar_battery
ASSET_009,2025-01-09T22:30:00.000000,-0.6171808046241846,solar_battery
ASSET_009,2025-01-09T23:00:00.000000,-1.2753651510957957,solar_battery
ASSET_009,2025-01-09T23:30:00.000000,-0.8089965000498606,solar_battery
ASSET_009,2025-01-10T00:00:00.000000,-0.15127338454277994,solar_battery
ASSET_009,2025-01-10T00:30:00.000000,-0.85535879999353,solar_battery
ASSET_009,2025-01-10T01:00:00.000000,-0.6128734962378783,solar_battery
ASSET_009,2025-01-10T01:30:00.000000,-0.5315795370621321,solar_battery
ASSET_009,2025-01-10T02:00:00.000000,-0.8974486601945659,solar_battery
ASSET_009,2025-01-10T02:30:00.000000,-1.1520371916483565,solar_battery
ASSET_009,2025-01-10T03:00:00.000000,-1.5966069939838574,solar_battery
ASSET_009,2025-01-10T03:30:00.000000,-0.8479328642898152,solar_battery
ASSET_009,2025-01-10T04:00:00.000000,-1.255349061812983,solar_battery
ASSET_009,2025-01-10T04:30:00.000000,-1.0175315126822855,solar_battery
ASSET_009,2025-01-10T05:00:00.000000,-1.389734629388168,solar_battery
ASSET_009,2025-01-10T05:30:00.000000,-1.1534347575995691,solar_battery
ASSET_009,2025-01-10T06:00:00.000000,-1.0919074268237474,solar_battery
ASSET_009,2025-01-10T06:30:00.000000,-1.0355375405493685,solar_battery
ASSET_009,2025-01-10T07:00:00.000000,-0.7102874600949981,solar_battery
ASSET_009,2025-01-10T07:30:00.000000,-0.15547150742769417,solar_battery
ASSET_009,2025-01-10T08:00:00.000000,0.046937630528994884,solar_battery
ASSET_009,2025-01-10T08:30:00.000000,-0.21168029164411084,solar_battery
ASSET_009,2025-01-10T09:00:00.000000,0.7294692978191732,solar_battery
ASSET_009,2025-01-10T09:30:00.000000,0.7638849927767549,solar_battery
ASSET_009,2025-01-10T10:00:00.000000,1.2536049734223187,solar_battery
ASSET_009,2025-01-10T10:30:00.000000,1.5419752863455154,solar_battery
ASSET_009,2025-01-10T11:00:00.000000,1.480421131375308,solar_battery
ASSET_009,2025-01-10T11:30:00.000000,1.5084601423434092,solar_battery
ASSET_009,2025-01-10T12:00:00.000000,1.4352357485040574,solar_battery
ASSET_009,2025-01-10T12:30:00.000000,1.8969328406930952,solar_battery
ASSET_009,2025-01-10T13:00:00.000000,1.7366944546321714,solar_battery
ASSET_009,2025-01-10T13:30:00.000000,1.5916536247028277,solar_battery
ASSET_009,2025-01-10T14:00:00.000000,1.0579415830293857,solar_battery
ASSET_009,2025-01-10T14:30:00.000000,1.8617224362743179,solar_battery
ASSET_009,2025-01-10T15:00:00.000000,0.8852557958528794,solar_battery
ASSET_009,2025-01-10T15:30:00.000000,1.0379922650736038,solar_battery
ASSET_009,2025-01-10T16:00:00.000000,0.795810303793572,solar_battery
ASSET_009,2025-01-10T16:30:00.000000,0.4226337182673265,solar_battery
ASSET_009,2025-01-10T17:00:00.000000,-0.22161698613773145,solar_battery
ASSET_009,2025-01-10T17:30:00.000000,-0.37292205920513655,solar_battery
ASSET_009,2025-01-10T18:00:00.000000,-0.8269607313026475,solar_battery
ASSET_009,2025-01-10T18:30:00.000000,-1.1308446987343173,solar_battery
ASSET_009,2025-01-10T19:00:00.000000,-0.3076774299196804,solar_battery
ASSET_009,2025-01-10T19:30:00.000000,-1.2488674678646892,solar_battery
ASSET_009,2025-01-10T20:00:00.000000,-1.2613406244876098,solar_battery
ASSET_009,2025-01-10T20:30:00.000000,-1.175886691733165,solar_battery
ASSET_009,2025-01-10T21:00:00.000000,-1.0295156484107983,solar_battery
ASSET_009,2025-01-10T21:30:00.000000,-1.2007167669525105,solar_battery
ASSET_009,2025-01-10T22:00:00.000000,-0.503040268639397,solar_battery
ASSET_009,2025-01-10T22:30:00.000000,-0.884861213597277,solar_battery
ASSET_009,2025-01-10T23:00:00.000000,-1.0539362989005032,solar_battery
ASSET_009,2025-01-10T23:30:00.000000,-1.1539258239274295,solar_battery
ASSET_009,2025-01-11T00:00:00.000000,-1.2136578003049272,solar_battery
ASSET_009,2025-01-11T00:30:00.000000,-0.8043365646740137,solar_battery
ASSET_009,2025-01-11T01:00:00.000000,-0.8182341314755162,solar_battery
ASSET_009,2025-01-11T01:30:00.000000,-0.8975437430971068,solar_battery
ASSET_009,2025-01-11T02:00:00.000000,-0.5090826086750811,solar_battery
ASSET_009,2025-01-11T02:30:00.000000,-0.5127727496940476,solar_battery
ASSET_009,2025-01-11T03:00:00.000000,-0.9406649461892501,solar_battery
ASSET_009,2025-01-11T03:30:00.000000,-1.2908532963686408,solar_battery
ASSET_009,2025-01-11T04:00:00.000000,-1.0368457038982444,solar_battery
ASSET_009,2025-01-11T04:30:00.000000,-1.0447936125051265,solar_battery
ASSET_009,2025-01-11T05:00:00.000000,-1.0840234766504464,solar_battery
ASSET_009,2025-01-11T05:30:00.000000,-1.0937636226392913,solar_battery
ASSET_009,2025-01-11T06:00:00.000000,-1.0918310949739538,solar_battery
ASSET_009,2025-01-11T06:30:00.000000,-1.0277699878154625,solar_battery
ASSET_009,2025-01-11T07:00:00.000000,-0.43179333666314423,solar_battery
ASSET_009,2025-01-11T07:30:00.000000,-0.2292660708772685,solar_battery
ASSET_009,2025-01-11T08:00:00.000000,0.4356520138521345,solar_battery
ASSET_009,2025-01-11T08:30:00.000000,0.13060870111117026,solar_battery
ASSET_009,2025-01-11T09:00:00.000000,1.212510402005487,solar_battery
ASSET_009,2025-01-11T09:30:00.000000,0.6722397713220518,solar_battery
ASSET_009,2025-01-11T10:00:00.000000,0.9692913621454153,solar_battery
ASSET_009,2025-01-11T10:30:00.000000,1.4489502465887087,solar_battery
ASSET_009,2025-01-11T11:00:00.000000,1.472637756962086,solar_battery
ASSET_009,2025-01-11T11:30:00.000000,1.7459256622033008,solar_battery
ASSET_009,2025-01-11T12:00:00.000000,1.2431195357358726,solar_battery
ASSET_009,2025-01-11T12:30:00.000000,2.154189425955936,solar_battery
ASSET_009,2025-01-11T13:00:00.000000,1.96216384015351,solar_battery
ASSET_009,2025-01-11T13:30:00.000000,1.440699050424693,solar_battery
ASSET_009,2025-01-11T14:00:00.000000,1.2576569997379883,solar_battery
ASSET_009,2025-01-11T14:30:00.000000,2.0139073264445035,solar_battery
ASSET_009,2025-01-11T15:00:00.000000,1.0911080053294284,solar_battery
ASSET_009,2025-01-11T15:30:00.000000,1.0678748184731088,solar_battery
ASSET_009,2025-01-11T16:00:00.000000,0.2469839753692037,solar_battery
ASSET_009,2025-01-11T16:30:00.000000,0.7066497086206586,solar_battery
ASSET_009,2025-01-11T17:00:00.000000,0.15870599089943424,solar_battery
ASSET_009,2025-01-11T17:30:00.000000,0.38507704168469137,solar_battery
ASSET_009,2025-01-11T18:00:00.000000,-1.2607788227642742,solar_battery
ASSET_009,2025-01-11T18:30:00.000000,-1.2898688301377463,solar_battery
ASSET_009,2025-01-11T19:00:00.000000,-0.8254578819499332,solar_battery
ASSET_009,2025-01-11T19:30:00.000000,-0.6920736972017921,solar_battery
ASSET_009,2025-01-11T20:00:00.000000,-1.3362400863032602,solar_battery
ASSET_009,2025-01-11T20:30:00.000000,-0.6996001413230304,solar_battery
ASSET_009,2025-01-11T21:00:00.000000,-0.9906777288405931,solar_battery
ASSET_009,2025-01-11T21:30:00.000000,-0.7376544894195154,solar_battery
ASSET_009,2025-01-11T22:00:00.000000,-0.5693528867642279,solar_battery
ASSET_009,2025-01-11T22:30:00.000000,-1.157846700197108,solar_battery
ASSET_009,2025-01-11T23:00:00.000000,-0.6504733152547066,solar_battery
ASSET_009,2025-01-11T23:30:00.000000,-0.3595666270177525,solar_battery
ASSET_009,2025-01-12T00:00:00.000000,-0.8944990445800914,solar_battery
ASSET_009,2025-01-12T00:30:00.000000,-0.7731115925377886,solar_battery
ASSET_009,2025-01-12T01:00:00.000000,-0.7882708973533776,solar_battery
ASSET_009,2025-01-12T01:30:00.000000,-1.4418821876695784,solar_battery
ASSET_009,2025-01-12T02:00:00.000000,-0.4063765818950057,solar_battery
ASSET_009,2025-01-12T02:30:00.000000,-1.023830163175322,solar_battery
ASSET_009,2025-01-12T03:00:00.000000,-0.7389357254090979,solar_battery
ASSET_009,2025-01-12T03:30:00.000000,-0.8811205018781397,solar_battery
ASSET_009,2025-01-12T04:00:00.000000,-0.5990079044387853,solar_battery
ASSET_009,2025-01-12T04:30:00.000000,-0.8033830085822923,solar_battery
ASSET_009,2025-01-12T05:00:00.000000,-0.9826929108687463,solar_battery
ASSET_009,2025-01-12T05:30:00.000000,-1.1407547079083398,solar_battery
ASSET_009,2025-01-12T06:00:00.000000,-0.7435158316682867,solar_battery
ASSET_009,2025-01-12T06:30:00.000000,-1.384625912949108,solar_battery
ASSET_009,2025-01-12T07:00:00.000000,-0.12424977208119642,solar_battery
ASSET_009,2025-01-12T07:30:00.000000,-0.5430342133205801,solar_battery
ASSET_009,2025-01-12T08:00:00.000000,0.6497116009045614,solar_battery
ASSET_009,2025-01-12T08:30:00.000000,0.3878754122740146,solar_battery
ASSET_009,2025-01-12T09:00:00.000000,1.0620444280478254,solar_battery
ASSET_009,2025-01-12T09:30:00.000000,0.9271320390817318,solar_battery
ASSET_009,2025-01-12T10:00:00.000000,0.9369930066272572,solar_battery
ASSET_009,2025-01-12T10:30:00.000000,1.150988510246215,solar_battery
ASSET_009,2025-01-12T11:00:00.000000,1.8301891502482595,solar_battery
ASSET_009,2025-01-12T11:30:00.000000,1.7088131053878903,solar_battery
ASSET_009,2025-01-12T12:00:00.000000,2.103437577273361,solar_battery
ASSET_009,2025-01-12T12:30:00.000000,1.9167858951289212,solar_battery
ASSET_009,2025-01-12T13:00:00.000000,1.5688049684551753,solar_battery
ASSET_009,2025-01-12T13:30:00.000000,1.6097580291708613,solar_battery
ASSET_009,2025-01-12T14:00:00.000000,1.6372636831866738,solar_battery
ASSET_009,2025-01-12T14:30:00.000000,1.0571929336210717,solar_battery
ASSET_009,2025-01-12T15:00:00.000000,1.669705234718455,solar_battery
ASSET_009,2025-01-12T15:30:00.000000,1.3740983988995523,solar_battery
ASSET_009,2025-01-12T16:00:00.000000,1.0853247812567608,solar_battery
ASSET_009,2025-01-12T16:30:00.000000,0.411491532170831,solar_battery
ASSET_009,2025-01-12T17:00:00.000000,0.5120543369452764,solar_battery
ASSET_009,2025-01-12T17:30:00.000000,0.7489184371066746,solar_battery
ASSET_009,2025-01-12T18:00:00.000000,-1.2420108052905563,solar_battery
ASSET_009,2025-01-12T18:30:00.000000,-0.739863569223096,solar_battery
ASSET_009,2025-01-12T19:00:00.000000,-0.9334225275713373,solar_battery
ASSET_009,2025-01-12T19:30:00.000000,-1.3043530378758663,solar_battery
ASSET_009,2025-01-12T20:00:00.000000,-0.8408713687905195,solar_battery
ASSET_009,2025-01-12T20:30:00.000000,-0.7590987528740046,solar_battery
ASSET_009,2025-01-12T21:00:00.000000,-1.1439581434379535,solar_battery
ASSET_009,2025-01-12T21:30:00.000000,-0.7198678059361768,solar_battery
ASSET_009,2025-01-12T22:00:00.000000,-0.9525232176294073,solar_battery
ASSET_009,2025-01-12T22:30:00.000000,-0.9112414751479145,solar_battery
ASSET_009,2025-01-12T23:00:00.000000,-0.5812177685575567,solar_battery
ASSET_009,2025-01-12T23:30:00.000000,-0.6079086767855121,solar_battery
ASSET_009,2025-01-13T00:00:00.000000,-0.9719776372217853,solar_battery
ASSET_009,2025-01-13T00:30:00.000000,-0.6056973353667474,solar_battery
ASSET_009,2025-01-13T01:00:00.000000,-0.7502310781189284,solar_battery
ASSET_009,2025-01-13T01:30:00.000000,-0.6716923365065924,solar_battery
ASSET_009,2025-01-13T02:00:00.000000,-0.9795527444845442,solar_battery
ASSET_009,2025-01-13T02:30:00.000000,-0.8053807356851982,solar_battery
ASSET_009,2025-01-13T03:00:00.000000,-1.119088107083163,solar_battery
ASSET_009,2025-01-13T03:30:00.000000,-0.5192155487351814,solar_battery
ASSET_009,2025-01-13T04:00:00.000000,-1.254818605964608,solar_battery
ASSET_009,2025-01-13T04:30:00.000000,-0.5545362380653367,solar_battery
ASSET_009,2025-01-13T05:00:00.000000,-1.0814046405852624,solar_battery
ASSET_009,2025-01-13T05:30:00.000000,-1.4199003613832188,solar_battery
ASSET_009,2025-01-13T06:00:00.000000,-0.7716609558827359,solar_battery
ASSET_009,2025-01-13T06:30:00.000000,-1.0697836667852099,solar_battery
ASSET_009,2025-01-13T07:00:00.000000,-0.2384603515191616,solar_battery
ASSET_009,2025-01-13T07:30:00.000000,-0.14900471468019633,solar_battery
ASSET_009,2025-01-13T08:00:00.000000,0.27130171185947405,solar_battery
ASSET_009,2025-01-13T08:30:00.000000,0.04805457610959252,solar_battery
ASSET_009,2025-01-13T09:00:00.000000,0.9898061292510245,solar_battery
ASSET_009,2025-01-13T09:30:00.000000,0.7558162403995075,solar_battery
ASSET_009,2025-01-13T10:00:00.000000,1.379669385927117,solar_battery
ASSET_009,2025-01-13T10:30:00.000000,0.6981681717511458,solar_battery
ASSET_009,2025-01-13T11:00:00.000000,1.6444444642742786,solar_battery
ASSET_009,2025-01-13T11:30:00.000000,1.383908254157107,solar_battery
ASSET_009,2025-01-13T12:00:00.000000,2.0967943129228472,solar_battery
ASSET_009,2025-01-13T12:30:00.000000,1.8495409634933828,solar_battery
ASSET_009,2025-01-13T13:00:00.000000,1.750026138257258,solar_battery
ASSET_009,2025-01-13T13:30:00.000000,1.80917467765748,solar_battery
ASSET_009,2025-01-13T14:00:00.000000,1.2754377047706846,solar_battery
ASSET_009,2025-01-13T14:30:00.000000,1.9046451151878299,solar_battery
ASSET_009,2025-01-13T15:00:00.000000,1.6578278877423902,solar_battery
ASSET_009,2025-01-13T15:30:00.000000,1.274198229853905,solar_battery
ASSET_009,2025-01-13T16:00:00.000000,1.0915044775930045,solar_battery
ASSET_009,2025-01-13T16:30:00.000000,0.5732120534539231,solar_battery
ASSET_009,2025-01-13T17:00:00.000000,-0.05448189525097241,solar_battery
ASSET_009,2025-01-13T17:30:00.000000,0.14664730033796447,solar_battery
ASSET_009,2025-01-13T18:00:00.000000,-0.8956141507917044,solar_battery
ASSET_009,2025-01-13T18:30:00.000000,-1.0945568034983488,solar_battery
ASSET_009,2025-01-13T19:00:00.000000,-0.8811578864248435,solar_battery
ASSET_009,2025-01-13T19:30:00.000000,-0.9366887764156602,solar_battery
ASSET_009,2025-01-13T20:00:00.000000,-1.2797860049345218,solar_battery
ASSET_009,2025-01-13T20:30:00.000000,-0.9156820546762554,solar_battery
ASSET_009,2025-01-13T21:00:00.000000,-0.8806211874388707,solar_battery
ASSET_009,2025-01-13T21:30:00.000000,-1.046715329422342,solar_battery
ASSET_009,2025-01-13T22:00:00.000000,-0.37336445521719375,solar_battery
ASSET_009,2025-01-13T22:30:00.000000,-0.9421769104392683,solar_battery
ASSET_009,2025-01-13T23:00:00.000000,-0.6100461851575995,solar_battery
ASSET_009,2025-01-13T23:30:00.000000,-1.0032216560044698,solar_battery
ASSET_009,2025-01-14T00:00:00.000000,-1.067379525975941,solar_battery
ASSET_009,2025-01-14T00:30:00.000000,-0.9514234000970696,solar_battery
ASSET_009,2025-01-14T01:00:00.000000,-1.103740157588575,solar_battery
ASSET_009,2025-01-14T01:30:00.000000,-1.0091647100286294,solar_battery
ASSET_009,2025-01-14T02:00:00.000000,-1.0013960745706854,solar_battery
ASSET_009,2025-01-14T02:30:00.000000,-0.7490829232804677,solar_battery
ASSET_009,2025-01-14T03:00:00.000000,-1.0892102036453328,solar_battery
ASSET_009,2025-01-14T03:30:00.000000,-1.3926822039806666,solar_battery
ASSET_009,2025-01-14T04:00:00.000000,-0.7861913379764931,solar_battery
ASSET_009,2025-01-14T04:30:00.000000,-1.2607092532029411,solar_battery
ASSET_009,2025-01-14T05:00:00.000000,-1.1038706503918314,solar_battery
ASSET_009,2025-01-14T05:30:00.000000,-0.9826089862209498,solar_battery
ASSET_009,2025-01-14T06:00:00.000000,-1.0520934995833322,solar_battery
ASSET_009,2025-01-14T06:30:00.000000,-0.8373969085948461,solar_battery
ASSET_009,2025-01-14T07:00:00.000000,-0.3277693807161566,solar_battery
ASSET_009,2025-01-14T07:30:00.000000,-0.6494444342577246,solar_battery
ASSET_009,2025-01-14T08:00:00.000000,0.7130473006226669,solar_battery
ASSET_009,2025-01-14T08:30:00.000000,0.236832410065844,solar_battery
ASSET_009,2025-01-14T09:00:00.000000,0.720273264221243,solar_battery
ASSET_009,2025-01-14T09:30:00.000000,0.9869770201437416,solar_battery
ASSET_009,2025-01-14T10:00:00.000000,1.2749317364843138,solar_battery
ASSET_009,2025-01-14T10:30:00.000000,1.310878275766535,solar_battery
ASSET_009,2025-01-14T11:00:00.000000,2.135293011856079,solar_battery
ASSET_009,2025-01-14T11:30:00.000000,1.471139709410703,solar_battery
ASSET_009,2025-01-14T12:00:00.000000,1.623737385435825,solar_battery
ASSET_009,2025-01-14T12:30:00.000000,1.7279788428829912,solar_battery
ASSET_009,2025-01-14T13:00:00.000000,1.9496241037928759,solar_battery
ASSET_009,2025-01-14T13:30:00.000000,1.3308921120077308,solar_battery
ASSET_009,2025-01-14T14:00:00.000000,1.0433300955067357,solar_battery
ASSET_009,2025-01-14T14:30:00.000000,1.3741558445122615,solar_battery
ASSET_009,2025-01-14T15:00:00.000000,0.7877574771481042,solar_battery
ASSET_009,2025-01-14T15:30:00.000000,1.07793946391618,solar_battery
ASSET_009,2025-01-14T16:00:00.000000,0.8304075482063609,solar_battery
ASSET_009,2025-01-14T16:30:00.000000,0.496027893882788,solar_battery
ASSET_009,2025-01-14T17:00:00.000000,-0.2056130177844992,solar_battery
ASSET_009,2025-01-14T17:30:00.000000,0.15346627945470648,solar_battery
ASSET_009,2025-01-14T18:00:00.000000,-0.7929895636923592,solar_battery
ASSET_009,2025-01-14T18:30:00.000000,-1.406793625243987,solar_battery
ASSET_009,2025-01-14T19:00:00.000000,-0.8133664765198434,solar_battery
ASSET_009,2025-01-14T19:30:00.000000,-0.8140687632160812,solar_battery
ASSET_009,2025-01-14T20:00:00.000000,-0.8112119543470778,solar_battery
ASSET_009,2025-01-14T20:30:00.000000,-0.7477571272954637,solar_battery
ASSET_009,2025-01-14T21:00:00.000000,-0.559384623725728,solar_battery
ASSET_009,2025-01-14T21:30:00.000000,-1.173330057312609,solar_battery
ASSET_009,2025-01-14T22:00:00.000000,-0.623702820781314,solar_battery
ASSET_009,2025-01-14T22:30:00.000000,-0.749945223979526,solar_battery
ASSET_009,2025-01-14T23:00:00.000000,-0.7218798437278492,solar_battery
ASSET_009,2025-01-14T23:30:00.000000,-0.35446468111652896,solar_battery
ASSET_010,2025-01-01T00:00:00.000000,-1.1228034761433605,solar_battery
ASSET_010,2025-01-01T00:30:00.000000,-1.0066519213197382,solar_battery
ASSET_010,2025-01-01T01:00:00.000000,-0.5471222887696616,solar_battery
ASSET_010,2025-01-01T01:30:00.000000,-0.6328369518742547,solar_battery
ASSET_010,2025-01-01T02:00:00.000000,-1.0371515952360986,solar_battery
ASSET_010,2025-01-01T02:30:00.000000,-0.7449435197310272,solar_battery
ASSET_010,2025-01-01T03:00:00.000000,-0.9302402321578763,solar_battery
ASSET_010,2025-01-01T03:30:00.000000,-0.6520661281957272,solar_battery
ASSET_010,2025-01-01T04:00:00.000000,-1.0419253186169062,solar_battery
ASSET_010,2025-01-01T04:30:00.000000,-0.8136559138059118,solar_battery
ASSET_010,2025-01-01T05:00:00.000000,-0.4556948893684918,solar_battery
ASSET_010,2025-01-01T05:30:00.000000,-0.9462339506753287,solar_battery
ASSET_010,2025-01-01T06:00:00.000000,-1.0881612402092375,solar_battery
ASSET_010,2025-01-01T06:30:00.000000,-0.926612723546965,solar_battery
ASSET_010,2025-01-01T07:00:00.000000,-0.5303975410993511,solar_battery
ASSET_010,2025-01-01T07:30:00.000000,0.13038211419551704,solar_battery
ASSET_010,2025-01-01T08:00:00.000000,0.23340942791170355,solar_battery
ASSET_010,2025-01-01T08:30:00.000000,0.12468838201054491,solar_battery
ASSET_010,2025-01-01T09:00:00.000000,0.5550695574055959,solar_battery
ASSET_010,2025-01-01T09:30:00.000000,1.0189677645959496,solar_battery
ASSET_010,2025-01-01T10:00:00.000000,1.4231884885397537,solar_battery
ASSET_010,2025-01-01T10:30:00.000000,1.0956984603217141,solar_battery
ASSET_010,2025-01-01T11:00:00.000000,1.6755171750212956,solar_battery
ASSET_010,2025-01-01T11:30:00.000000,1.1751154198208287,solar_battery
ASSET_010,2025-01-01T12:00:00.000000,1.7443929380175573,solar_battery
ASSET_010,2025-01-01T12:30:00.000000,1.8086615244984066,solar_battery
ASSET_010,2025-01-01T13:00:00.000000,2.1022194335476403,solar_battery
ASSET_010,2025-01-01T13:30:00.000000,1.5074637665985413,solar_battery
ASSET_010,2025-01-01T14:00:00.000000,1.208258878548539,solar_battery
ASSET_010,2025-01-01T14:30:00.000000,1.3001607988390869,solar_battery
ASSET_010,2025-01-01T15:00:00.000000,0.8591225472467523,solar_battery
ASSET_010,2025-01-01T15:30:00.000000,1.500696753184489,solar_battery
ASSET_010,2025-01-01T16:00:00.000000,1.0814810519411,solar_battery
ASSET_010,2025-01-01T16:30:00.000000,0.7866595998430502,solar_battery
ASSET_010,2025-01-01T17:00:00.000000,0.4299361476074585,solar_battery
ASSET_010,2025-01-01T17:30:00.000000,0.16897537198227947,solar_battery
ASSET_010,2025-01-01T18:00:00.000000,-1.0228267954481838,solar_battery
ASSET_010,2025-01-01T18:30:00.000000,-1.0799290285729028,solar_battery
ASSET_010,2025-01-01T19:00:00.000000,-1.0847160900438952,solar_battery
ASSET_010,2025-01-01T19:30:00.000000,-1.3816946256274472,solar_battery
ASSET_010,2025-01-01T20:00:00.000000,-0.9767712355989071,solar_battery
ASSET_010,2025-01-01T20:30:00.000000,-1.049872517316039,solar_battery
ASSET_010,2025-01-01T21:00:00.000000,-0.9089813918653455,solar_battery
ASSET_010,2025-01-01T21:30:00.000000,-1.0654223264987694,solar_battery
ASSET_010,2025-01-01T22:00:00.000000,-0.689048888376582,solar_battery
ASSET_010,2025-01-01T22:30:00.000000,-0.8590863272018313,solar_battery
ASSET_010,2025-01-01T23:00:00.000000,-0.705037509632021,solar_battery
ASSET_010,2025-01-01T23:30:00.000000,-0.545177351073365,solar_battery
ASSET_010,2025-01-02T00:00:00.000000,-1.0744013578601266,solar_battery
ASSET_010,2025-01-02T00:30:00.000000,-0.7790062991166227,solar_battery
ASSET_010,2025-01-02T01:00:00.000000,-0.8217154051636801,solar_battery
ASSET_010,2025-01-02T01:30:00.000000,-1.0499812615991397,solar_battery
ASSET_010,2025-01-02T02:00:00.000000,-1.09108551317792,solar_battery
ASSET_010,2025-01-02T02:30:00.000000,-0.8946533962961085,solar_battery
ASSET_010,2025-01-02T03:00:00.000000,-1.2841530787461939,solar_battery
ASSET_010,2025-01-02T03:30:00.000000,-0.9281503426961101,solar_battery
ASSET_010,2025-01-02T04:00:00.000000,-1.2746926708135395,solar_battery
ASSET_010,2025-01-02T04:30:00.000000,-0.8047227348073596,solar_battery
ASSET_010,2025-01-02T05:00:00.000000,-0.5286990889935286,solar_battery
ASSET_010,2025-01-02T05:30:00.000000,-1.2963593802951572,solar_battery
ASSET_010,2025-01-02T06:00:00.000000,-0.9717901130300781,solar_battery
ASSET_010,2025-01-02T06:30:00.000000,-1.2744180571716848,solar_battery
ASSET_010,2025-01-02T07:00:00.000000,-0.19290113341894924,solar_battery
ASSET_010,2025-01-02T07:30:00.000000,-0.7463921533108703,solar_battery
ASSET_010,2025-01-02T08:00:00.000000,0.30553320088731906,solar_battery
ASSET_010,2025-01-02T08:30:00.000000,-0.01932497318877663,solar_battery
ASSET_010,2025-01-02T09:00:00.000000,0.7059586172267961,solar_battery
ASSET_010,2025-01-02T09:30:00.000000,0.5081888525750509,solar_battery
ASSET_010,2025-01-02T10:00:00.000000,1.4124276224760772,solar_battery
ASSET_010,2025-01-02T10:30:00.000000,1.0141882243955955,solar_battery
ASSET_010,2025-01-02T11:00:00.000000,1.6696402744315528,solar_battery
ASSET_010,2025-01-02T11:30:00.000000,1.4545853254089542,solar_battery
ASSET_010,2025-01-02T12:00:00.000000,1.672526630768273,solar_battery
ASSET_010,2025-01-02T12:30:00.000000,1.7354614177760308,solar_battery
ASSET_010,2025-01-02T13:00:00.000000,1.509622358055303,solar_battery
ASSET_010,2025-01-02T13:30:00.000000,1.7429483865032396,solar_battery
ASSET_010,2025-01-02T14:00:00.000000,1.8823438049061556,solar_battery
ASSET_010,2025-01-02T14:30:00.000000,1.3283207608612455,solar_battery
ASSET_010,2025-01-02T15:00:00.000000,1.4611334217080558,solar_battery
ASSET_010,2025-01-02T15:30:00.000000,1.5394424193594012,solar_battery
ASSET_010,2025-01-02T16:00:00.000000,0.5139304237686007,solar_battery
ASSET_010,2025-01-02T16:30:00.000000,0.3605945159135988,solar_battery
ASSET_010,2025-01-02T17:00:00.000000,0.2092959766842465,solar_battery
ASSET_010,2025-01-02T17:30:00.000000,0.005447555178973468,solar_battery
ASSET_010,2025-01-02T18:00:00.000000,-0.5515352274008795,solar_battery
ASSET_010,2025-01-02T18:30:00.000000,-0.9916461902800403,solar_battery
ASSET_010,2025-01-02T19:00:00.000000,-1.2027501100417226,solar_battery
ASSET_010,2025-01-02T19:30:00.000000,-1.2855405347560902,solar_battery
ASSET_010,2025-01-02T20:00:00.000000,-0.7786151886828693,solar_battery
ASSET_010,2025-01-02T20:30:00.000000,-1.1772765326448733,solar_battery
ASSET_010,2025-01-02T21:00:00.000000,-1.077349053773533,solar_battery
ASSET_010,2025-01-02T21:30:00.000000,-0.8584753068170403,solar_battery
ASSET_010,2025-01-02T22:00:00.000000,-0.7662220044633992,solar_battery
ASSET_010,2025-01-02T22:30:00.000000,-0.6610229188976384,solar_battery
ASSET_010,2025-01-02T23:00:00.000000,-0.7263307048266486,solar_battery
ASSET_010,2025-01-02T23:30:00.000000,-0.5583564037053818,solar_battery
ASSET_010,2025-01-03T00:00:00.000000,-0.6582213594775219,solar_battery
ASSET_010,2025-01-03T00:30:00.000000,-0.8528272955011589,solar_battery
ASSET_010,2025-01-03T01:00:00.000000,-0.8623699387715921,solar_battery
ASSET_010,2025-01-03T01:30:00.000000,-0.9668726762963935,solar_battery
ASSET_010,2025-01-03T02:00:00.000000,-1.3046269776606667,solar_battery
ASSET_010,2025-01-03T02:30:00.000000,-0.8881757942244489,solar_battery
ASSET_010,2025-01-03T03:00:00.000000,-0.558006011756028,solar_battery
ASSET_010,2025-01-03T03:30:00.000000,-1.2242246281218194,solar_battery
ASSET_010,2025-01-03T04:00:00.000000,-1.2453347514399802,solar_battery
ASSET_010,2025-01-03T04:30:00.000000,-1.2687822863298295,solar_battery
ASSET_010,2025-01-03T05:00:00.000000,-0.9158757209931712,solar_battery
ASSET_010,2025-01-03T05:30:00.000000,-0.9821412388795749,solar_battery
ASSET_010,2025-01-03T06:00:00.000000,-1.1380490461799497,solar_battery
ASSET_010,2025-01-03T06:30:00.000000,-1.3203245747933516,solar_battery
ASSET_010,2025-01-03T07:00:00.000000,-0.4205597051368369,solar_battery
ASSET_010,2025-01-03T07:30:00.000000,-0.8182394456910117,solar_battery
ASSET_010,2025-01-03T08:00:00.000000,0.22461475491046637,solar_battery
ASSET_010,2025-01-03T08:30:00.000000,0.3993582315257722,solar_battery
ASSET_010,2025-01-03T09:00:00.000000,0.4553471258183219,solar_battery
ASSET_010,2025-01-03T09:30:00.000000,0.38783053217128527,solar_battery
ASSET_010,2025-01-03T10:00:00.000000,1.5941286034678628,solar_battery
ASSET_010,2025-01-03T10:30:00.000000,1.068241195979996,solar_battery
ASSET_010,2025-01-03T11:00:00.000000,1.8097963352184314,solar_battery
ASSET_010,2025-01-03T11:30:00.000000,1.5002094125444345,solar_battery
ASSET_010,2025-01-03T12:00:00.000000,1.6611308439340813,solar_battery
ASSET_010,2025-01-03T12:30:00.000000,1.8052190478791947,solar_battery
ASSET_010,2025-01-03T13:00:00.000000,1.4803005536342808,solar_battery
ASSET_010,2025-01-03T13:30:00.000000,1.7242595936923817,solar_battery
ASSET_010,2025-01-03T14:00:00.000000,1.4235060499033148,solar_battery
ASSET_010,2025-01-03T14:30:00.000000,1.1981450830438893,solar_battery
ASSET_010,2025-01-03T15:00:00.000000,1.260894685256669,solar_battery
ASSET_010,2025-01-03T15:30:00.000000,1.1167051136716333,solar_battery
ASSET_010,2025-01-03T16:00:00.000000,0.6721216623086014,solar_battery
ASSET_010,2025-01-03T16:30:00.000000,0.41936899471593336,solar_battery
ASSET_010,2025-01-03T17:00:00.000000,0.5187614489060959,solar_battery
ASSET_010,2025-01-03T17:30:00.000000,0.3472367653756908,solar_battery
ASSET_010,2025-01-03T18:00:00.000000,-0.7686025877987251,solar_battery
ASSET_010,2025-01-03T18:30:00.000000,-1.0733067285860036,solar_battery
ASSET_010,2025-01-03T19:00:00.000000,-1.4252261455941004,solar_battery
ASSET_010,2025-01-03T19:30:00.000000,-0.541522080315797,solar_battery
ASSET_010,2025-01-03T20:00:00.000000,-1.0548557807860768,solar_battery
ASSET_010,2025-01-03T20:30:00.000000,-1.2199043299094814,solar_battery
ASSET_010,2025-01-03T21:00:00.000000,-0.9878355877680884,solar_battery
ASSET_010,2025-01-03T21:30:00.000000,-0.8077589765232445,solar_battery
ASSET_010,2025-01-03T22:00:00.000000,-0.6555321334605118,solar_battery
ASSET_010,2025-01-03T22:30:00.000000,-0.3431419596945501,solar_battery
ASSET_010,2025-01-03T23:00:00.000000,-0.4624343012251954,solar_battery
ASSET_010,2025-01-03T23:30:00.000000,-0.9806857714457378,solar_battery
ASSET_010,2025-01-04T00:00:00.000000,-0.8417096253582743,solar_battery
ASSET_010,2025-01-04T00:30:00.000000,-0.45019108081285586,solar_battery
ASSET_010,2025-01-04T01:00:00.000000,-1.3970258718156479,solar_battery
ASSET_010,2025-01-04T01:30:00.000000,-0.7818682228607401,solar_battery
ASSET_010,2025-01-04T02:00:00.000000,-1.1508994883899213,solar_battery
ASSET_010,2025-01-04T02:30:00.000000,-0.9218729123440459,solar_battery
ASSET_010,2025-01-04T03:00:00.000000,-0.9320290505695786,solar_battery
ASSET_010,2025-01-04T03:30:00.000000,-0.9462908799003715,solar_battery
ASSET_010,2025-01-04T04:00:00.000000,-1.0333791784720578,solar_battery
ASSET_010,2025-01-04T04:30:00.000000,-1.1641509538759471,solar_battery
ASSET_010,2025-01-04T05:00:00.000000,-0.37625238166722785,solar_battery
ASSET_010,2025-01-04T05:30:00.000000,-0.4781202047049883,solar_battery
ASSET_010,2025-01-04T06:00:00.000000,-1.2138957968615078,solar_battery
ASSET_010,2025-01-04T06:30:00.000000,-0.5552919796871439,solar_battery
ASSET_010,2025-01-04T07:00:00.000000,-0.3751351906608953,solar_battery
ASSET_010,2025-01-04T07:30:00.000000,-0.2482584793478001,solar_battery
ASSET_010,2025-01-04T08:00:00.000000,0.333977771659708,solar_battery
ASSET_010,2025-01-04T08:30:00.000000,0.190823848134016,solar_battery
ASSET_010,2025-01-04T09:00:00.000000,1.1435792862292744,solar_battery
ASSET_010,2025-01-04T09:30:00.000000,0.937667491102197,solar_battery
ASSET_010,2025-01-04T10:00:00.000000,1.2431911678884784,solar_battery
ASSET_010,2025-01-04T10:30:00.000000,1.0444620429489828,solar_battery
ASSET_010,2025-01-04T11:00:00.000000,1.4543529059289388,solar_battery
ASSET_010,2025-01-04T11:30:00.000000,1.2748844814770244,solar_battery
ASSET_010,2025-01-04T12:00:00.000000,1.8229336516196406,solar_battery
ASSET_010,2025-01-04T12:30:00.000000,1.5328002578517448,solar_battery
ASSET_010,2025-01-04T13:00:00.000000,1.7370788992193635,solar_battery
ASSET_010,2025-01-04T13:30:00.000000,2.1296378670903024,solar_battery
ASSET_010,2025-01-04T14:00:00.000000,1.9003954069622773,solar_battery
ASSET_010,2025-01-04T14:30:00.000000,1.6048170548764686,solar_battery
ASSET_010,2025-01-04T15:00:00.000000,1.2471788478945827,solar_battery
ASSET_010,2025-01-04T15:30:00.000000,1.7192490740299804,solar_battery
ASSET_010,2025-01-04T16:00:00.000000,0.9158179468511223,solar_battery
ASSET_010,2025-01-04T16:30:00.000000,0.712162927594666,solar_battery
ASSET_010,2025-01-04T17:00:00.000000,-0.12888564964889354,solar_battery
ASSET_010,2025-01-04T17:30:00.000000,0.3078882708195533,solar_battery
ASSET_010,2025-01-04T18:00:00.000000,-0.7259622945801131,solar_battery
ASSET_010,2025-01-04T18:30:00.000000,-1.0765963658832747,solar_battery
ASSET_010,2025-01-04T19:00:00.000000,-0.8638002530631599,solar_battery
ASSET_010,2025-01-04T19:30:00.000000,-1.0209465050758946,solar_battery
ASSET_010,2025-01-04T20:00:00.000000,-1.003331297842729,solar_battery
ASSET_010,2025-01-04T20:30:00.000000,-1.5562408158499277,solar_battery
ASSET_010,2025-01-04T21:00:00.000000,-1.0529153076893027,solar_battery
ASSET_010,2025-01-04T21:30:00.000000,-0.7670391382194973,solar_battery
ASSET_010,2025-01-04T22:00:00.000000,-0.7040366133359739,solar_battery
ASSET_010,2025-01-04T22:30:00.000000,-0.539893671628324,solar_battery
ASSET_010,2025-01-04T23:00:00.000000,-0.7954293131049182,solar_battery
ASSET_010,2025-01-04T23:30:00.000000,-0.5274951411885918,solar_battery
ASSET_010,2025-01-05T00:00:00.000000,-0.7319655674086817,solar_battery
ASSET_010,2025-01-05T00:30:00.000000,-0.9054179697636817,solar_battery
ASSET_010,2025-01-05T01:00:00.000000,-0.42618650426151217,solar_battery
ASSET_010,2025-01-05T01:30:00.000000,-0.5230551732534112,solar_battery
ASSET_010,2025-01-05T02:00:00.000000,-0.952677623342762,solar_battery
ASSET_010,2025-01-05T02:30:00.000000,-0.6880308057397334,solar_battery
ASSET_010,2025-01-05T03:00:00.000000,-0.7313333485256783,solar_battery
ASSET_010,2025-01-05T03:30:00.000000,-0.7061599327998874,solar_battery
ASSET_010,2025-01-05T04:00:00.000000,-1.3074578930038503,solar_battery
ASSET_010,2025-01-05T04:30:00.000000,-0.6592509081172011,solar_battery
ASSET_010,2025-01-05T05:00:00.000000,-1.063038836805888,solar_battery
ASSET_010,2025-01-05T05:30:00.000000,-1.0121897897296166,solar_battery
ASSET_010,2025-01-05T06:00:00.000000,-0.3019083794575521,solar_battery
ASSET_010,2025-01-05T06:30:00.000000,-0.8625503886269572,solar_battery
ASSET_010,2025-01-05T07:00:00.000000,-0.3719808670547327,solar_battery
ASSET_010,2025-01-05T07:30:00.000000,-0.808534122408828,solar_battery
ASSET_010,2025-01-05T08:00:00.000000,0.6827069141820932,solar_battery
ASSET_010,2025-01-05T08:30:00.000000,0.026313201040903234,solar_battery
ASSET_010,2025-01-05T09:00:00.000000,0.6666293869239184,solar_battery
ASSET_010,2025-01-05T09:30:00.000000,0.8279301719827155,solar_battery
ASSET_010,2025-01-05T10:00:00.000000,1.6975023394691664,solar_battery
ASSET_010,2025-01-05T10:30:00.000000,1.5431411062608784,solar_battery
ASSET_010,2025-01-05T11:00:00.000000,1.6309347068598652,solar_battery
ASSET_010,2025-01-05T11:30:00.000000,1.7428058044948447,solar_battery
ASSET_010,2025-01-05T12:00:00.000000,1.6759074337109345,solar_battery
ASSET_010,2025-01-05T12:30:00.000000,1.853516885495684,solar_battery
ASSET_010,2025-01-05T13:00:00.000000,1.8184142409705664,solar_battery
ASSET_010,2025-01-05T13:30:00.000000,2.0333181971873384,solar_battery
ASSET_010,2025-01-05T14:00:00.000000,1.8446862588464448,solar_battery
ASSET_010,2025-01-05T14:30:00.000000,1.7311180811904516,solar_battery
ASSET_010,2025-01-05T15:00:00.000000,1.181115768357874,solar_battery
ASSET_010,2025-01-05T15:30:00.000000,1.446116532822569,solar_battery
ASSET_010,2025-01-05T16:00:00.000000,0.7687640460763003,solar_battery
ASSET_010,2025-01-05T16:30:00.000000,0.5311770294738796,solar_battery
ASSET_010,2025-01-05T17:00:00.000000,0.11656962840138965,solar_battery
ASSET_010,2025-01-05T17:30:00.000000,0.23364517456825282,solar_battery
ASSET_010,2025-01-05T18:00:00.000000,-0.7065482119204611,solar_battery
ASSET_010,2025-01-05T18:30:00.000000,-0.9690467613177167,solar_battery
ASSET_010,2025-01-05T19:00:00.000000,-1.2238966049937932,solar_battery
ASSET_010,2025-01-05T19:30:00.000000,-0.920070910305051,solar_battery
ASSET_010,2025-01-05T20:00:00.000000,-0.9319340724213957,solar_battery
ASSET_010,2025-01-05T20:30:00.000000,-0.9145624910983076,solar_battery
ASSET_010,2025-01-05T21:00:00.000000,-0.7789186069683671,solar_battery
ASSET_010,2025-01-05T21:30:00.000000,-0.7551461931758547,solar_battery
ASSET_010,2025-01-05T22:00:00.000000,-0.6951106093715999,solar_battery
ASSET_010,2025-01-05T22:30:00.000000,-0.7003744299317463,solar_battery
ASSET_010,2025-01-05T23:00:00.000000,-0.8636488341281708,solar_battery
ASSET_010,2025-01-05T23:30:00.000000,-0.44628538263154294,solar_battery
ASSET_010,2025-01-06T00:00:00.000000,-0.45228317399894835,solar_battery
ASSET_010,2025-01-06T00:30:00.000000,-0.8756196626981416,solar_battery
ASSET_010,2025-01-06T01:00:00.000000,-0.9355890490647546,solar_battery
ASSET_010,2025-01-06T01:30:00.000000,-0.5256178998750021,solar_battery
ASSET_010,2025-01-06T02:00:00.000000,-0.8286661152283981,solar_battery
ASSET_010,2025-01-06T02:30:00.000000,-0.8453034308477467,solar_battery
ASSET_010,2025-01-06T03:00:00.000000,-1.2979519957896588,solar_battery
ASSET_010,2025-01-06T03:30:00.000000,-0.8492372977289038,solar_battery
ASSET_010,2025-01-06T04:00:00.000000,-1.2828003428576735,solar_battery
ASSET_010,2025-01-06T04:30:00.000000,-1.3319724657597214,solar_battery
ASSET_010,2025-01-06T05:00:00.000000,-1.1730029263107316,solar_battery
ASSET_010,2025-01-06T05:30:00.000000,-1.2303680015144063,solar_battery
ASSET_010,2025-01-06T06:00:00.000000,-1.1531839266524095,solar_battery
ASSET_010,2025-01-06T06:30:00.000000,-1.4458355922859805,solar_battery
ASSET_010,2025-01-06T07:00:00.000000,-0.21261422157817733,solar_battery
ASSET_010,2025-01-06T07:30:00.000000,-0.17208542444647573,solar_battery
ASSET_010,2025-01-06T08:00:00.000000,-0.2771698149291274,solar_battery
ASSET_010,2025-01-06T08:30:00.000000,0.42502225222464,solar_battery
ASSET_010,2025-01-06T09:00:00.000000,0.5611080474532142,solar_battery
ASSET_010,2025-01-06T09:30:00.000000,0.9613090474862732,solar_battery
ASSET_010,2025-01-06T10:00:00.000000,1.1986363512211566,solar_battery
ASSET_010,2025-01-06T10:30:00.000000,1.2219696448405362,solar_battery
ASSET_010,2025-01-06T11:00:00.000000,1.4927454163308218,solar_battery
ASSET_010,2025-01-06T11:30:00.000000,1.828079861207951,solar_battery
ASSET_010,2025-01-06T12:00:00.000000,1.4024988769939932,solar_battery
ASSET_010,2025-01-06T12:30:00.000000,1.845881681296402,solar_battery
ASSET_010,2025-01-06T13:00:00.000000,1.9567795188269188,solar_battery
ASSET_010,2025-01-06T13:30:00.000000,1.8643818985831253,solar_battery
ASSET_010,2025-01-06T14:00:00.000000,2.072991248898717,solar_battery
ASSET_010,2025-01-06T14:30:00.000000,1.3881162864071692,solar_battery
ASSET_010,2025-01-06T15:00:00.000000,1.4096521447447805,solar_battery
ASSET_010,2025-01-06T15:30:00.000000,1.1544372348403922,solar_battery
ASSET_010,2025-01-06T16:00:00.000000,1.005825079459972,solar_battery
ASSET_010,2025-01-06T16:30:00.000000,0.7079622621622026,solar_battery
ASSET_010,2025-01-06T17:00:00.000000,0.043735172996030275,solar_battery
ASSET_010,2025-01-06T17:30:00.000000,0.45028268957221396,solar_battery
ASSET_010,2025-01-06T18:00:00.000000,-1.1179748653645432,solar_battery
ASSET_010,2025-01-06T18:30:00.000000,-1.3390541821361335,solar_battery
ASSET_010,2025-01-06T19:00:00.000000,-1.1342655040749985,solar_battery
ASSET_010,2025-01-06T19:30:00.000000,-0.8616543449320317,solar_battery
ASSET_010,2025-01-06T20:00:00.000000,-0.7061030784837666,solar_battery
ASSET_010,2025-01-06T20:30:00.000000,-1.0135213287935056,solar_battery
ASSET_010,2025-01-06T21:00:00.000000,-0.7715006695078697,solar_battery
ASSET_010,2025-01-06T21:30:00.000000,-1.4138299467986581,solar_battery
ASSET_010,2025-01-06T22:00:00.000000,-0.7563832315562966,solar_battery
ASSET_010,2025-01-06T22:30:00.000000,-0.7192580281169842,solar_battery
ASSET_010,2025-01-06T23:00:00.000000,-0.7498485490626485,solar_battery
ASSET_010,2025-01-06T23:30:00.000000,-0.7021716332891966,solar_battery
ASSET_010,2025-01-07T00:00:00.000000,-0.6341813702258738,solar_battery
ASSET_010,2025-01-07T00:30:00.000000,-0.9067536411609177,solar_battery
ASSET_010,2025-01-07T01:00:00.000000,-0.8442788286620061,solar_battery
ASSET_010,2025-01-07T01:30:00.000000,-0.8884752072085287,solar_battery
ASSET_010,2025-01-07T02:00:00.000000,-1.172213576933876,solar_battery
ASSET_010,2025-01-07T02:30:00.000000,-0.9772800053795444,solar_battery
ASSET_010,2025-01-07T03:00:00.000000,-1.0466103215312728,solar_battery
ASSET_010,2025-01-07T03:30:00.000000,-1.0517513699566954,solar_battery
ASSET_010,2025-01-07T04:00:00.000000,-1.0521853515557833,solar_battery
ASSET_010,2025-01-07T04:30:00.000000,-1.041645971388119,solar_battery
ASSET_010,2025-01-07T05:00:00.000000,-1.1935285908724798,solar_battery
ASSET_010,2025-01-07T05:30:00.000000,-0.7843262117336169,solar_battery
ASSET_010,2025-01-07T06:00:00.000000,-1.380675351008724,solar_battery
ASSET_010,2025-01-07T06:30:00.000000,-1.2730328260327752,solar_battery
ASSET_010,2025-01-07T07:00:00.000000,0.2244611346832347,solar_battery
ASSET_010,2025-01-07T07:30:00.000000,-0.6918480603278339,solar_battery
ASSET_010,2025-01-07T08:00:00.000000,-0.13470874306567404,solar_battery
ASSET_010,2025-01-07T08:30:00.000000,0.36646679766496026,solar_battery
ASSET_010,2025-01-07T09:00:00.000000,0.2571261537046748,solar_battery
ASSET_010,2025-01-07T09:30:00.000000,0.6991691802170192,solar_battery
ASSET_010,2025-01-07T10:00:00.000000,1.7300614914794537,solar_battery
ASSET_010,2025-01-07T10:30:00.000000,0.8442788881442803,solar_battery
ASSET_010,2025-01-07T11:00:00.000000,1.061497375614623,solar_battery
ASSET_010,2025-01-07T11:30:00.000000,1.1773653637220667,solar_battery
ASSET_010,2025-01-07T12:00:00.000000,1.9156062964032765,solar_battery
ASSET_010,2025-01-07T12:30:00.000000,1.9699464127965949,solar_battery
ASSET_010,2025-01-07T13:00:00.000000,1.5694389679785845,solar_battery
ASSET_010,2025-01-07T13:30:00.000000,1.8564312562136833,solar_battery
ASSET_010,2025-01-07T14:00:00.000000,1.8487247880639743,solar_battery
ASSET_010,2025-01-07T14:30:00.000000,1.944026648924255,solar_battery
ASSET_010,2025-01-07T15:00:00.000000,1.1207785198391695,solar_battery
ASSET_010,2025-01-07T15:30:00.000000,0.6275457750815363,solar_battery
ASSET_010,2025-01-07T16:00:00.000000,0.5127966797570065,solar_battery
ASSET_010,2025-01-07T16:30:00.000000,0.6073746143508694,solar_battery
ASSET_010,2025-01-07T17:00:00.000000,0.07468004946420924,solar_battery
ASSET_010,2025-01-07T17:30:00.000000,0.0917391044009303,solar_battery
ASSET_010,2025-01-07T18:00:00.000000,-0.7314652964966394,solar_battery
ASSET_010,2025-01-07T18:30:00.000000,-0.6941371775949805,solar_battery
ASSET_010,2025-01-07T19:00:00.000000,-1.0514239290552276,solar_battery
ASSET_010,2025-01-07T19:30:00.000000,-0.7465858818608431,solar_battery
ASSET_010,2025-01-07T20:00:00.000000,-0.9543536508732071,solar_battery
ASSET_010,2025-01-07T20:30:00.000000,-1.0247109453776513,solar_battery
ASSET_010,2025-01-07T21:00:00.000000,-0.8702973679376445,solar_battery
ASSET_010,2025-01-07T21:30:00.000000,-1.070527474066936,solar_battery
ASSET_010,2025-01-07T22:00:00.000000,-0.15612531749653696,solar_battery
ASSET_010,2025-01-07T22:30:00.000000,-0.9952186800306941,solar_battery
ASSET_010,2025-01-07T23:00:00.000000,-0.845995302251328,solar_battery
ASSET_010,2025-01-07T23:30:00.000000,-0.7527188217381919,solar_battery
ASSET_010,2025-01-08T00:00:00.000000,-0.6945313542900823,solar_battery
ASSET_010,2025-01-08T00:30:00.000000,-0.49568948309525873,solar_battery
ASSET_010,2025-01-08T01:00:00.000000,-0.8835013696674339,solar_battery
ASSET_010,2025-01-08T01:30:00.000000,-1.218980829412246,solar_battery
ASSET_010,2025-01-08T02:00:00.000000,-0.747796664850799,solar_battery
ASSET_010,2025-01-08T02:30:00.000000,-0.7688098961259284,solar_battery
ASSET_010,2025-01-08T03:00:00.000000,-1.4781781126070217,solar_battery
ASSET_010,2025-01-08T03:30:00.000000,-1.0130450264369562,solar_battery
ASSET_010,2025-01-08T04:00:00.000000,-1.4414416604986031,solar_battery
ASSET_010,2025-01-08T04:30:00.000000,-1.2193238845358265,solar_battery
ASSET_010,2025-01-08T05:00:00.000000,-1.3064518903577924,solar_battery
ASSET_010,2025-01-08T05:30:00.000000,-0.895554220308644,solar_battery
ASSET_010,2025-01-08T06:00:00.000000,-1.071960758198676,solar_battery
ASSET_010,2025-01-08T06:30:00.000000,-1.4085418401814467,solar_battery
ASSET_010,2025-01-08T07:00:00.000000,-0.23151430402065656,solar_battery
ASSET_010,2025-01-08T07:30:00.000000,-0.7868435328732382,solar_battery
ASSET_010,2025-01-08T08:00:00.000000,0.2694196885776945,solar_battery
ASSET_010,2025-01-08T08:30:00.000000,-0.0051701817653053705,solar_battery
ASSET_010,2025-01-08T09:00:00.000000,0.6678724188030798,solar_battery
ASSET_010,2025-01-08T09:30:00.000000,0.8766598981396168,solar_battery
ASSET_010,2025-01-08T10:00:00.000000,1.3402113652353833,solar_battery
ASSET_010,2025-01-08T10:30:00.000000,1.535936087114527,solar_battery
ASSET_010,2025-01-08T11:00:00.000000,1.5174279642707655,solar_battery
ASSET_010,2025-01-08T11:30:00.000000,1.610717059303116,solar_battery
ASSET_010,2025-01-08T12:00:00.000000,1.594943042622962,solar_battery
ASSET_010,2025-01-08T12:30:00.000000,1.7436775718294715,solar_battery
ASSET_010,2025-01-08T13:00:00.000000,1.7979369307754696,solar_battery
ASSET_010,2025-01-08T13:30:00.000000,1.6688659158643764,solar_battery
ASSET_010,2025-01-08T14:00:00.000000,1.0821633932788979,solar_battery
ASSET_010,2025-01-08T14:30:00.000000,1.5946165245805117,solar_battery
ASSET_010,2025-01-08T15:00:00.000000,1.2673937418876429,solar_battery
ASSET_010,2025-01-08T15:30:00.000000,1.016657352998825,solar_battery
ASSET_010,2025-01-08T16:00:00.000000,0.40155473247792783,solar_battery
ASSET_010,2025-01-08T16:30:00.000000,1.0640186172562829,solar_battery
ASSET_010,2025-01-08T17:00:00.000000,0.2547722832576795,solar_battery
ASSET_010,2025-01-08T17:30:00.000000,0.08184591322181264,solar_battery
ASSET_010,2025-01-08T18:00:00.000000,-1.272887891955397,solar_battery
ASSET_010,2025-01-08T18:30:00.000000,-1.197235558821123,solar_battery
ASSET_010,2025-01-08T19:00:00.000000,-0.697600556884584,solar_battery
ASSET_010,2025-01-08T19:30:00.000000,-0.9771833863049485,solar_battery
ASSET_010,2025-01-08T20:00:00.000000,-1.172333274944838,solar_battery
ASSET_010,2025-01-08T20:30:00.000000,-0.917866963370751,solar_battery
ASSET_010,2025-01-08T21:00:00.000000,-1.2833235306311535,solar_battery
ASSET_010,2025-01-08T21:30:00.000000,-0.727665638376745,solar_battery
ASSET_010,2025-01-08T22:00:00.000000,-0.3253278716247859,solar_battery
ASSET_010,2025-01-08T22:30:00.000000,-0.7619777770886663,solar_battery
ASSET_010,2025-01-08T23:00:00.000000,-0.8732351457566503,solar_battery
ASSET_010,2025-01-08T23:30:00.000000,-1.350706254155391,solar_battery
ASSET_010,2025-01-09T00:00:00.000000,-1.1555793851723284,solar_battery
ASSET_010,2025-01-09T00:30:00.000000,-1.1214727459898615,solar_battery
ASSET_010,2025-01-09T01:00:00.000000,-0.8452000316937837,solar_battery
ASSET_010,2025-01-09T01:30:00.000000,-0.9559418025966826,solar_battery
ASSET_010,2025-01-09T02:00:00.000000,-1.272880516979658,solar_battery
ASSET_010,2025-01-09T02:30:00.000000,-1.0174793701914937,solar_battery
ASSET_010,2025-01-09T03:00:00.000000,-0.8908511189206006,solar_battery
ASSET_010,2025-01-09T03:30:00.000000,-0.8854505903762234,solar_battery
ASSET_010,2025-01-09T04:00:00.000000,-1.515728488541463,solar_battery
ASSET_010,2025-01-09T04:30:00.000000,-1.090590856451451,solar_battery
ASSET_010,2025-01-09T05:00:00.000000,-1.421779534359907,solar_battery
ASSET_010,2025-01-09T05:30:00.000000,-0.8733628605730548,solar_battery
ASSET_010,2025-01-09T06:00:00.000000,-0.9118048600751605,solar_battery
ASSET_010,2025-01-09T06:30:00.000000,-1.3155265343178701,solar_battery
ASSET_010,2025-01-09T07:00:00.000000,-0.6265809837065146,solar_battery
ASSET_010,2025-01-09T07:30:00.000000,-0.5534342272500125,solar_battery
ASSET_010,2025-01-09T08:00:00.000000,-0.35047803587085335,solar_battery
ASSET_010,2025-01-09T08:30:00.000000,0.2708247404904064,solar_battery
ASSET_010,2025-01-09T09:00:00.000000,0.6901522274887731,solar_battery
ASSET_010,2025-01-09T09:30:00.000000,0.9884769384266907,solar_battery
ASSET_010,2025-01-09T10:00:00.000000,0.9514452971500837,solar_battery
ASSET_010,2025-01-09T10:30:00.000000,1.0664740018811127,solar_battery
ASSET_010,2025-01-09T11:00:00.000000,1.1756027902625266,solar_battery
ASSET_010,2025-01-09T11:30:00.000000,1.2961391169532934,solar_battery
ASSET_010,2025-01-09T12:00:00.000000,1.4163243209436274,solar_battery
ASSET_010,2025-01-09T12:30:00.000000,1.939033682923147,solar_battery
ASSET_010,2025-01-09T13:00:00.000000,1.5248774355530925,solar_battery
ASSET_010,2025-01-09T13:30:00.000000,1.7222624435921339,solar_battery
ASSET_010,2025-01-09T14:00:00.000000,1.4236802925342638,solar_battery
ASSET_010,2025-01-09T14:30:00.000000,1.2103918456180218,solar_battery
ASSET_010,2025-01-09T15:00:00.000000,1.1395068857611388,solar_battery
ASSET_010,2025-01-09T15:30:00.000000,1.3236837869695959,solar_battery
ASSET_010,2025-01-09T16:00:00.000000,0.41994536692492673,solar_battery
ASSET_010,2025-01-09T16:30:00.000000,0.9039946909108622,solar_battery
ASSET_010,2025-01-09T17:00:00.000000,-0.06710766051162412,solar_battery
ASSET_010,2025-01-09T17:30:00.000000,0.020909218385541203,solar_battery
ASSET_010,2025-01-09T18:00:00.000000,-0.8726360504775885,solar_battery
ASSET_010,2025-01-09T18:30:00.000000,-1.1592246777326771,solar_battery
ASSET_010,2025-01-09T19:00:00.000000,-1.0012042858726717,solar_battery
ASSET_010,2025-01-09T19:30:00.000000,-1.0857480510224218,solar_battery
ASSET_010,2025-01-09T20:00:00.000000,-1.0091440572557522,solar_battery
ASSET_010,2025-01-09T20:30:00.000000,-1.6115697641903077,solar_battery
ASSET_010,2025-01-09T21:00:00.000000,-1.5269916012939757,solar_battery
ASSET_010,2025-01-09T21:30:00.000000,-0.9400358841927946,solar_battery
ASSET_010,2025-01-09T22:00:00.000000,-0.40107646264422786,solar_battery
ASSET_010,2025-01-09T22:30:00.000000,-0.868516808847565,solar_battery
ASSET_010,2025-01-09T23:00:00.000000,-0.780921090990316,solar_battery
ASSET_010,2025-01-09T23:30:00.000000,-0.6516216657726914,solar_battery
ASSET_010,2025-01-10T00:00:00.000000,-0.6336277756019111,solar_battery
ASSET_010,2025-01-10T00:30:00.000000,-1.2866425452010037,solar_battery
ASSET_010,2025-01-10T01:00:00.000000,-1.0902953728055667,solar_battery
ASSET_010,2025-01-10T01:30:00.000000,-0.9574647646947263,solar_battery
ASSET_010,2025-01-10T02:00:00.000000,-0.7812463526633482,solar_battery
ASSET_010,2025-01-10T02:30:00.000000,-0.3503766839068412,solar_battery
ASSET_010,2025-01-10T03:00:00.000000,-1.0668534087902966,solar_battery
ASSET_010,2025-01-10T03:30:00.000000,-1.3498066252609215,solar_battery
ASSET_010,2025-01-10T04:00:00.000000,-0.96326328260702,solar_battery
ASSET_010,2025-01-10T04:30:00.000000,-0.7427686316455612,solar_battery
ASSET_010,2025-01-10T05:00:00.000000,-1.0638543588516403,solar_battery
ASSET_010,2025-01-10T05:30:00.000000,-1.3073733987237508,solar_battery
ASSET_010,2025-01-10T06:00:00.000000,-0.8700814540447955,solar_battery
ASSET_010,2025-01-10T06:30:00.000000,-0.9407490515603757,solar_battery
ASSET_010,2025-01-10T07:00:00.000000,-0.6889895377373685,solar_battery
ASSET_010,2025-01-10T07:30:00.000000,-0.3511879869221766,solar_battery
ASSET_010,2025-01-10T08:00:00.000000,0.42953611510279743,solar_battery
ASSET_010,2025-01-10T08:30:00.000000,0.47384598907880243,solar_battery
ASSET_010,2025-01-10T09:00:00.000000,0.7396871645361351,solar_battery
ASSET_010,2025-01-10T09:30:00.000000,0.669695851527368,solar_battery
ASSET_010,2025-01-10T10:00:00.000000,1.5096092267605994,solar_battery
ASSET_010,2025-01-10T10:30:00.000000,0.924624988745684,solar_battery
ASSET_010,2025-01-10T11:00:00.000000,1.6424278820129556,solar_battery
ASSET_010,2025-01-10T11:30:00.000000,1.2083624616244513,solar_battery
ASSET_010,2025-01-10T12:00:00.000000,1.9556903053423045,solar_battery
ASSET_010,2025-01-10T12:30:00.000000,1.6380690762533212,solar_battery
ASSET_010,2025-01-10T13:00:00.000000,1.9969202558088193,solar_battery
ASSET_010,2025-01-10T13:30:00.000000,1.810399340778753,solar_battery
ASSET_010,2025-01-10T14:00:00.000000,1.2214906542462338,solar_battery
ASSET_010,2025-01-10T14:30:00.000000,1.8569741651596354,solar_battery
ASSET_010,2025-01-10T15:00:00.000000,1.552197851264988,solar_battery
ASSET_010,2025-01-10T15:30:00.000000,1.391647745546145,solar_battery
ASSET_010,2025-01-10T16:00:00.000000,0.5270265335266384,solar_battery
ASSET_010,2025-01-10T16:30:00.000000,0.6363642720895532,solar_battery
ASSET_010,2025-01-10T17:00:00.000000,0.17172789282040524,solar_battery
ASSET_010,2025-01-10T17:30:00.000000,-0.032065135196521016,solar_battery
ASSET_010,2025-01-10T18:00:00.000000,-0.5938368226088309,solar_battery
ASSET_010,2025-01-10T18:30:00.000000,-0.9653616467857512,solar_battery
ASSET_010,2025-01-10T19:00:00.000000,-1.6590257834190454,solar_battery
ASSET_010,2025-01-10T19:30:00.000000,-0.9287768570517867,solar_battery
ASSET_010,2025-01-10T20:00:00.000000,-1.1237501541008237,solar_battery
ASSET_010,2025-01-10T20:30:00.000000,-1.058174752333096,solar_battery
ASSET_010,2025-01-10T21:00:00.000000,-1.1763366134326037,solar_battery
ASSET_010,2025-01-10T21:30:00.000000,-0.8941768256584308,solar_battery
ASSET_010,2025-01-10T22:00:00.000000,-0.3812749331471884,solar_battery
ASSET_010,2025-01-10T22:30:00.000000,-0.5820672410579231,solar_battery
ASSET_010,2025-01-10T23:00:00.000000,-0.803788971382402,solar_battery
ASSET_010,2025-01-10T23:30:00.000000,-0.7322752156234447,solar_battery
ASSET_010,2025-01-11T00:00:00.000000,-0.6752960920213693,solar_battery
ASSET_010,2025-01-11T00:30:00.000000,-0.8725832095675609,solar_battery
ASSET_010,2025-01-11T01:00:00.000000,-0.6070559808440465,solar_battery
ASSET_010,2025-01-11T01:30:00.000000,-0.635588698774631,solar_battery
ASSET_010,2025-01-11T02:00:00.000000,-0.4377941024535984,solar_battery
ASSET_010,2025-01-11T02:30:00.000000,-0.506216052730766,solar_battery
ASSET_010,2025-01-11T03:00:00.000000,-1.024874209424201,solar_battery
ASSET_010,2025-01-11T03:30:00.000000,-0.6634406193204181,solar_battery
ASSET_010,2025-01-11T04:00:00.000000,-1.129065289907705,solar_battery
ASSET_010,2025-01-11T04:30:00.000000,-0.7338127737392278,solar_battery
ASSET_010,2025-01-11T05:00:00.000000,-1.0502984934061383,solar_battery
ASSET_010,2025-01-11T05:30:00.000000,-1.1718918593138528,solar_battery
ASSET_010,2025-01-11T06:00:00.000000,-0.867789117752623,solar_battery
ASSET_010,2025-01-11T06:30:00.000000,-1.5768961107569939,solar_battery
ASSET_010,2025-01-11T07:00:00.000000,-0.6994976108046653,solar_battery
ASSET_010,2025-01-11T07:30:00.000000,-0.32186152505323856,solar_battery
ASSET_010,2025-01-11T08:00:00.000000,0.36894954602733,solar_battery
ASSET_010,2025-01-11T08:30:00.000000,0.2605270171970025,solar_battery
ASSET_010,2025-01-11T09:00:00.000000,0.5283900120715755,solar_battery
ASSET_010,2025-01-11T09:30:00.000000,0.7111606816505579,solar_battery
ASSET_010,2025-01-11T10:00:00.000000,1.4514537479980707,solar_battery
ASSET_010,2025-01-11T10:30:00.000000,1.4971911344119033,solar_battery
ASSET_010,2025-01-11T11:00:00.000000,1.6649221609985019,solar_battery
ASSET_010,2025-01-11T11:30:00.000000,1.946455816670405,solar_battery
ASSET_010,2025-01-11T12:00:00.000000,1.915375285630216,solar_battery
ASSET_010,2025-01-11T12:30:00.000000,1.640610643050029,solar_battery
ASSET_010,2025-01-11T13:00:00.000000,1.7334929294050252,solar_battery
ASSET_010,2025-01-11T13:30:00.000000,1.4641255444939283,solar_battery
ASSET_010,2025-01-11T14:00:00.000000,1.586610151767157,solar_battery
ASSET_010,2025-01-11T14:30:00.000000,1.879467658074218,solar_battery
ASSET_010,2025-01-11T15:00:00.000000,1.432548802499571,solar_battery
ASSET_010,2025-01-11T15:30:00.000000,1.6045614203895278,solar_battery
ASSET_010,2025-01-11T16:00:00.000000,0.7181440194532732,solar_battery
ASSET_010,2025-01-11T16:30:00.000000,1.1139004286484533,solar_battery
ASSET_010,2025-01-11T17:00:00.000000,0.16696568411250215,solar_battery
ASSET_010,2025-01-11T17:30:00.000000,0.5665391182767895,solar_battery
ASSET_010,2025-01-11T18:00:00.000000,-0.9302456193861097,solar_battery
ASSET_010,2025-01-11T18:30:00.000000,-0.7552644702869736,solar_battery
ASSET_010,2025-01-11T19:00:00.000000,-0.5796619468619223,solar_battery
ASSET_010,2025-01-11T19:30:00.000000,-0.980111545155777,solar_battery
ASSET_010,2025-01-11T20:00:00.000000,-0.9067501650243665,solar_battery
ASSET_010,2025-01-11T20:30:00.000000,-0.6498362999854557,solar_battery
ASSET_010,2025-01-11T21:00:00.000000,-1.0316085301406457,solar_battery
ASSET_010,2025-01-11T21:30:00.000000,-1.316701918598909,solar_battery
ASSET_010,2025-01-11T22:00:00.000000,-0.03817830689962154,solar_battery
ASSET_010,2025-01-11T22:30:00.000000,-0.6652434714409127,solar_battery
ASSET_010,2025-01-11T23:00:00.000000,-0.575899691273847,solar_battery
ASSET_010,2025-01-11T23:30:00.000000,-0.33655954283058676,solar_battery
ASSET_010,2025-01-12T00:00:00.000000,-0.8260385368954885,solar_battery
ASSET_010,2025-01-12T00:30:00.000000,-0.9218882991733113,solar_battery
ASSET_010,2025-01-12T01:00:00.000000,-0.6851019052751829,solar_battery
ASSET_010,2025-01-12T01:30:00.000000,-1.1763371920001164,solar_battery
ASSET_010,2025-01-12T02:00:00.000000,-0.8765974584483008,solar_battery
ASSET_010,2025-01-12T02:30:00.000000,-0.7486907205643025,solar_battery
ASSET_010,2025-01-12T03:00:00.000000,-0.9251006844406091,solar_battery
ASSET_010,2025-01-12T03:30:00.000000,-1.2307404555671488,solar_battery
ASSET_010,2025-01-12T04:00:00.000000,-0.5182337684760688,solar_battery
ASSET_010,2025-01-12T04:30:00.000000,-0.8759873210172296,solar_battery
ASSET_010,2025-01-12T05:00:00.000000,-0.5828345774408946,solar_battery
ASSET_010,2025-01-12T05:30:00.000000,-0.9887197857470192,solar_battery
ASSET_010,2025-01-12T06:00:00.000000,-1.1462028756057834,solar_battery
ASSET_010,2025-01-12T06:30:00.000000,-0.8703965791387617,solar_battery
ASSET_010,2025-01-12T07:00:00.000000,-0.3310523832661833,solar_battery
ASSET_010,2025-01-12T07:30:00.000000,-0.5619262228653366,solar_battery
ASSET_010,2025-01-12T08:00:00.000000,0.7019117441439667,solar_battery
ASSET_010,2025-01-12T08:30:00.000000,0.19981866854040878,solar_battery
ASSET_010,2025-01-12T09:00:00.000000,0.4657907914128628,solar_battery
ASSET_010,2025-01-12T09:30:00.000000,1.226214576713559,solar_battery
ASSET_010,2025-01-12T10:00:00.000000,1.2365319856660668,solar_battery
ASSET_010,2025-01-12T10:30:00.000000,1.2116857752333465,solar_battery
ASSET_010,2025-01-12T11:00:00.000000,1.2451226883343338,solar_battery
ASSET_010,2025-01-12T11:30:00.000000,2.0866416660048053,solar_battery
ASSET_010,2025-01-12T12:00:00.000000,1.5105246590696748,solar_battery
ASSET_010,2025-01-12T12:30:00.000000,1.8340278753693557,solar_battery
ASSET_010,2025-01-12T13:00:00.000000,2.019842299633519,solar_battery
ASSET_010,2025-01-12T13:30:00.000000,1.9020254861445567,solar_battery
ASSET_010,2025-01-12T14:00:00.000000,1.5982464745829708,solar_battery
ASSET_010,2025-01-12T14:30:00.000000,1.2041637034721169,solar_battery
ASSET_010,2025-01-12T15:00:00.000000,1.0737452215847905,solar_battery
ASSET_010,2025-01-12T15:30:00.000000,1.3131512632991438,solar_battery
ASSET_010,2025-01-12T16:00:00.000000,0.6019147011681525,solar_battery
ASSET_010,2025-01-12T16:30:00.000000,0.8396427483647357,solar_battery
ASSET_010,2025-01-12T17:00:00.000000,0.3769771165756489,solar_battery
ASSET_010,2025-01-12T17:30:00.000000,0.4443593910520393,solar_battery
ASSET_010,2025-01-12T18:00:00.000000,-1.219283045875044,solar_battery
ASSET_010,2025-01-12T18:30:00.000000,-0.3978049468050511,solar_battery
ASSET_010,2025-01-12T19:00:00.000000,-0.7494938716032963,solar_battery
ASSET_010,2025-01-12T19:30:00.000000,-0.934100311176863,solar_battery
ASSET_010,2025-01-12T20:00:00.000000,-0.6976747420965745,solar_battery
ASSET_010,2025-01-12T20:30:00.000000,-0.3914656567549746,solar_battery
ASSET_010,2025-01-12T21:00:00.000000,-1.344980595051079,solar_battery
ASSET_010,2025-01-12T21:30:00.000000,-1.0537508049953552,solar_battery
ASSET_010,2025-01-12T22:00:00.000000,-1.1233235983695988,solar_battery
ASSET_010,2025-01-12T22:30:00.000000,-0.506263632164474,solar_battery
ASSET_010,2025-01-12T23:00:00.000000,-0.5263065254368234,solar_battery
ASSET_010,2025-01-12T23:30:00.000000,-0.6234000512051195,solar_battery
ASSET_010,2025-01-13T00:00:00.000000,-0.9570880570395944,solar_battery
ASSET_010,2025-01-13T00:30:00.000000,-1.291883483885198,solar_battery
ASSET_010,2025-01-13T01:00:00.000000,-0.7879976295119318,solar_battery
ASSET_010,2025-01-13T01:30:00.000000,-0.5283414373910782,solar_battery
ASSET_010,2025-01-13T02:00:00.000000,-1.0918444293760237,solar_battery
ASSET_010,2025-01-13T02:30:00.000000,-0.8443856170344451,solar_battery
ASSET_010,2025-01-13T03:00:00.000000,-1.3884866695767766,solar_battery
ASSET_010,2025-01-13T03:30:00.000000,-0.902400899069761,solar_battery
ASSET_010,2025-01-13T04:00:00.000000,-1.1542193725940493,solar_battery
ASSET_010,2025-01-13T04:30:00.000000,-1.242787929280031,solar_battery
ASSET_010,2025-01-13T05:00:00.000000,-1.2722650217785918,solar_battery
ASSET_010,2025-01-13T05:30:00.000000,-1.184244527574643,solar_battery
ASSET_010,2025-01-13T06:00:00.000000,-1.0082160042337915,solar_battery
ASSET_010,2025-01-13T06:30:00.000000,-1.4149191682869242,solar_battery
ASSET_010,2025-01-13T07:00:00.000000,-0.5380378147067034,solar_battery
ASSET_010,2025-01-13T07:30:00.000000,-0.4526833618502141,solar_battery
ASSET_010,2025-01-13T08:00:00.000000,-0.07357703502297819,solar_battery
ASSET_010,2025-01-13T08:30:00.000000,0.6213920272666721,solar_battery
ASSET_010,2025-01-13T09:00:00.000000,0.5507960033956826,solar_battery
ASSET_010,2025-01-13T09:30:00.000000,0.5949700593383669,solar_battery
ASSET_010,2025-01-13T10:00:00.000000,0.9802696015036969,solar_battery
ASSET_010,2025-01-13T10:30:00.000000,1.6466987303742446,solar_battery
ASSET_010,2025-01-13T11:00:00.000000,1.6698661070557899,solar_battery
ASSET_010,2025-01-13T11:30:00.000000,1.3123867706934402,solar_battery
ASSET_010,2025-01-13T12:00:00.000000,1.9654955741263924,solar_battery
ASSET_010,2025-01-13T12:30:00.000000,1.7481676866293308,solar_battery
ASSET_010,2025-01-13T13:00:00.000000,1.7542011003201872,solar_battery
ASSET_010,2025-01-13T13:30:00.000000,1.609785749152838,solar_battery
ASSET_010,2025-01-13T14:00:00.000000,1.3352036725914234,solar_battery
ASSET_010,2025-01-13T14:30:00.000000,1.5961273732342012,solar_battery
ASSET_010,2025-01-13T15:00:00.000000,1.0490780521233916,solar_battery
ASSET_010,2025-01-13T15:30:00.000000,1.6159203384203582,solar_battery
ASSET_010,2025-01-13T16:00:00.000000,0.40517775587698623,solar_battery
ASSET_010,2025-01-13T16:30:00.000000,1.0784852466205181,solar_battery
ASSET_010,2025-01-13T17:00:00.000000,0.11010883693155081,solar_battery
ASSET_010,2025-01-13T17:30:00.000000,0.20860593680808837,solar_battery
ASSET_010,2025-01-13T18:00:00.000000,-0.8000421360089357,solar_battery
ASSET_010,2025-01-13T18:30:00.000000,-1.1512598308010646,solar_battery
ASSET_010,2025-01-13T19:00:00.000000,-0.8028026397856067,solar_battery
ASSET_010,2025-01-13T19:30:00.000000,-1.660032777404762,solar_battery
ASSET_010,2025-01-13T20:00:00.000000,-1.212989866837934,solar_battery
ASSET_010,2025-01-13T20:30:00.000000,-1.261967452626524,solar_battery
ASSET_010,2025-01-13T21:00:00.000000,-1.3887094086132585,solar_battery
ASSET_010,2025-01-13T21:30:00.000000,-1.139457126782984,solar_battery
ASSET_010,2025-01-13T22:00:00.000000,-0.5574200076363931,solar_battery
ASSET_010,2025-01-13T22:30:00.000000,-0.4813616003601665,solar_battery
ASSET_010,2025-01-13T23:00:00.000000,-0.664543864741146,solar_battery
ASSET_010,2025-01-13T23:30:00.000000,-0.8821207180436951,solar_battery
ASSET_010,2025-01-14T00:00:00.000000,-0.7114360549219599,solar_battery
ASSET_010,2025-01-14T00:30:00.000000,-0.7701714332357958,solar_battery
ASSET_010,2025-01-14T01:00:00.000000,-0.6529922332261124,solar_battery
ASSET_010,2025-01-14T01:30:00.000000,-0.6911809048271923,solar_battery
ASSET_010,2025-01-14T02:00:00.000000,-0.942685660659049,solar_battery
ASSET_010,2025-01-14T02:30:00.000000,-1.1653407214787015,solar_battery
ASSET_010,2025-01-14T03:00:00.000000,-1.1688400717556637,solar_battery
ASSET_010,2025-01-14T03:30:00.000000,-1.1440814806690924,solar_battery
ASSET_010,2025-01-14T04:00:00.000000,-1.135471541275233,solar_battery
ASSET_010,2025-01-14T04:30:00.000000,-0.9954755185137908,solar_battery
ASSET_010,2025-01-14T05:00:00.000000,-0.9181358942559865,solar_battery
ASSET_010,2025-01-14T05:30:00.000000,-1.1020462342104111,solar_battery
ASSET_010,2025-01-14T06:00:00.000000,-1.0961300509038867,solar_battery
ASSET_010,2025-01-14T06:30:00.000000,-1.0656064867999993,solar_battery
ASSET_010,2025-01-14T07:00:00.000000,-0.5665474102821803,solar_battery
ASSET_010,2025-01-14T07:30:00.000000,-0.6648242769647281,solar_battery
ASSET_010,2025-01-14T08:00:00.000000,-0.23111271648990234,solar_battery
ASSET_010,2025-01-14T08:30:00.000000,0.023356532926218643,solar_battery
ASSET_010,2025-01-14T09:00:00.000000,0.8691898273946734,solar_battery
ASSET_010,2025-01-14T09:30:00.000000,0.5869361734809084,solar_battery
ASSET_010,2025-01-14T10:00:00.000000,1.157989820478871,solar_battery
ASSET_010,2025-01-14T10:30:00.000000,1.3270070184400524,solar_battery
ASSET_010,2025-01-14T11:00:00.000000,1.6621343313333548,solar_battery
ASSET_010,2025-01-14T11:30:00.000000,1.2780809676720648,solar_battery
ASSET_010,2025-01-14T12:00:00.000000,1.939294245548874,solar_battery
ASSET_010,2025-01-14T12:30:00.000000,1.9705640214453164,solar_battery
ASSET_010,2025-01-14T13:00:00.000000,1.4212963135209724,solar_battery
ASSET_010,2025-01-14T13:30:00.000000,1.4947394305395496,solar_battery
ASSET_010,2025-01-14T14:00:00.000000,1.800925273416183,solar_battery
ASSET_010,2025-01-14T14:30:00.000000,1.4798186643598248,solar_battery
ASSET_010,2025-01-14T15:00:00.000000,0.6471522799338889,solar_battery
ASSET_010,2025-01-14T15:30:00.000000,0.8439754261864885,solar_battery
ASSET_010,2025-01-14T16:00:00.000000,0.6499589110939358,solar_battery
ASSET_010,2025-01-14T16:30:00.000000,0.4306773850670268,solar_battery
ASSET_010,2025-01-14T17:00:00.000000,0.03760365569027706,solar_battery
ASSET_010,2025-01-14T17:30:00.000000,0.14460045192708187,solar_battery
ASSET_010,2025-01-14T18:00:00.000000,-0.6490588950316651,solar_battery
ASSET_010,2025-01-14T18:30:00.000000,-1.0697089398946693,solar_battery
ASSET_010,2025-01-14T19:00:00.000000,-0.7528122202158174,solar_battery
ASSET_010,2025-01-14T19:30:00.000000,-0.6673198132244547,solar_battery
ASSET_010,2025-01-14T20:00:00.000000,-0.6959580582201703,solar_battery
ASSET_010,2025-01-14T20:30:00.000000,-0.9718512764521321,solar_battery
ASSET_010,2025-01-14T21:00:00.000000,-1.5590573611253895,solar_battery
ASSET_010,2025-01-14T21:30:00.000000,-0.9772699979471081,solar_battery
ASSET_010,2025-01-14T22:00:00.000000,-0.39838402692475006,solar_battery
ASSET_010,2025-01-14T22:30:00.000000,-0.6694561053045001,solar_battery
ASSET_010,2025-01-14T23:00:00.000000,-0.3036541576511842,solar_battery
ASSET_010,2025-01-14T23:30:00.000000,-0.5159942317170539,solar_battery
ASSET_011,2025-01-01T00:00:00.000000,-0.6636143894833318,solar_battery
ASSET_011,2025-01-01T00:30:00.000000,-0.5392686293105989,solar_battery
ASSET_011,2025-01-01T01:00:00.000000,-0.7976369492281455,solar_battery
ASSET_011,2025-01-01T01:30:00.000000,-1.475920233385641,solar_battery
ASSET_011,2025-01-01T02:00:00.000000,-1.0697933483528876,solar_battery
ASSET_011,2025-01-01T02:30:00.000000,-0.6626796734605152,solar_battery
ASSET_011,2025-01-01T03:00:00.000000,-1.2059539559795553,solar_battery
ASSET_011,2025-01-01T03:30:00.000000,-1.0657654356128297,solar_battery
ASSET_011,2025-01-01T04:00:00.000000,-1.3105683364720686,solar_battery
ASSET_011,2025-01-01T04:30:00.000000,-0.631666198286907,solar_battery
ASSET_011,2025-01-01T05:00:00.000000,-0.6862195581063968,solar_battery
ASSET_011,2025-01-01T05:30:00.000000,-1.3019062827204957,solar_battery
ASSET_011,2025-01-01T06:00:00.000000,-1.06464847990662,solar_battery
ASSET_011,2025-01-01T06:30:00.000000,-1.2633185714633715,solar_battery
ASSET_011,2025-01-01T07:00:00.000000,-0.295143421762888,solar_battery
ASSET_011,2025-01-01T07:30:00.000000,-0.3204061965922598,solar_battery
ASSET_011,2025-01-01T08:00:00.000000,0.38500171605185174,solar_battery
ASSET_011,2025-01-01T08:30:00.000000,0.26985280631456093,solar_battery
ASSET_011,2025-01-01T09:00:00.000000,1.4601324081436369,solar_battery
ASSET_011,2025-01-01T09:30:00.000000,0.5089332150078272,solar_battery
ASSET_011,2025-01-01T10:00:00.000000,0.8045187043963331,solar_battery
ASSET_011,2025-01-01T10:30:00.000000,1.1207218612927456,solar_battery
ASSET_011,2025-01-01T11:00:00.000000,1.16085166845745,solar_battery
ASSET_011,2025-01-01T11:30:00.000000,1.178977907390476,solar_battery
ASSET_011,2025-01-01T12:00:00.000000,1.459684482992488,solar_battery
ASSET_011,2025-01-01T12:30:00.000000,1.4786746626964093,solar_battery
ASSET_011,2025-01-01T13:00:00.000000,1.4633519347854123,solar_battery
ASSET_011,2025-01-01T13:30:00.000000,1.8168328273603254,solar_battery
ASSET_011,2025-01-01T14:00:00.000000,1.3935781348006162,solar_battery
ASSET_011,2025-01-01T14:30:00.000000,1.4719800114917017,solar_battery
ASSET_011,2025-01-01T15:00:00.000000,1.3945148532025575,solar_battery
ASSET_011,2025-01-01T15:30:00.000000,0.9959815813747908,solar_battery
ASSET_011,2025-01-01T16:00:00.000000,0.646316605446198,solar_battery
ASSET_011,2025-01-01T16:30:00.000000,0.797590017797631,solar_battery
ASSET_011,2025-01-01T17:00:00.000000,-0.3291509115058301,solar_battery
ASSET_011,2025-01-01T17:30:00.000000,-0.43555196150511677,solar_battery
ASSET_011,2025-01-01T18:00:00.000000,-0.9169318410885465,solar_battery
ASSET_011,2025-01-01T18:30:00.000000,-0.8819165726639444,solar_battery
ASSET_011,2025-01-01T19:00:00.000000,-0.514809419748701,solar_battery
ASSET_011,2025-01-01T19:30:00.000000,-0.9722794819052452,solar_battery
ASSET_011,2025-01-01T20:00:00.000000,-0.8434548467227257,solar_battery
ASSET_011,2025-01-01T20:30:00.000000,-1.0871058133253022,solar_battery
ASSET_011,2025-01-01T21:00:00.000000,-1.016533432463615,solar_battery
ASSET_011,2025-01-01T21:30:00.000000,-0.6877263236241477,solar_battery
ASSET_011,2025-01-01T22:00:00.000000,-1.1597582763501524,solar_battery
ASSET_011,2025-01-01T22:30:00.000000,-0.5507320981827966,solar_battery
ASSET_011,2025-01-01T23:00:00.000000,-0.20981347125067595,solar_battery
ASSET_011,2025-01-01T23:30:00.000000,-0.6546660738590017,solar_battery
ASSET_011,2025-01-02T00:00:00.000000,-0.40386248882411657,solar_battery
ASSET_011,2025-01-02T00:30:00.000000,-0.9510109158870662,solar_battery
ASSET_011,2025-01-02T01:00:00.000000,-0.8853371121300475,solar_battery
ASSET_011,2025-01-02T01:30:00.000000,-0.8695997849574952,solar_battery
ASSET_011,2025-01-02T02:00:00.000000,-1.482221859046105,solar_battery
ASSET_011,2025-01-02T02:30:00.000000,-1.230362678684048,solar_battery
ASSET_011,2025-01-02T03:00:00.000000,-1.275382053408121,solar_battery
ASSET_011,2025-01-02T03:30:00.000000,-0.8148361756281578,solar_battery
ASSET_011,2025-01-02T04:00:00.000000,-0.8504908757711583,solar_battery
ASSET_011,2025-01-02T04:30:00.000000,-0.9820388748857636,solar_battery
ASSET_011,2025-01-02T05:00:00.000000,-0.8919930526413512,solar_battery
ASSET_011,2025-01-02T05:30:00.000000,-1.1291736069399463,solar_battery
ASSET_011,2025-01-02T06:00:00.000000,-0.8115363993105098,solar_battery
ASSET_011,2025-01-02T06:30:00.000000,-1.0978907737683028,solar_battery
ASSET_011,2025-01-02T07:00:00.000000,-0.4288427637479971,solar_battery
ASSET_011,2025-01-02T07:30:00.000000,-0.5064723671133975,solar_battery
ASSET_011,2025-01-02T08:00:00.000000,0.3544604934974107,solar_battery
ASSET_011,2025-01-02T08:30:00.000000,0.08910466287756884,solar_battery
ASSET_011,2025-01-02T09:00:00.000000,0.9899784491379409,solar_battery
ASSET_011,2025-01-02T09:30:00.000000,0.483919124838563,solar_battery
ASSET_011,2025-01-02T10:00:00.000000,0.9513236083263299,solar_battery
ASSET_011,2025-01-02T10:30:00.000000,1.3800459306914574,solar_battery
ASSET_011,2025-01-02T11:00:00.000000,1.515918240691991,solar_battery
ASSET_011,2025-01-02T11:30:00.000000,1.4282349123151634,solar_battery
ASSET_011,2025-01-02T12:00:00.000000,1.9136138557941103,solar_battery
ASSET_011,2025-01-02T12:30:00.000000,1.5542572606193397,solar_battery
ASSET_011,2025-01-02T13:00:00.000000,1.644411978221338,solar_battery
ASSET_011,2025-01-02T13:30:00.000000,2.028274987270505,solar_battery
ASSET_011,2025-01-02T14:00:00.000000,1.884457672455653,solar_battery
ASSET_011,2025-01-02T14:30:00.000000,1.8924390799259754,solar_battery
ASSET_011,2025-01-02T15:00:00.000000,1.1121888008581944,solar_battery
ASSET_011,2025-01-02T15:30:00.000000,1.475267684518606,solar_battery
ASSET_011,2025-01-02T16:00:00.000000,0.48205894247084846,solar_battery
ASSET_011,2025-01-02T16:30:00.000000,0.4921509312020366,solar_battery
ASSET_011,2025-01-02T17:00:00.000000,-0.4272840439868236,solar_battery
ASSET_011,2025-01-02T17:30:00.000000,0.5383137290986701,solar_battery
ASSET_011,2025-01-02T18:00:00.000000,-1.2073551637782587,solar_battery
ASSET_011,2025-01-02T18:30:00.000000,-1.0303678191392944,solar_battery
ASSET_011,2025-01-02T19:00:00.000000,-1.2287000941760677,solar_battery
ASSET_011,2025-01-02T19:30:00.000000,-0.8433825925140458,solar_battery
ASSET_011,2025-01-02T20:00:00.000000,-1.1303444574368302,solar_battery
ASSET_011,2025-01-02T20:30:00.000000,-1.3533484325685763,solar_battery
ASSET_011,2025-01-02T21:00:00.000000,-0.9818689502393813,solar_battery
ASSET_011,2025-01-02T21:30:00.000000,-1.4319631715984906,solar_battery
ASSET_011,2025-01-02T22:00:00.000000,-0.8509773740757178,solar_battery
ASSET_011,2025-01-02T22:30:00.000000,-1.1556533875102593,solar_battery
ASSET_011,2025-01-02T23:00:00.000000,-1.0641042333966695,solar_battery
ASSET_011,2025-01-02T23:30:00.000000,-0.6795072857363291,solar_battery
ASSET_011,2025-01-03T00:00:00.000000,-1.271488649144702,solar_battery
ASSET_011,2025-01-03T00:30:00.000000,-1.1554749739092118,solar_battery
ASSET_011,2025-01-03T01:00:00.000000,-0.8782142534026302,solar_battery
ASSET_011,2025-01-03T01:30:00.000000,-1.008111368593089,solar_battery
ASSET_011,2025-01-03T02:00:00.000000,-0.47191120736976583,solar_battery
ASSET_011,2025-01-03T02:30:00.000000,-0.5098648289541499,solar_battery
ASSET_011,2025-01-03T03:00:00.000000,-1.2204334254162412,solar_battery
ASSET_011,2025-01-03T03:30:00.000000,-0.8784190059391287,solar_battery
ASSET_011,2025-01-03T04:00:00.000000,-0.8799798074842633,solar_battery
ASSET_011,2025-01-03T04:30:00.000000,-1.2032025470611885,solar_battery
ASSET_011,2025-01-03T05:00:00.000000,-1.4487077166462894,solar_battery
ASSET_011,2025-01-03T05:30:00.000000,-1.0927293757206544,solar_battery
ASSET_011,2025-01-03T06:00:00.000000,-1.1414829619553868,solar_battery
ASSET_011,2025-01-03T06:30:00.000000,-1.2045834792729486,solar_battery
ASSET_011,2025-01-03T07:00:00.000000,-0.33657408677094225,solar_battery
ASSET_011,2025-01-03T07:30:00.000000,-0.6229052408117624,solar_battery
ASSET_011,2025-01-03T08:00:00.000000,-0.08628703255432635,solar_battery
ASSET_011,2025-01-03T08:30:00.000000,0.21637229174862765,solar_battery
ASSET_011,2025-01-03T09:00:00.000000,0.8482677408269348,solar_battery
ASSET_011,2025-01-03T09:30:00.000000,0.4732401320743918,solar_battery
ASSET_011,2025-01-03T10:00:00.000000,1.4378052560989558,solar_battery
ASSET_011,2025-01-03T10:30:00.000000,0.7901480363948377,solar_battery
ASSET_011,2025-01-03T11:00:00.000000,1.3984216221001597,solar_battery
ASSET_011,2025-01-03T11:30:00.000000,1.4752468035044881,solar_battery
ASSET_011,2025-01-03T12:00:00.000000,1.5473063089635368,solar_battery
ASSET_011,2025-01-03T12:30:00.000000,1.5643854863477138,solar_battery
ASSET_011,2025-01-03T13:00:00.000000,2.141518155007374,solar_battery
ASSET_011,2025-01-03T13:30:00.000000,1.488248097884091,solar_battery
ASSET_011,2025-01-03T14:00:00.000000,2.100956722854356,solar_battery
ASSET_011,2025-01-03T14:30:00.000000,1.6199739365965493,solar_battery
ASSET_011,2025-01-03T15:00:00.000000,1.201992220277211,solar_battery
ASSET_011,2025-01-03T15:30:00.000000,1.294196672135373,solar_battery
ASSET_011,2025-01-03T16:00:00.000000,1.3169902809557996,solar_battery
ASSET_011,2025-01-03T16:30:00.000000,0.4713453001917837,solar_battery
ASSET_011,2025-01-03T17:00:00.000000,-0.13207493990171043,solar_battery
ASSET_011,2025-01-03T17:30:00.000000,-0.044342526534238064,solar_battery
ASSET_011,2025-01-03T18:00:00.000000,-0.9922856447285053,solar_battery
ASSET_011,2025-01-03T18:30:00.000000,-1.4141850699550176,solar_battery
ASSET_011,2025-01-03T19:00:00.000000,-1.0048608346768135,solar_battery
ASSET_011,2025-01-03T19:30:00.000000,-0.6037709400939983,solar_battery
ASSET_011,2025-01-03T20:00:00.000000,-1.003854605114722,solar_battery
ASSET_011,2025-01-03T20:30:00.000000,-1.110436889018735,solar_battery
ASSET_011,2025-01-03T21:00:00.000000,-1.2362264733281063,solar_battery
ASSET_011,2025-01-03T21:30:00.000000,-0.8722251565516603,solar_battery
ASSET_011,2025-01-03T22:00:00.000000,-0.8481998655771313,solar_battery
ASSET_011,2025-01-03T22:30:00.000000,-0.2068649790561804,solar_battery
ASSET_011,2025-01-03T23:00:00.000000,-0.2583479470177981,solar_battery
ASSET_011,2025-01-03T23:30:00.000000,-0.6607340947904148,solar_battery
ASSET_011,2025-01-04T00:00:00.000000,-0.6827636211383948,solar_battery
ASSET_011,2025-01-04T00:30:00.000000,-0.4326416460220258,solar_battery
ASSET_011,2025-01-04T01:00:00.000000,-0.4832472159665848,solar_battery
ASSET_011,2025-01-04T01:30:00.000000,-0.9394368719554025,solar_battery
ASSET_011,2025-01-04T02:00:00.000000,-0.9338732319528085,solar_battery
ASSET_011,2025-01-04T02:30:00.000000,-1.1248633843239908,solar_battery
ASSET_011,2025-01-04T03:00:00.000000,-0.762136644002396,solar_battery
ASSET_011,2025-01-04T03:30:00.000000,-0.7003215371729159,solar_battery
ASSET_011,2025-01-04T04:00:00.000000,-1.2248186310517373,solar_battery
ASSET_011,2025-01-04T04:30:00.000000,-1.01008421512091,solar_battery
ASSET_011,2025-01-04T05:00:00.000000,-1.2496520259232362,solar_battery
ASSET_011,2025-01-04T05:30:00.000000,-1.1420230401622335,solar_battery
ASSET_011,2025-01-04T06:00:00.000000,-0.8027559055456882,solar_battery
ASSET_011,2025-01-04T06:30:00.000000,-1.1110356960027872,solar_battery
ASSET_011,2025-01-04T07:00:00.000000,-0.3514617023951623,solar_battery
ASSET_011,2025-01-04T07:30:00.000000,-0.6698182876547663,solar_battery
ASSET_011,2025-01-04T08:00:00.000000,0.39404117236888725,solar_battery
ASSET_011,2025-01-04T08:30:00.000000,0.33853792527225207,solar_battery
ASSET_011,2025-01-04T09:00:00.000000,0.7325045037558403,solar_battery
ASSET_011,2025-01-04T09:30:00.000000,0.8620912923200054,solar_battery
ASSET_011,2025-01-04T10:00:00.000000,1.400834280781923,solar_battery
ASSET_011,2025-01-04T10:30:00.000000,1.1619951537228537,solar_battery
ASSET_011,2025-01-04T11:00:00.000000,1.3145126986611007,solar_battery
ASSET_011,2025-01-04T11:30:00.000000,2.102153573066363,solar_battery
ASSET_011,2025-01-04T12:00:00.000000,1.6680145508695343,solar_battery
ASSET_011,2025-01-04T12:30:00.000000,1.7967775752351465,solar_battery
ASSET_011,2025-01-04T13:00:00.000000,2.0434149586286887,solar_battery
ASSET_011,2025-01-04T13:30:00.000000,2.6477866672407298,solar_battery
ASSET_011,2025-01-04T14:00:00.000000,1.313886761487769,solar_battery
ASSET_011,2025-01-04T14:30:00.000000,1.7205220407554591,solar_battery
ASSET_011,2025-01-04T15:00:00.000000,1.098266633698353,solar_battery
ASSET_011,2025-01-04T15:30:00.000000,1.1387695090705279,solar_battery
ASSET_011,2025-01-04T16:00:00.000000,0.6179855929234019,solar_battery
ASSET_011,2025-01-04T16:30:00.000000,0.5206792856928912,solar_battery
ASSET_011,2025-01-04T17:00:00.000000,0.2034487716316962,solar_battery
ASSET_011,2025-01-04T17:30:00.000000,-0.14052194643156163,solar_battery
ASSET_011,2025-01-04T18:00:00.000000,-0.6977661840371512,solar_battery
ASSET_011,2025-01-04T18:30:00.000000,-0.9117992953519901,solar_battery
ASSET_011,2025-01-04T19:00:00.000000,-0.8323045207999421,solar_battery
ASSET_011,2025-01-04T19:30:00.000000,-1.0455741811633812,solar_battery
ASSET_011,2025-01-04T20:00:00.000000,-1.0472924662457879,solar_battery
ASSET_011,2025-01-04T20:30:00.000000,-0.8901481847948095,solar_battery
ASSET_011,2025-01-04T21:00:00.000000,-1.2790599225748285,solar_battery
ASSET_011,2025-01-04T21:30:00.000000,-1.0856054750566309,solar_battery
ASSET_011,2025-01-04T22:00:00.000000,-0.7588072433308288,solar_battery
ASSET_011,2025-01-04T22:30:00.000000,-0.7662365145418433,solar_battery
ASSET_011,2025-01-04T23:00:00.000000,-1.1203623212490113,solar_battery
ASSET_011,2025-01-04T23:30:00.000000,-0.29256276202365733,solar_battery
ASSET_011,2025-01-05T00:00:00.000000,-0.8447693007569046,solar_battery
ASSET_011,2025-01-05T00:30:00.000000,-0.400789746760748,solar_battery
ASSET_011,2025-01-05T01:00:00.000000,-0.4894886993665127,solar_battery
ASSET_011,2025-01-05T01:30:00.000000,-1.0546387860651012,solar_battery
ASSET_011,2025-01-05T02:00:00.000000,-1.068718696561483,solar_battery
ASSET_011,2025-01-05T02:30:00.000000,-0.19297928975463585,solar_battery
ASSET_011,2025-01-05T03:00:00.000000,-0.44009000314005525,solar_battery
ASSET_011,2025-01-05T03:30:00.000000,-0.8678766724013147,solar_battery
ASSET_011,2025-01-05T04:00:00.000000,-0.8390669324248679,solar_battery
ASSET_011,2025-01-05T04:30:00.000000,-1.0522396146723572,solar_battery
ASSET_011,2025-01-05T05:00:00.000000,-0.8225464342956309,solar_battery
ASSET_011,2025-01-05T05:30:00.000000,-1.0984347418771057,solar_battery
ASSET_011,2025-01-05T06:00:00.000000,-1.4227649034316123,solar_battery
ASSET_011,2025-01-05T06:30:00.000000,-1.2521733887626523,solar_battery
ASSET_011,2025-01-05T07:00:00.000000,-0.27420121346326964,solar_battery
ASSET_011,2025-01-05T07:30:00.000000,-0.5507196094680317,solar_battery
ASSET_011,2025-01-05T08:00:00.000000,0.3330169304557195,solar_battery
ASSET_011,2025-01-05T08:30:00.000000,0.09124487257108066,solar_battery
ASSET_011,2025-01-05T09:00:00.000000,0.7196897823633208,solar_battery
ASSET_011,2025-01-05T09:30:00.000000,1.1122143973029652,solar_battery
ASSET_011,2025-01-05T10:00:00.000000,1.4169588408947213,solar_battery
ASSET_011,2025-01-05T10:30:00.000000,1.355244048345893,solar_battery
ASSET_011,2025-01-05T11:00:00.000000,1.879767062758484,solar_battery
ASSET_011,2025-01-05T11:30:00.000000,1.784161771624891,solar_battery
ASSET_011,2025-01-05T12:00:00.000000,2.167175189900328,solar_battery
ASSET_011,2025-01-05T12:30:00.000000,1.7096337770443661,solar_battery
ASSET_011,2025-01-05T13:00:00.000000,1.6977010273772113,solar_battery
ASSET_011,2025-01-05T13:30:00.000000,1.4885471982898906,solar_battery
ASSET_011,2025-01-05T14:00:00.000000,1.509608137291716,solar_battery
ASSET_011,2025-01-05T14:30:00.000000,1.8441082840936838,solar_battery
ASSET_011,2025-01-05T15:00:00.000000,1.5800761515118507,solar_battery
ASSET_011,2025-01-05T15:30:00.000000,1.4985524225097389,solar_battery
ASSET_011,2025-01-05T16:00:00.000000,0.36023042999316685,solar_battery
ASSET_011,2025-01-05T16:30:00.000000,1.0507913290036077,solar_battery
ASSET_011,2025-01-05T17:00:00.000000,-0.22788577112528202,solar_battery
ASSET_011,2025-01-05T17:30:00.000000,0.4289068562493783,solar_battery
ASSET_011,2025-01-05T18:00:00.000000,-1.0132682863770532,solar_battery
ASSET_011,2025-01-05T18:30:00.000000,-0.7563920046558748,solar_battery
ASSET_011,2025-01-05T19:00:00.000000,-1.2534765177909835,solar_battery
ASSET_011,2025-01-05T19:30:00.000000,-0.6526086824468125,solar_battery
ASSET_011,2025-01-05T20:00:00.000000,-1.3107574611001416,solar_battery
ASSET_011,2025-01-05T20:30:00.000000,-1.1195927006397308,solar_battery
ASSET_011,2025-01-05T21:00:00.000000,-1.2392304814619988,solar_battery
ASSET_011,2025-01-05T21:30:00.000000,-1.42071613547483,solar_battery
ASSET_011,2025-01-05T22:00:00.000000,-0.5298133837787675,solar_battery
ASSET_011,2025-01-05T22:30:00.000000,-0.11903861171912916,solar_battery
ASSET_011,2025-01-05T23:00:00.000000,0.02605610985794482,solar_battery
ASSET_011,2025-01-05T23:30:00.000000,-0.5906837545981578,solar_battery
ASSET_011,2025-01-06T00:00:00.000000,-0.5319964939837947,solar_battery
ASSET_011,2025-01-06T00:30:00.000000,-0.7442972868971511,solar_battery
ASSET_011,2025-01-06T01:00:00.000000,-0.7579137467863852,solar_battery
ASSET_011,2025-01-06T01:30:00.000000,-0.9597613898012936,solar_battery
ASSET_011,2025-01-06T02:00:00.000000,-0.9031815378985755,solar_battery
ASSET_011,2025-01-06T02:30:00.000000,-0.8210051108944572,solar_battery
ASSET_011,2025-01-06T03:00:00.000000,-1.1509623692862838,solar_battery
ASSET_011,2025-01-06T03:30:00.000000,-1.0307306663302813,solar_battery
ASSET_011,2025-01-06T04:00:00.000000,-1.0738308496947286,solar_battery
ASSET_011,2025-01-06T04:30:00.000000,-0.8614708249760057,solar_battery
ASSET_011,2025-01-06T05:00:00.000000,-1.345625469077364,solar_battery
ASSET_011,2025-01-06T05:30:00.000000,-1.1021478779525569,solar_battery
ASSET_011,2025-01-06T06:00:00.000000,-0.6411186874273527,solar_battery
ASSET_011,2025-01-06T06:30:00.000000,-0.8206255633793751,solar_battery
ASSET_011,2025-01-06T07:00:00.000000,-0.11892716339712944,solar_battery
ASSET_011,2025-01-06T07:30:00.000000,-0.4368664934876905,solar_battery
ASSET_011,2025-01-06T08:00:00.000000,0.26723179414931353,solar_battery
ASSET_011,2025-01-06T08:30:00.000000,0.4307290588733701,solar_battery
ASSET_011,2025-01-06T09:00:00.000000,1.1300962456978279,solar_battery
ASSET_011,2025-01-06T09:30:00.000000,0.28725021951851176,solar_battery
ASSET_011,2025-01-06T10:00:00.000000,0.8993575957691335,solar_battery
ASSET_011,2025-01-06T10:30:00.000000,1.5293300937977319,solar_battery
ASSET_011,2025-01-06T11:00:00.000000,1.4707154068074013,solar_battery
ASSET_011,2025-01-06T11:30:00.000000,1.3759558627699757,solar_battery
ASSET_011,2025-01-06T12:00:00.000000,1.3990013631210552,solar_battery
ASSET_011,2025-01-06T12:30:00.000000,1.5667959916294136,solar_battery
ASSET_011,2025-01-06T13:00:00.000000,1.3558916512317087,solar_battery
ASSET_011,2025-01-06T13:30:00.000000,2.194322904709221,solar_battery
ASSET_011,2025-01-06T14:00:00.000000,1.5096788569857593,solar_battery
ASSET_011,2025-01-06T14:30:00.000000,1.5011553794380448,solar_battery
ASSET_011,2025-01-06T15:00:00.000000,1.3210373893626128,solar_battery
ASSET_011,2025-01-06T15:30:00.000000,1.4108618279463099,solar_battery
ASSET_011,2025-01-06T16:00:00.000000,0.9368207787084447,solar_battery
ASSET_011,2025-01-06T16:30:00.000000,0.9674768876731484,solar_battery
ASSET_011,2025-01-06T17:00:00.000000,-0.014577571546782547,solar_battery
ASSET_011,2025-01-06T17:30:00.000000,0.06533732745337628,solar_battery
ASSET_011,2025-01-06T18:00:00.000000,-0.8154324026938539,solar_battery
ASSET_011,2025-01-06T18:30:00.000000,-1.1265733747935087,solar_battery
ASSET_011,2025-01-06T19:00:00.000000,-1.0114478437998136,solar_battery
ASSET_011,2025-01-06T19:30:00.000000,-0.9145189486513241,solar_battery
ASSET_011,2025-01-06T20:00:00.000000,-0.8517479591101782,solar_battery
ASSET_011,2025-01-06T20:30:00.000000,-1.4668358098335168,solar_battery
ASSET_011,2025-01-06T21:00:00.000000,-0.916329009670689,solar_battery
ASSET_011,2025-01-06T21:30:00.000000,-1.1439617395284498,solar_battery
ASSET_011,2025-01-06T22:00:00.000000,-0.48021014939254847,solar_battery
ASSET_011,2025-01-06T22:30:00.000000,-0.463536393834841,solar_battery
ASSET_011,2025-01-06T23:00:00.000000,-0.33645467180064603,solar_battery
ASSET_011,2025-01-06T23:30:00.000000,-0.3975254110401551,solar_battery
ASSET_011,2025-01-07T00:00:00.000000,-0.47682280097352897,solar_battery
ASSET_011,2025-01-07T00:30:00.000000,-0.45351912340010286,solar_battery
ASSET_011,2025-01-07T01:00:00.000000,-0.8077147571749292,solar_battery
ASSET_011,2025-01-07T01:30:00.000000,-0.8699212926419148,solar_battery
ASSET_011,2025-01-07T02:00:00.000000,-0.7405239000371997,solar_battery
ASSET_011,2025-01-07T02:30:00.000000,-0.7743005716560746,solar_battery
ASSET_011,2025-01-07T03:00:00.000000,-1.0863079311731467,solar_battery
ASSET_011,2025-01-07T03:30:00.000000,-0.91497441624198,solar_battery
ASSET_011,2025-01-07T04:00:00.000000,-1.0682307731636342,solar_battery
ASSET_011,2025-01-07T04:30:00.000000,-1.264751519165745,solar_battery
ASSET_011,2025-01-07T05:00:00.000000,-0.7800671699563966,solar_battery
ASSET_011,2025-01-07T05:30:00.000000,-1.0765299296794992,solar_battery
ASSET_011,2025-01-07T06:00:00.000000,-0.6083100181522759,solar_battery
ASSET_011,2025-01-07T06:30:00.000000,-1.49011814484796,solar_battery
ASSET_011,2025-01-07T07:00:00.000000,-0.5763570406128267,solar_battery
ASSET_011,2025-01-07T07:30:00.000000,-0.4348968143246096,solar_battery
ASSET_011,2025-01-07T08:00:00.000000,0.46316384229560736,solar_battery
ASSET_011,2025-01-07T08:30:00.000000,0.28606502828919245,solar_battery
ASSET_011,2025-01-07T09:00:00.000000,0.8301483796137848,solar_battery
ASSET_011,2025-01-07T09:30:00.000000,0.4850916083974093,solar_battery
ASSET_011,2025-01-07T10:00:00.000000,0.9373975741260233,solar_battery
ASSET_011,2025-01-07T10:30:00.000000,1.2924646279306735,solar_battery
ASSET_011,2025-01-07T11:00:00.000000,1.2097834136755083,solar_battery
ASSET_011,2025-01-07T11:30:00.000000,1.4095181921224753,solar_battery
ASSET_011,2025-01-07T12:00:00.000000,1.8202201589806057,solar_battery
ASSET_011,2025-01-07T12:30:00.000000,1.4642421746535739,solar_battery
ASSET_011,2025-01-07T13:00:00.000000,2.07774571022026,solar_battery
ASSET_011,2025-01-07T13:30:00.000000,1.9862050018705202,solar_battery
ASSET_011,2025-01-07T14:00:00.000000,1.1379227098599047,solar_battery
ASSET_011,2025-01-07T14:30:00.000000,1.29129441109742,solar_battery
ASSET_011,2025-01-07T15:00:00.000000,0.6313124486435452,solar_battery
ASSET_011,2025-01-07T15:30:00.000000,0.9920770603107811,solar_battery
ASSET_011,2025-01-07T16:00:00.000000,0.8937408555127071,solar_battery
ASSET_011,2025-01-07T16:30:00.000000,0.6104728349893656,solar_battery
ASSET_011,2025-01-07T17:00:00.000000,0.24741669911085518,solar_battery
ASSET_011,2025-01-07T17:30:00.000000,-0.22853487574459563,solar_battery
ASSET_011,2025-01-07T18:00:00.000000,-0.8084859389003427,solar_battery
ASSET_011,2025-01-07T18:30:00.000000,-1.133226214702804,solar_battery
ASSET_011,2025-01-07T19:00:00.000000,-1.0073015283653823,solar_battery
ASSET_011,2025-01-07T19:30:00.000000,-1.032512132447612,solar_battery
ASSET_011,2025-01-07T20:00:00.000000,-1.3453640238788167,solar_battery
ASSET_011,2025-01-07T20:30:00.000000,-1.3169326184822163,solar_battery
ASSET_011,2025-01-07T21:00:00.000000,-0.8555972930832135,solar_battery
ASSET_011,2025-01-07T21:30:00.000000,-0.9921098478436288,solar_battery
ASSET_011,2025-01-07T22:00:00.000000,-0.39798823002717754,solar_battery
ASSET_011,2025-01-07T22:30:00.000000,-0.5720820234793955,solar_battery
ASSET_011,2025-01-07T23:00:00.000000,-0.6880365341150319,solar_battery
ASSET_011,2025-01-07T23:30:00.000000,-1.1365968349492679,solar_battery
ASSET_011,2025-01-08T00:00:00.000000,-0.8648880072226808,solar_battery
ASSET_011,2025-01-08T00:30:00.000000,-0.8065722368968986,solar_battery
ASSET_011,2025-01-08T01:00:00.000000,-0.4088999859453385,solar_battery
ASSET_011,2025-01-08T01:30:00.000000,-0.7127761218270737,solar_battery
ASSET_011,2025-01-08T02:00:00.000000,-0.5813453163897131,solar_battery
ASSET_011,2025-01-08T02:30:00.000000,-0.8065909505852652,solar_battery
ASSET_011,2025-01-08T03:00:00.000000,-1.1828448088238392,solar_battery
ASSET_011,2025-01-08T03:30:00.000000,-0.98402222248,solar_battery
ASSET_011,2025-01-08T04:00:00.000000,-1.0031139460319156,solar_battery
ASSET_011,2025-01-08T04:30:00.000000,-1.285204957880295,solar_battery
ASSET_011,2025-01-08T05:00:00.000000,-1.1820307182690217,solar_battery
ASSET_011,2025-01-08T05:30:00.000000,-1.1391618263692418,solar_battery
ASSET_011,2025-01-08T06:00:00.000000,-0.7146512401843718,solar_battery
ASSET_011,2025-01-08T06:30:00.000000,-1.5993777260938349,solar_battery
ASSET_011,2025-01-08T07:00:00.000000,-0.15333371415856833,solar_battery
ASSET_011,2025-01-08T07:30:00.000000,-0.6675609915206706,solar_battery
ASSET_011,2025-01-08T08:00:00.000000,-0.13910662608003938,solar_battery
ASSET_011,2025-01-08T08:30:00.000000,0.47337849007389937,solar_battery
ASSET_011,2025-01-08T09:00:00.000000,0.931290455226656,solar_battery
ASSET_011,2025-01-08T09:30:00.000000,1.0567194071818902,solar_battery
ASSET_011,2025-01-08T10:00:00.000000,1.407231976872035,solar_battery
ASSET_011,2025-01-08T10:30:00.000000,1.7094263098780729,solar_battery
ASSET_011,2025-01-08T11:00:00.000000,1.6712625730585908,solar_battery
ASSET_011,2025-01-08T11:30:00.000000,1.4996142819223561,solar_battery
ASSET_011,2025-01-08T12:00:00.000000,1.7823023305571222,solar_battery
ASSET_011,2025-01-08T12:30:00.000000,1.9984325908030312,solar_battery
ASSET_011,2025-01-08T13:00:00.000000,1.5054102011909987,solar_battery
ASSET_011,2025-01-08T13:30:00.000000,1.5360070194458952,solar_battery
ASSET_011,2025-01-08T14:00:00.000000,1.4409131059575992,solar_battery
ASSET_011,2025-01-08T14:30:00.000000,1.009963637757417,solar_battery
ASSET_011,2025-01-08T15:00:00.000000,1.2130378053425444,solar_battery
ASSET_011,2025-01-08T15:30:00.000000,0.7272280983740869,solar_battery
ASSET_011,2025-01-08T16:00:00.000000,0.7225418562391598,solar_battery
ASSET_011,2025-01-08T16:30:00.000000,0.9174771626077912,solar_battery
ASSET_011,2025-01-08T17:00:00.000000,0.02237501008850243,solar_battery
ASSET_011,2025-01-08T17:30:00.000000,0.539333169487872,solar_battery
ASSET_011,2025-01-08T18:00:00.000000,-1.350520215860437,solar_battery
ASSET_011,2025-01-08T18:30:00.000000,-0.7140974364083602,solar_battery
ASSET_011,2025-01-08T19:00:00.000000,-0.8481893585756186,solar_battery
ASSET_011,2025-01-08T19:30:00.000000,-1.4220702317078449,solar_battery
ASSET_011,2025-01-08T20:00:00.000000,-0.38960174709494066,solar_battery
ASSET_011,2025-01-08T20:30:00.000000,-1.0554912473856204,solar_battery
ASSET_011,2025-01-08T21:00:00.000000,-1.2984641309613874,solar_battery
ASSET_011,2025-01-08T21:30:00.000000,-1.4255688923921999,solar_battery
ASSET_011,2025-01-08T22:00:00.000000,-0.7028043266383217,solar_battery
ASSET_011,2025-01-08T22:30:00.000000,-0.6805776493735902,solar_battery
ASSET_011,2025-01-08T23:00:00.000000,-0.6977193596197243,solar_battery
ASSET_011,2025-01-08T23:30:00.000000,-0.7938253639629943,solar_battery
ASSET_011,2025-01-09T00:00:00.000000,-0.6480259255723776,solar_battery
ASSET_011,2025-01-09T00:30:00.000000,-0.8930311598391791,solar_battery
ASSET_011,2025-01-09T01:00:00.000000,-1.3420371016684693,solar_battery
ASSET_011,2025-01-09T01:30:00.000000,-0.9134924724866702,solar_battery
ASSET_011,2025-01-09T02:00:00.000000,-1.5181946368095867,solar_battery
ASSET_011,2025-01-09T02:30:00.000000,-0.8650950485860665,solar_battery
ASSET_011,2025-01-09T03:00:00.000000,-1.2471640896237968,solar_battery
ASSET_011,2025-01-09T03:30:00.000000,-0.9729255491761722,solar_battery
ASSET_011,2025-01-09T04:00:00.000000,-0.7444296255694265,solar_battery
ASSET_011,2025-01-09T04:30:00.000000,-1.2875073079996515,solar_battery
ASSET_011,2025-01-09T05:00:00.000000,-0.8350762458438122,solar_battery
ASSET_011,2025-01-09T05:30:00.000000,-1.1937912438913973,solar_battery
ASSET_011,2025-01-09T06:00:00.000000,-0.6792332475042596,solar_battery
ASSET_011,2025-01-09T06:30:00.000000,-1.1876366271675713,solar_battery
ASSET_011,2025-01-09T07:00:00.000000,-0.6444484516520246,solar_battery
ASSET_011,2025-01-09T07:30:00.000000,-0.2777929070355495,solar_battery
ASSET_011,2025-01-09T08:00:00.000000,0.08560284375499538,solar_battery
ASSET_011,2025-01-09T08:30:00.000000,-0.011755504526294036,solar_battery
ASSET_011,2025-01-09T09:00:00.000000,0.6409533544414947,solar_battery
ASSET_011,2025-01-09T09:30:00.000000,0.7449293508864843,solar_battery
ASSET_011,2025-01-09T10:00:00.000000,1.5371867409598614,solar_battery
ASSET_011,2025-01-09T10:30:00.000000,0.7508824505507979,solar_battery
ASSET_011,2025-01-09T11:00:00.000000,1.5427082103400152,solar_battery
ASSET_011,2025-01-09T11:30:00.000000,1.6871457149088847,solar_battery
ASSET_011,2025-01-09T12:00:00.000000,1.7464276579980311,solar_battery
ASSET_011,2025-01-09T12:30:00.000000,2.014367640664048,solar_battery
ASSET_011,2025-01-09T13:00:00.000000,1.674617400111381,solar_battery
ASSET_011,2025-01-09T13:30:00.000000,1.6481679331288,solar_battery
ASSET_011,2025-01-09T14:00:00.000000,1.6572226007442994,solar_battery
ASSET_011,2025-01-09T14:30:00.000000,1.5388988250494209,solar_battery
ASSET_011,2025-01-09T15:00:00.000000,1.0862008901350202,solar_battery
ASSET_011,2025-01-09T15:30:00.000000,1.3037735568230642,solar_battery
ASSET_011,2025-01-09T16:00:00.000000,0.5532008307633364,solar_battery
ASSET_011,2025-01-09T16:30:00.000000,0.5631251046506928,solar_battery
ASSET_011,2025-01-09T17:00:00.000000,0.010106795419275727,solar_battery
ASSET_011,2025-01-09T17:30:00.000000,0.4615619590829607,solar_battery
ASSET_011,2025-01-09T18:00:00.000000,-1.7730439254365713,solar_battery
ASSET_011,2025-01-09T18:30:00.000000,-0.9050562796568938,solar_battery
ASSET_011,2025-01-09T19:00:00.000000,-1.0019970167052261,solar_battery
ASSET_011,2025-01-09T19:30:00.000000,-1.4136311623304283,solar_battery
ASSET_011,2025-01-09T20:00:00.000000,-0.965857951872028,solar_battery
ASSET_011,2025-01-09T20:30:00.000000,-0.9260119008251009,solar_battery
ASSET_011,2025-01-09T21:00:00.000000,-0.9463545501182598,solar_battery
ASSET_011,2025-01-09T21:30:00.000000,-1.7243067007748234,solar_battery
ASSET_011,2025-01-09T22:00:00.000000,-0.3220665411549347,solar_battery
ASSET_011,2025-01-09T22:30:00.000000,-0.8270568091243617,solar_battery
ASSET_011,2025-01-09T23:00:00.000000,-0.5575780272484816,solar_battery
ASSET_011,2025-01-09T23:30:00.000000,-0.5444965791054952,solar_battery
ASSET_011,2025-01-10T00:00:00.000000,-1.0104073005486303,solar_battery
ASSET_011,2025-01-10T00:30:00.000000,-0.641489611435628,solar_battery
ASSET_011,2025-01-10T01:00:00.000000,-0.9701640913497223,solar_battery
ASSET_011,2025-01-10T01:30:00.000000,-1.374776236571914,solar_battery
ASSET_011,2025-01-10T02:00:00.000000,-0.669741937873333,solar_battery
ASSET_011,2025-01-10T02:30:00.000000,-1.1360107911238975,solar_battery
ASSET_011,2025-01-10T03:00:00.000000,-1.2172104654130973,solar_battery
ASSET_011,2025-01-10T03:30:00.000000,-1.1088678426847776,solar_battery
ASSET_011,2025-01-10T04:00:00.000000,-0.9944708070567584,solar_battery
ASSET_011,2025-01-10T04:30:00.000000,-1.073552519732636,solar_battery
ASSET_011,2025-01-10T05:00:00.000000,-0.9582416859569997,solar_battery
ASSET_011,2025-01-10T05:30:00.000000,-1.4112551958535986,solar_battery
ASSET_011,2025-01-10T06:00:00.000000,-1.2781727289033764,solar_battery
ASSET_011,2025-01-10T06:30:00.000000,-1.127839297357168,solar_battery
ASSET_011,2025-01-10T07:00:00.000000,0.012762815107670633,solar_battery
ASSET_011,2025-01-10T07:30:00.000000,-0.4700451443497206,solar_battery
ASSET_011,2025-01-10T08:00:00.000000,0.45064572214345955,solar_battery
ASSET_011,2025-01-10T08:30:00.000000,0.19944561937290425,solar_battery
ASSET_011,2025-01-10T09:00:00.000000,0.6395568456253882,solar_battery
ASSET_011,2025-01-10T09:30:00.000000,0.6964210568229389,solar_battery
ASSET_011,2025-01-10T10:00:00.000000,1.1746427785741649,solar_battery
ASSET_011,2025-01-10T10:30:00.000000,1.3599384868116737,solar_battery
ASSET_011,2025-01-10T11:00:00.000000,1.8670755564102874,solar_battery
ASSET_011,2025-01-10T11:30:00.000000,1.6234922556366314,solar_battery
ASSET_011,2025-01-10T12:00:00.000000,1.9848986428980213,solar_battery
ASSET_011,2025-01-10T12:30:00.000000,1.4684504629688755,solar_battery
ASSET_011,2025-01-10T13:00:00.000000,1.5929489571380593,solar_battery
ASSET_011,2025-01-10T13:30:00.000000,1.5186276710435866,solar_battery
ASSET_011,2025-01-10T14:00:00.000000,1.5905302112710615,solar_battery
ASSET_011,2025-01-10T14:30:00.000000,1.4289134970180377,solar_battery
ASSET_011,2025-01-10T15:00:00.000000,1.35504449221054,solar_battery
ASSET_011,2025-01-10T15:30:00.000000,0.9564585765305471,solar_battery
ASSET_011,2025-01-10T16:00:00.000000,0.7201350547324388,solar_battery
ASSET_011,2025-01-10T16:30:00.000000,0.8746535197782728,solar_battery
ASSET_011,2025-01-10T17:00:00.000000,-0.3588473053667235,solar_battery
ASSET_011,2025-01-10T17:30:00.000000,0.6460168744022717,solar_battery
ASSET_011,2025-01-10T18:00:00.000000,-1.0679564523711702,solar_battery
ASSET_011,2025-01-10T18:30:00.000000,-1.4860095792822814,solar_battery
ASSET_011,2025-01-10T19:00:00.000000,-0.9722797164548509,solar_battery
ASSET_011,2025-01-10T19:30:00.000000,-1.0021958197997234,solar_battery
ASSET_011,2025-01-10T20:00:00.000000,-1.0598470299620668,solar_battery
ASSET_011,2025-01-10T20:30:00.000000,-0.8023065117622686,solar_battery
ASSET_011,2025-01-10T21:00:00.000000,-0.9084811725015424,solar_battery
ASSET_011,2025-01-10T21:30:00.000000,-1.0163776797983128,solar_battery
ASSET_011,2025-01-10T22:00:00.000000,-0.5419626478528045,solar_battery
ASSET_011,2025-01-10T22:30:00.000000,-0.6750460278651407,solar_battery
ASSET_011,2025-01-10T23:00:00.000000,-0.29623648265163227,solar_battery
ASSET_011,2025-01-10T23:30:00.000000,-1.0773613308751078,solar_battery
ASSET_011,2025-01-11T00:00:00.000000,-0.6464835981881849,solar_battery
ASSET_011,2025-01-11T00:30:00.000000,-0.6643940885146928,solar_battery
ASSET_011,2025-01-11T01:00:00.000000,-0.5508115590456405,solar_battery
ASSET_011,2025-01-11T01:30:00.000000,-0.9485237870831187,solar_battery
ASSET_011,2025-01-11T02:00:00.000000,-1.2259814245751686,solar_battery
ASSET_011,2025-01-11T02:30:00.000000,-0.7698624761364337,solar_battery
ASSET_011,2025-01-11T03:00:00.000000,-0.7928169110701047,solar_battery
ASSET_011,2025-01-11T03:30:00.000000,-0.5028083709351339,solar_battery
ASSET_011,2025-01-11T04:00:00.000000,-1.2057233690830524,solar_battery
ASSET_011,2025-01-11T04:30:00.000000,-0.623709973953019,solar_battery
ASSET_011,2025-01-11T05:00:00.000000,-0.3581316383372033,solar_battery
ASSET_011,2025-01-11T05:30:00.000000,-1.0169746587091069,solar_battery
ASSET_011,2025-01-11T06:00:00.000000,-1.2448261326783738,solar_battery
ASSET_011,2025-01-11T06:30:00.000000,-1.0326738479296091,solar_battery
ASSET_011,2025-01-11T07:00:00.000000,-0.2759022807782792,solar_battery
ASSET_011,2025-01-11T07:30:00.000000,-0.1439543829457511,solar_battery
ASSET_011,2025-01-11T08:00:00.000000,0.20722878687383645,solar_battery
ASSET_011,2025-01-11T08:30:00.000000,0.7224111702303299,solar_battery
ASSET_011,2025-01-11T09:00:00.000000,0.6399669681618644,solar_battery
ASSET_011,2025-01-11T09:30:00.000000,0.4900454872423272,solar_battery
ASSET_011,2025-01-11T10:00:00.000000,1.6231740112900526,solar_battery
ASSET_011,2025-01-11T10:30:00.000000,0.8116544619716084,solar_battery
ASSET_011,2025-01-11T11:00:00.000000,1.6198245646920757,solar_battery
ASSET_011,2025-01-11T11:30:00.000000,2.417059180231459,solar_battery
ASSET_011,2025-01-11T12:00:00.000000,1.8171095472896164,solar_battery
ASSET_011,2025-01-11T12:30:00.000000,1.5510157638329,solar_battery
ASSET_011,2025-01-11T13:00:00.000000,1.787038030914983,solar_battery
ASSET_011,2025-01-11T13:30:00.000000,1.7886212329551254,solar_battery
ASSET_011,2025-01-11T14:00:00.000000,1.6511194951458448,solar_battery
ASSET_011,2025-01-11T14:30:00.000000,1.7715066251794056,solar_battery
ASSET_011,2025-01-11T15:00:00.000000,1.0186925017606812,solar_battery
ASSET_011,2025-01-11T15:30:00.000000,1.673090715425769,solar_battery
ASSET_011,2025-01-11T16:00:00.000000,0.8496639062144599,solar_battery
ASSET_011,2025-01-11T16:30:00.000000,0.9652670491014644,solar_battery
ASSET_011,2025-01-11T17:00:00.000000,0.06260284251866072,solar_battery
ASSET_011,2025-01-11T17:30:00.000000,0.522090411338943,solar_battery
ASSET_011,2025-01-11T18:00:00.000000,-0.9866925781151356,solar_battery
ASSET_011,2025-01-11T18:30:00.000000,-0.8583873967615524,solar_battery
ASSET_011,2025-01-11T19:00:00.000000,-1.1576343728211937,solar_battery
ASSET_011,2025-01-11T19:30:00.000000,-1.172952504632798,solar_battery
ASSET_011,2025-01-11T20:00:00.000000,-0.7939942484862764,solar_battery
ASSET_011,2025-01-11T20:30:00.000000,-1.0656291612847408,solar_battery
ASSET_011,2025-01-11T21:00:00.000000,-1.2046053117984807,solar_battery
ASSET_011,2025-01-11T21:30:00.000000,-1.1540517728839177,solar_battery
ASSET_011,2025-01-11T22:00:00.000000,-0.3847512627878188,solar_battery
ASSET_011,2025-01-11T22:30:00.000000,-0.7034690866888665,solar_battery
ASSET_011,2025-01-11T23:00:00.000000,-0.6422383270833767,solar_battery
ASSET_011,2025-01-11T23:30:00.000000,-0.610394483429954,solar_battery
ASSET_011,2025-01-12T00:00:00.000000,-1.1401637326424718,solar_battery
ASSET_011,2025-01-12T00:30:00.000000,-1.0330703372896444,solar_battery
ASSET_011,2025-01-12T01:00:00.000000,-0.6652921630817279,solar_battery
ASSET_011,2025-01-12T01:30:00.000000,-0.9228859031777902,solar_battery
ASSET_011,2025-01-12T02:00:00.000000,-0.5538860212926996,solar_battery
ASSET_011,2025-01-12T02:30:00.000000,-0.5754662949798693,solar_battery
ASSET_011,2025-01-12T03:00:00.000000,-0.6877117492772648,solar_battery
ASSET_011,2025-01-12T03:30:00.000000,-0.4235670002475463,solar_battery
ASSET_011,2025-01-12T04:00:00.000000,-0.9207779166233957,solar_battery
ASSET_011,2025-01-12T04:30:00.000000,-0.7451048157481104,solar_battery
ASSET_011,2025-01-12T05:00:00.000000,-1.0665673200867598,solar_battery
ASSET_011,2025-01-12T05:30:00.000000,-0.33774230661521876,solar_battery
ASSET_011,2025-01-12T06:00:00.000000,-0.45892792341535543,solar_battery
ASSET_011,2025-01-12T06:30:00.000000,-0.93214869571573,solar_battery
ASSET_011,2025-01-12T07:00:00.000000,-0.18648277777016448,solar_battery
ASSET_011,2025-01-12T07:30:00.000000,0.046967950900142774,solar_battery
ASSET_011,2025-01-12T08:00:00.000000,0.3138500408795821,solar_battery
ASSET_011,2025-01-12T08:30:00.000000,0.19157374504303867,solar_battery
ASSET_011,2025-01-12T09:00:00.000000,1.117212264005451,solar_battery
ASSET_011,2025-01-12T09:30:00.000000,0.92628014282388,solar_battery
ASSET_011,2025-01-12T10:00:00.000000,1.4014821773759587,solar_battery
ASSET_011,2025-01-12T10:30:00.000000,1.1573383871247847,solar_battery
ASSET_011,2025-01-12T11:00:00.000000,1.2565743936143126,solar_battery
ASSET_011,2025-01-12T11:30:00.000000,1.725489887592512,solar_battery
ASSET_011,2025-01-12T12:00:00.000000,2.037190889958608,solar_battery
ASSET_011,2025-01-12T12:30:00.000000,1.7658063802217498,solar_battery
ASSET_011,2025-01-12T13:00:00.000000,2.1455565069179414,solar_battery
ASSET_011,2025-01-12T13:30:00.000000,1.6318735041240828,solar_battery
ASSET_011,2025-01-12T14:00:00.000000,1.359434440269276,solar_battery
ASSET_011,2025-01-12T14:30:00.000000,1.5964282357340254,solar_battery
ASSET_011,2025-01-12T15:00:00.000000,1.2482569640846288,solar_battery
ASSET_011,2025-01-12T15:30:00.000000,1.452871677689392,solar_battery
ASSET_011,2025-01-12T16:00:00.000000,0.6048454001896753,solar_battery
ASSET_011,2025-01-12T16:30:00.000000,1.119179094800607,solar_battery
ASSET_011,2025-01-12T17:00:00.000000,0.6854187694619958,solar_battery
ASSET_011,2025-01-12T17:30:00.000000,0.20396413198761287,solar_battery
ASSET_011,2025-01-12T18:00:00.000000,-0.6250694991557636,solar_battery
ASSET_011,2025-01-12T18:30:00.000000,-1.1785592969500625,solar_battery
ASSET_011,2025-01-12T19:00:00.000000,-0.6756357444126277,solar_battery
ASSET_011,2025-01-12T19:30:00.000000,-0.6823425762420166,solar_battery
ASSET_011,2025-01-12T20:00:00.000000,-0.7519385747893974,solar_battery
ASSET_011,2025-01-12T20:30:00.000000,-0.9628986633638388,solar_battery
ASSET_011,2025-01-12T21:00:00.000000,-1.708707516695518,solar_battery
ASSET_011,2025-01-12T21:30:00.000000,-1.1537022852739414,solar_battery
ASSET_011,2025-01-12T22:00:00.000000,-0.7027198442443043,solar_battery
ASSET_011,2025-01-12T22:30:00.000000,-0.7872811851345145,solar_battery
ASSET_011,2025-01-12T23:00:00.000000,-0.5846628224075614,solar_battery
ASSET_011,2025-01-12T23:30:00.000000,-0.7145523704239536,solar_battery
ASSET_011,2025-01-13T00:00:00.000000,-0.9979068823436053,solar_battery
ASSET_011,2025-01-13T00:30:00.000000,-1.0541120355794769,solar_battery
ASSET_011,2025-01-13T01:00:00.000000,-1.0493688300472113,solar_battery
ASSET_011,2025-01-13T01:30:00.000000,-0.6084859026867735,solar_battery
ASSET_011,2025-01-13T02:00:00.000000,-1.1086460131105986,solar_battery
ASSET_011,2025-01-13T02:30:00.000000,-1.0735852895439852,solar_battery
ASSET_011,2025-01-13T03:00:00.000000,-1.1217394619615435,solar_battery
ASSET_011,2025-01-13T03:30:00.000000,-0.9307735910417037,solar_battery
ASSET_011,2025-01-13T04:00:00.000000,-0.9503077438884837,solar_battery
ASSET_011,2025-01-13T04:30:00.000000,-1.7905251905536903,solar_battery
ASSET_011,2025-01-13T05:00:00.000000,-0.8445852965680947,solar_battery
ASSET_011,2025-01-13T05:30:00.000000,-0.7450494196682196,solar_battery
ASSET_011,2025-01-13T06:00:00.000000,-1.3520447689668007,solar_battery
ASSET_011,2025-01-13T06:30:00.000000,-1.3333515787363603,solar_battery
ASSET_011,2025-01-13T07:00:00.000000,-0.5507909481972039,solar_battery
ASSET_011,2025-01-13T07:30:00.000000,-0.6241710998000038,solar_battery
ASSET_011,2025-01-13T08:00:00.000000,0.24393482861185353,solar_battery
ASSET_011,2025-01-13T08:30:00.000000,-0.2769736898614594,solar_battery
ASSET_011,2025-01-13T09:00:00.000000,0.487332292681587,solar_battery
ASSET_011,2025-01-13T09:30:00.000000,1.1250422466523824,solar_battery
ASSET_011,2025-01-13T10:00:00.000000,0.9922907172975721,solar_battery
ASSET_011,2025-01-13T10:30:00.000000,1.5134862962057984,solar_battery
ASSET_011,2025-01-13T11:00:00.000000,1.6224500191335471,solar_battery
ASSET_011,2025-01-13T11:30:00.000000,1.1029446006907322,solar_battery
ASSET_011,2025-01-13T12:00:00.000000,1.8524790068518895,solar_battery
ASSET_011,2025-01-13T12:30:00.000000,1.6717598474737152,solar_battery
ASSET_011,2025-01-13T13:00:00.000000,1.583148185753489,solar_battery
ASSET_011,2025-01-13T13:30:00.000000,1.7512499816147076,solar_battery
ASSET_011,2025-01-13T14:00:00.000000,1.6289755459971271,solar_battery
ASSET_011,2025-01-13T14:30:00.000000,1.6848855467350057,solar_battery
ASSET_011,2025-01-13T15:00:00.000000,1.4626796707338536,solar_battery
ASSET_011,2025-01-13T15:30:00.000000,1.2778516063891385,solar_battery
ASSET_011,2025-01-13T16:00:00.000000,0.37965543982660444,solar_battery
ASSET_011,2025-01-13T16:30:00.000000,0.5961327112990454,solar_battery
ASSET_011,2025-01-13T17:00:00.000000,0.843156961107492,solar_battery
ASSET_011,2025-01-13T17:30:00.000000,0.3107032151346376,solar_battery
ASSET_011,2025-01-13T18:00:00.000000,-0.4313710478052407,solar_battery
ASSET_011,2025-01-13T18:30:00.000000,-0.6650958202721955,solar_battery
ASSET_011,2025-01-13T19:00:00.000000,-0.9521897549398999,solar_battery
ASSET_011,2025-01-13T19:30:00.000000,-0.9378845553658114,solar_battery
ASSET_011,2025-01-13T20:00:00.000000,-1.0489715884351116,solar_battery
ASSET_011,2025-01-13T20:30:00.000000,-1.4572654866678283,solar_battery
ASSET_011,2025-01-13T21:00:00.000000,-1.083536625051662,solar_battery
ASSET_011,2025-01-13T21:30:00.000000,-0.7973060730339084,solar_battery
ASSET_011,2025-01-13T22:00:00.000000,-0.7939135987570888,solar_battery
ASSET_011,2025-01-13T22:30:00.000000,-0.5511312802251657,solar_battery
ASSET_011,2025-01-13T23:00:00.000000,-0.5179724354548765,solar_battery
ASSET_011,2025-01-13T23:30:00.000000,-0.9406775919042379,solar_battery
ASSET_011,2025-01-14T00:00:00.000000,-0.9083126874424795,solar_battery
ASSET_011,2025-01-14T00:30:00.000000,-1.0442987577145182,solar_battery
ASSET_011,2025-01-14T01:00:00.000000,-1.0749654591362139,solar_battery
ASSET_011,2025-01-14T01:30:00.000000,-1.186670981607491,solar_battery
ASSET_011,2025-01-14T02:00:00.000000,-1.1661076307307263,solar_battery
ASSET_011,2025-01-14T02:30:00.000000,-0.6093306366085186,solar_battery
ASSET_011,2025-01-14T03:00:00.000000,-1.2318465213376346,solar_battery
ASSET_011,2025-01-14T03:30:00.000000,-0.9817818217813987,solar_battery
ASSET_011,2025-01-14T04:00:00.000000,-1.180496122016361,solar_battery
ASSET_011,2025-01-14T04:30:00.000000,-0.7768797962464662,solar_battery
ASSET_011,2025-01-14T05:00:00.000000,-0.7750987967018526,solar_battery
ASSET_011,2025-01-14T05:30:00.000000,-0.8824009521733733,solar_battery
ASSET_011,2025-01-14T06:00:00.000000,-1.026527707255339,solar_battery
ASSET_011,2025-01-14T06:30:00.000000,-1.1554542888418158,solar_battery
ASSET_011,2025-01-14T07:00:00.000000,-0.7287800641363187,solar_battery
ASSET_011,2025-01-14T07:30:00.000000,0.023716796338908608,solar_battery
ASSET_011,2025-01-14T08:00:00.000000,0.007870854604055205,solar_battery
ASSET_011,2025-01-14T08:30:00.000000,0.34946750215254996,solar_battery
ASSET_011,2025-01-14T09:00:00.000000,1.0099306560400199,solar_battery
ASSET_011,2025-01-14T09:30:00.000000,0.6223675993531255,solar_battery
ASSET_011,2025-01-14T10:00:00.000000,1.4641865160169274,solar_battery
ASSET_011,2025-01-14T10:30:00.000000,1.3984746782624218,solar_battery
ASSET_011,2025-01-14T11:00:00.000000,1.9518801726835378,solar_battery
ASSET_011,2025-01-14T11:30:00.000000,1.4245257002495035,solar_battery
ASSET_011,2025-01-14T12:00:00.000000,1.3913926358528683,solar_battery
ASSET_011,2025-01-14T12:30:00.000000,1.5786824586933172,solar_battery
ASSET_011,2025-01-14T13:00:00.000000,1.7425851294616663,solar_battery
ASSET_011,2025-01-14T13:30:00.000000,1.7064313337538402,solar_battery
ASSET_011,2025-01-14T14:00:00.000000,1.4206384143552049,solar_battery
ASSET_011,2025-01-14T14:30:00.000000,1.0568561193065587,solar_battery
ASSET_011,2025-01-14T15:00:00.000000,1.2928149063933188,solar_battery
ASSET_011,2025-01-14T15:30:00.000000,1.653261662302061,solar_battery
ASSET_011,2025-01-14T16:00:00.000000,0.8212279182848521,solar_battery
ASSET_011,2025-01-14T16:30:00.000000,0.8560001457081745,solar_battery
ASSET_011,2025-01-14T17:00:00.000000,0.2742122341202474,solar_battery
ASSET_011,2025-01-14T17:30:00.000000,0.23211656141479894,solar_battery
ASSET_011,2025-01-14T18:00:00.000000,-0.7764001679516572,solar_battery
ASSET_011,2025-01-14T18:30:00.000000,-0.9051103165154402,solar_battery
ASSET_011,2025-01-14T19:00:00.000000,-1.0852647728300657,solar_battery
ASSET_011,2025-01-14T19:30:00.000000,-1.2012595905153804,solar_battery
ASSET_011,2025-01-14T20:00:00.000000,-1.0999460561320307,solar_battery
ASSET_011,2025-01-14T20:30:00.000000,-0.9648012997165087,solar_battery
ASSET_011,2025-01-14T21:00:00.000000,-1.1637278763135495,solar_battery
ASSET_011,2025-01-14T21:30:00.000000,-1.0124266816924925,solar_battery
ASSET_011,2025-01-14T22:00:00.000000,-0.5446039679118997,solar_battery
ASSET_011,2025-01-14T22:30:00.000000,-0.4500369364951563,solar_battery
ASSET_011,2025-01-14T23:00:00.000000,-0.4144834939478885,solar_battery
ASSET_011,2025-01-14T23:30:00.000000,-0.703632506034318,solar_battery
ASSET_012,2025-01-01T00:00:00.000000,-1.1138663756354386,solar_battery
ASSET_012,2025-01-01T00:30:00.000000,-0.8828249832366056,solar_battery
ASSET_012,2025-01-01T01:00:00.000000,-0.8670706973531724,solar_battery
ASSET_012,2025-01-01T01:30:00.000000,-1.3182302150132579,solar_battery
ASSET_012,2025-01-01T02:00:00.000000,-0.6167205151754043,solar_battery
ASSET_012,2025-01-01T02:30:00.000000,-0.915829300997488,solar_battery
ASSET_012,2025-01-01T03:00:00.000000,-0.9206073540566959,solar_battery
ASSET_012,2025-01-01T03:30:00.000000,-0.6844056833496606,solar_battery
ASSET_012,2025-01-01T04:00:00.000000,-1.2110419003694948,solar_battery
ASSET_012,2025-01-01T04:30:00.000000,-0.9220375577231643,solar_battery
ASSET_012,2025-01-01T05:00:00.000000,-1.116145137431185,solar_battery
ASSET_012,2025-01-01T05:30:00.000000,-1.1339585959705412,solar_battery
ASSET_012,2025-01-01T06:00:00.000000,-1.2853261730730512,solar_battery
ASSET_012,2025-01-01T06:30:00.000000,-0.7002552287152335,solar_battery
ASSET_012,2025-01-01T07:00:00.000000,-0.5328501447485557,solar_battery
ASSET_012,2025-01-01T07:30:00.000000,-0.2748587158754502,solar_battery
ASSET_012,2025-01-01T08:00:00.000000,-0.2598093941285967,solar_battery
ASSET_012,2025-01-01T08:30:00.000000,0.4733896259902168,solar_battery
ASSET_012,2025-01-01T09:00:00.000000,1.0081655960400986,solar_battery
ASSET_012,2025-01-01T09:30:00.000000,0.7790191050817573,solar_battery
ASSET_012,2025-01-01T10:00:00.000000,1.1605973175879947,solar_battery
ASSET_012,2025-01-01T10:30:00.000000,1.3110635108083524,solar_battery
ASSET_012,2025-01-01T11:00:00.000000,2.0864786108031836,solar_battery
ASSET_012,2025-01-01T11:30:00.000000,1.113992044455078,solar_battery
ASSET_012,2025-01-01T12:00:00.000000,1.8876865730177905,solar_battery
ASSET_012,2025-01-01T12:30:00.000000,1.4812118474830633,solar_battery
ASSET_012,2025-01-01T13:00:00.000000,1.6876798641414912,solar_battery
ASSET_012,2025-01-01T13:30:00.000000,1.6329690506745476,solar_battery
ASSET_012,2025-01-01T14:00:00.000000,1.4122671275896355,solar_battery
ASSET_012,2025-01-01T14:30:00.000000,1.512551878488442,solar_battery
ASSET_012,2025-01-01T15:00:00.000000,0.9076979124556634,solar_battery
ASSET_012,2025-01-01T15:30:00.000000,1.4269022919930452,solar_battery
ASSET_012,2025-01-01T16:00:00.000000,0.2792131784476672,solar_battery
ASSET_012,2025-01-01T16:30:00.000000,0.8393511042141333,solar_battery
ASSET_012,2025-01-01T17:00:00.000000,0.0584567560347259,solar_battery
ASSET_012,2025-01-01T17:30:00.000000,-0.14419661387076588,solar_battery
ASSET_012,2025-01-01T18:00:00.000000,-0.9514279910563131,solar_battery
ASSET_012,2025-01-01T18:30:00.000000,-1.3736682608095547,solar_battery
ASSET_012,2025-01-01T19:00:00.000000,-1.0006909349005673,solar_battery
ASSET_012,2025-01-01T19:30:00.000000,-1.3517127099880526,solar_battery
ASSET_012,2025-01-01T20:00:00.000000,-0.9294870786283891,solar_battery
ASSET_012,2025-01-01T20:30:00.000000,-1.2620381389359587,solar_battery
ASSET_012,2025-01-01T21:00:00.000000,-1.19610652973107,solar_battery
ASSET_012,2025-01-01T21:30:00.000000,-1.0173201125376767,solar_battery
ASSET_012,2025-01-01T22:00:00.000000,-0.8354101068421365,solar_battery
ASSET_012,2025-01-01T22:30:00.000000,-0.6639113599203925,solar_battery
ASSET_012,2025-01-01T23:00:00.000000,-1.0856736067680086,solar_battery
ASSET_012,2025-01-01T23:30:00.000000,-0.5709441416061665,solar_battery
ASSET_012,2025-01-02T00:00:00.000000,-0.3764206866678149,solar_battery
ASSET_012,2025-01-02T00:30:00.000000,-0.12986987170160935,solar_battery
ASSET_012,2025-01-02T01:00:00.000000,-0.8557653583308109,solar_battery
ASSET_012,2025-01-02T01:30:00.000000,-0.6884767197394315,solar_battery
ASSET_012,2025-01-02T02:00:00.000000,-1.3773501614977972,solar_battery
ASSET_012,2025-01-02T02:30:00.000000,-0.5893437616866588,solar_battery
ASSET_012,2025-01-02T03:00:00.000000,-0.8258371932221789,solar_battery
ASSET_012,2025-01-02T03:30:00.000000,-1.1282760611442602,solar_battery
ASSET_012,2025-01-02T04:00:00.000000,-0.7628842290659694,solar_battery
ASSET_012,2025-01-02T04:30:00.000000,-1.1208818795302136,solar_battery
ASSET_012,2025-01-02T05:00:00.000000,-1.199703791810214,solar_battery
ASSET_012,2025-01-02T05:30:00.000000,-0.9756973657841226,solar_battery
ASSET_012,2025-01-02T06:00:00.000000,-1.3552050799592765,solar_battery
ASSET_012,2025-01-02T06:30:00.000000,-0.8548100565440125,solar_battery
ASSET_012,2025-01-02T07:00:00.000000,-0.696167689992861,solar_battery
ASSET_012,2025-01-02T07:30:00.000000,-0.6947432846879834,solar_battery
ASSET_012,2025-01-02T08:00:00.000000,-0.028133170353332237,solar_battery
ASSET_012,2025-01-02T08:30:00.000000,0.3724723878685373,solar_battery
ASSET_012,2025-01-02T09:00:00.000000,0.6076088318456747,solar_battery
ASSET_012,2025-01-02T09:30:00.000000,0.432115930362284,solar_battery
ASSET_012,2025-01-02T10:00:00.000000,1.069700309476505,solar_battery
ASSET_012,2025-01-02T10:30:00.000000,1.2073733404977796,solar_battery
ASSET_012,2025-01-02T11:00:00.000000,1.2537354561124618,solar_battery
ASSET_012,2025-01-02T11:30:00.000000,1.2607653860236718,solar_battery
ASSET_012,2025-01-02T12:00:00.000000,2.2067111201839,solar_battery
ASSET_012,2025-01-02T12:30:00.000000,1.493464303084667,solar_battery
ASSET_012,2025-01-02T13:00:00.000000,1.614930110747905,solar_battery
ASSET_012,2025-01-02T13:30:00.000000,1.6043233990615982,solar_battery
ASSET_012,2025-01-02T14:00:00.000000,1.4139378755961909,solar_battery
ASSET_012,2025-01-02T14:30:00.000000,1.6641867270536814,solar_battery
ASSET_012,2025-01-02T15:00:00.000000,1.407453295435625,solar_battery
ASSET_012,2025-01-02T15:30:00.000000,1.106469923754751,solar_battery
ASSET_012,2025-01-02T16:00:00.000000,0.41305283235316753,solar_battery
ASSET_012,2025-01-02T16:30:00.000000,1.015673275819068,solar_battery
ASSET_012,2025-01-02T17:00:00.000000,0.11394349875581915,solar_battery
ASSET_012,2025-01-02T17:30:00.000000,0.5521025962087434,solar_battery
ASSET_012,2025-01-02T18:00:00.000000,-1.538940615415639,solar_battery
ASSET_012,2025-01-02T18:30:00.000000,-0.9531032268920031,solar_battery
ASSET_012,2025-01-02T19:00:00.000000,-0.5497567319829897,solar_battery
ASSET_012,2025-01-02T19:30:00.000000,-1.0950056446184375,solar_battery
ASSET_012,2025-01-02T20:00:00.000000,-1.094310800464981,solar_battery
ASSET_012,2025-01-02T20:30:00.000000,-0.9692695728829872,solar_battery
ASSET_012,2025-01-02T21:00:00.000000,-1.2219789621764254,solar_battery
ASSET_012,2025-01-02T21:30:00.000000,-1.1627652293366917,solar_battery
ASSET_012,2025-01-02T22:00:00.000000,-0.7310756226059366,solar_battery
ASSET_012,2025-01-02T22:30:00.000000,-0.8005809762623295,solar_battery
ASSET_012,2025-01-02T23:00:00.000000,-0.4274287144211096,solar_battery
ASSET_012,2025-01-02T23:30:00.000000,-0.6116955587180994,solar_battery
ASSET_012,2025-01-03T00:00:00.000000,-0.7398492242952076,solar_battery
ASSET_012,2025-01-03T00:30:00.000000,-0.605942958346372,solar_battery
ASSET_012,2025-01-03T01:00:00.000000,-0.9410911134995883,solar_battery
ASSET_012,2025-01-03T01:30:00.000000,-1.0634546299354524,solar_battery
ASSET_012,2025-01-03T02:00:00.000000,-1.0946298331074937,solar_battery
ASSET_012,2025-01-03T02:30:00.000000,-0.9495720701348939,solar_battery
ASSET_012,2025-01-03T03:00:00.000000,-1.2663428443654607,solar_battery
ASSET_012,2025-01-03T03:30:00.000000,-1.1321946783367665,solar_battery
ASSET_012,2025-01-03T04:00:00.000000,-1.1836756151844758,solar_battery
ASSET_012,2025-01-03T04:30:00.000000,-0.5499141259763682,solar_battery
ASSET_012,2025-01-03T05:00:00.000000,-1.7554933334708607,solar_battery
ASSET_012,2025-01-03T05:30:00.000000,-1.1328864810240726,solar_battery
ASSET_012,2025-01-03T06:00:00.000000,-0.6858334897244551,solar_battery
ASSET_012,2025-01-03T06:30:00.000000,-1.070757328608211,solar_battery
ASSET_012,2025-01-03T07:00:00.000000,-0.2619099415093564,solar_battery
ASSET_012,2025-01-03T07:30:00.000000,-0.4187718195064744,solar_battery
ASSET_012,2025-01-03T08:00:00.000000,0.030032367372712726,solar_battery
ASSET_012,2025-01-03T08:30:00.000000,-0.34786744541747106,solar_battery
ASSET_012,2025-01-03T09:00:00.000000,0.8049442834991172,solar_battery
ASSET_012,2025-01-03T09:30:00.000000,0.5694893335058306,solar_battery
ASSET_012,2025-01-03T10:00:00.000000,1.0229830119814236,solar_battery
ASSET_012,2025-01-03T10:30:00.000000,1.0953065680261096,solar_battery
ASSET_012,2025-01-03T11:00:00.000000,1.9559355897815527,solar_battery
ASSET_012,2025-01-03T11:30:00.000000,2.114329862332868,solar_battery
ASSET_012,2025-01-03T12:00:00.000000,1.7521299050068162,solar_battery
ASSET_012,2025-01-03T12:30:00.000000,1.5884558662611854,solar_battery
ASSET_012,2025-01-03T13:00:00.000000,1.4099259390651362,solar_battery
ASSET_012,2025-01-03T13:30:00.000000,1.8049099180244832,solar_battery
ASSET_012,2025-01-03T14:00:00.000000,1.9429608534767315,solar_battery
ASSET_012,2025-01-03T14:30:00.000000,1.4557018165750593,solar_battery
ASSET_012,2025-01-03T15:00:00.000000,0.6089399375415593,solar_battery
ASSET_012,2025-01-03T15:30:00.000000,1.3407109085580589,solar_battery
ASSET_012,2025-01-03T16:00:00.000000,0.9463035518833431,solar_battery
ASSET_012,2025-01-03T16:30:00.000000,0.32920466744272786,solar_battery
ASSET_012,2025-01-03T17:00:00.000000,0.17918156472213165,solar_battery
ASSET_012,2025-01-03T17:30:00.000000,0.24511960451568668,solar_battery
ASSET_012,2025-01-03T18:00:00.000000,-1.0175457524821452,solar_battery
ASSET_012,2025-01-03T18:30:00.000000,-1.189785020580485,solar_battery
ASSET_012,2025-01-03T19:00:00.000000,-0.7663973184580261,solar_battery
ASSET_012,2025-01-03T19:30:00.000000,-1.1070333911457633,solar_battery
ASSET_012,2025-01-03T20:00:00.000000,-1.3966370579126521,solar_battery
ASSET_012,2025-01-03T20:30:00.000000,-1.5320662554253919,solar_battery
ASSET_012,2025-01-03T21:00:00.000000,-0.7852640808442015,solar_battery
ASSET_012,2025-01-03T21:30:00.000000,-0.9398686112909673,solar_battery
ASSET_012,2025-01-03T22:00:00.000000,-0.6288863486889994,solar_battery
ASSET_012,2025-01-03T22:30:00.000000,-0.7556659128441927,solar_battery
ASSET_012,2025-01-03T23:00:00.000000,-0.8493139058779943,solar_battery
ASSET_012,2025-01-03T23:30:00.000000,-0.9805310820952305,solar_battery
ASSET_012,2025-01-04T00:00:00.000000,-0.7835493546943724,solar_battery
ASSET_012,2025-01-04T00:30:00.000000,-1.1888209316288418,solar_battery
ASSET_012,2025-01-04T01:00:00.000000,-0.9226541333335863,solar_battery
ASSET_012,2025-01-04T01:30:00.000000,-0.8206238604254054,solar_battery
ASSET_012,2025-01-04T02:00:00.000000,-0.6611287886742995,solar_battery
ASSET_012,2025-01-04T02:30:00.000000,-0.8170823512096073,solar_battery
ASSET_012,2025-01-04T03:00:00.000000,-0.6695306818724355,solar_battery
ASSET_012,2025-01-04T03:30:00.000000,-0.5365198039753466,solar_battery
ASSET_012,2025-01-04T04:00:00.000000,-0.6468756554472473,solar_battery
ASSET_012,2025-01-04T04:30:00.000000,-0.7879141145941781,solar_battery
ASSET_012,2025-01-04T05:00:00.000000,-0.9234640427003242,solar_battery
ASSET_012,2025-01-04T05:30:00.000000,-1.1617002077229666,solar_battery
ASSET_012,2025-01-04T06:00:00.000000,-0.7574134276689641,solar_battery
ASSET_012,2025-01-04T06:30:00.000000,-0.531860628266833,solar_battery
ASSET_012,2025-01-04T07:00:00.000000,-0.19715802343131023,solar_battery
ASSET_012,2025-01-04T07:30:00.000000,0.18087872267485888,solar_battery
ASSET_012,2025-01-04T08:00:00.000000,-0.01697368789969228,solar_battery
ASSET_012,2025-01-04T08:30:00.000000,0.0721643096878779,solar_battery
ASSET_012,2025-01-04T09:00:00.000000,1.1127030856233822,solar_battery
ASSET_012,2025-01-04T09:30:00.000000,0.9708843742005795,solar_battery
ASSET_012,2025-01-04T10:00:00.000000,1.67287123183833,solar_battery
ASSET_012,2025-01-04T10:30:00.000000,1.3538503156866788,solar_battery
ASSET_012,2025-01-04T11:00:00.000000,1.460501607814728,solar_battery
ASSET_012,2025-01-04T11:30:00.000000,1.6175533310923176,solar_battery
ASSET_012,2025-01-04T12:00:00.000000,1.4521558469783038,solar_battery
ASSET_012,2025-01-04T12:30:00.000000,1.5491382384567116,solar_battery
ASSET_012,2025-01-04T13:00:00.000000,2.034199981724136,solar_battery
ASSET_012,2025-01-04T13:30:00.000000,2.0102824016965197,solar_battery
ASSET_012,2025-01-04T14:00:00.000000,1.6996845378145553,solar_battery
ASSET_012,2025-01-04T14:30:00.000000,1.1995049044305843,solar_battery
ASSET_012,2025-01-04T15:00:00.000000,1.1820623240458452,solar_battery
ASSET_012,2025-01-04T15:30:00.000000,0.9740792088905263,solar_battery
ASSET_012,2025-01-04T16:00:00.000000,1.0732044588740952,solar_battery
ASSET_012,2025-01-04T16:30:00.000000,0.6507431659100072,solar_battery
ASSET_012,2025-01-04T17:00:00.000000,-0.04722075212755694,solar_battery
ASSET_012,2025-01-04T17:30:00.000000,0.22050977808915678,solar_battery
ASSET_012,2025-01-04T18:00:00.000000,-1.078637069640307,solar_battery
ASSET_012,2025-01-04T18:30:00.000000,-0.5689014615511104,solar_battery
ASSET_012,2025-01-04T19:00:00.000000,-1.1100435297044935,solar_battery
ASSET_012,2025-01-04T19:30:00.000000,-1.2695036965101991,solar_battery
ASSET_012,2025-01-04T20:00:00.000000,-1.475862765816772,solar_battery
ASSET_012,2025-01-04T20:30:00.000000,-0.9665522826141879,solar_battery
ASSET_012,2025-01-04T21:00:00.000000,-1.1345509981233326,solar_battery
ASSET_012,2025-01-04T21:30:00.000000,-1.3426248763602446,solar_battery
ASSET_012,2025-01-04T22:00:00.000000,-0.26708564929861145,solar_battery
ASSET_012,2025-01-04T22:30:00.000000,-0.39236116461698184,solar_battery
ASSET_012,2025-01-04T23:00:00.000000,-0.6207734344437924,solar_battery
ASSET_012,2025-01-04T23:30:00.000000,-0.2865628448978493,solar_battery
ASSET_012,2025-01-05T00:00:00.000000,-0.520991351984333,solar_battery
ASSET_012,2025-01-05T00:30:00.000000,-0.8774854163644238,solar_battery
ASSET_012,2025-01-05T01:00:00.000000,-0.9954116958589267,solar_battery
ASSET_012,2025-01-05T01:30:00.000000,-0.5496832858322162,solar_battery
ASSET_012,2025-01-05T02:00:00.000000,-0.7123719304478358,solar_battery
ASSET_012,2025-01-05T02:30:00.000000,-0.7667605356870412,solar_battery
ASSET_012,2025-01-05T03:00:00.000000,-1.0634717018911073,solar_battery
ASSET_012,2025-01-05T03:30:00.000000,-0.7144048131211888,solar_battery
ASSET_012,2025-01-05T04:00:00.000000,-1.0821562099171795,solar_battery
ASSET_012,2025-01-05T04:30:00.000000,-0.9253132750675145,solar_battery
ASSET_012,2025-01-05T05:00:00.000000,-0.5790444905708373,solar_battery
ASSET_012,2025-01-05T05:30:00.000000,-1.0849113022981474,solar_battery
ASSET_012,2025-01-05T06:00:00.000000,-1.3125174216974866,solar_battery
ASSET_012,2025-01-05T06:30:00.000000,-1.1876113260488266,solar_battery
ASSET_012,2025-01-05T07:00:00.000000,-0.04063175454238102,solar_battery
ASSET_012,2025-01-05T07:30:00.000000,-0.21812799997616034,solar_battery
ASSET_012,2025-01-05T08:00:00.000000,0.31823295114966693,solar_battery
ASSET_012,2025-01-05T08:30:00.000000,0.22698100876019114,solar_battery
ASSET_012,2025-01-05T09:00:00.000000,1.023941101576565,solar_battery
ASSET_012,2025-01-05T09:30:00.000000,0.7036695595261455,solar_battery
ASSET_012,2025-01-05T10:00:00.000000,1.4309232459353194,solar_battery
ASSET_012,2025-01-05T10:30:00.000000,1.1820624129459867,solar_battery
ASSET_012,2025-01-05T11:00:00.000000,1.4533774567555147,solar_battery
ASSET_012,2025-01-05T11:30:00.000000,1.5158187248635249,solar_battery
ASSET_012,2025-01-05T12:00:00.000000,1.729902212843849,solar_battery
ASSET_012,2025-01-05T12:30:00.000000,1.808280839375911,solar_battery
ASSET_012,2025-01-05T13:00:00.000000,1.8573228130504809,solar_battery
ASSET_012,2025-01-05T13:30:00.000000,0.915605752280987,solar_battery
ASSET_012,2025-01-05T14:00:00.000000,1.4187273756018732,solar_battery
ASSET_012,2025-01-05T14:30:00.000000,1.5185867148956473,solar_battery
ASSET_012,2025-01-05T15:00:00.000000,1.6292940714349378,solar_battery
ASSET_012,2025-01-05T15:30:00.000000,1.0088785561572269,solar_battery
ASSET_012,2025-01-05T16:00:00.000000,0.8299076663090106,solar_battery
ASSET_012,2025-01-05T16:30:00.000000,1.1496437523016325,solar_battery
ASSET_012,2025-01-05T17:00:00.000000,-0.10175374872733056,solar_battery
ASSET_012,2025-01-05T17:30:00.000000,0.3079127526674715,solar_battery
ASSET_012,2025-01-05T18:00:00.000000,-1.117545240144285,solar_battery
ASSET_012,2025-01-05T18:30:00.000000,-1.0461120981494163,solar_battery
ASSET_012,2025-01-05T19:00:00.000000,-1.126435514445083,solar_battery
ASSET_012,2025-01-05T19:30:00.000000,-1.1093346683161003,solar_battery
ASSET_012,2025-01-05T20:00:00.000000,-0.3059046065374099,solar_battery
ASSET_012,2025-01-05T20:30:00.000000,-0.7564941127377685,solar_battery
ASSET_012,2025-01-05T21:00:00.000000,-0.7352706839687402,solar_battery
ASSET_012,2025-01-05T21:30:00.000000,-0.8816093339566713,solar_battery
ASSET_012,2025-01-05T22:00:00.000000,-0.9380016292164698,solar_battery
ASSET_012,2025-01-05T22:30:00.000000,-0.4577100871224062,solar_battery
ASSET_012,2025-01-05T23:00:00.000000,-0.35649803601709407,solar_battery
ASSET_012,2025-01-05T23:30:00.000000,-0.818817017268244,solar_battery
ASSET_012,2025-01-06T00:00:00.000000,-0.5683215998813297,solar_battery
ASSET_012,2025-01-06T00:30:00.000000,-0.6309593096350211,solar_battery
ASSET_012,2025-01-06T01:00:00.000000,-0.4331561027754755,solar_battery
ASSET_012,2025-01-06T01:30:00.000000,-0.9779136365340247,solar_battery
ASSET_012,2025-01-06T02:00:00.000000,-1.2134266357461745,solar_battery
ASSET_012,2025-01-06T02:30:00.000000,-1.0367907462494108,solar_battery
ASSET_012,2025-01-06T03:00:00.000000,-0.6675949959966947,solar_battery
ASSET_012,2025-01-06T03:30:00.000000,-1.4509494457580354,solar_battery
ASSET_012,2025-01-06T04:00:00.000000,-1.5562177928387793,solar_battery
ASSET_012,2025-01-06T04:30:00.000000,-1.0383527541917443,solar_battery
ASSET_012,2025-01-06T05:00:00.000000,-1.195999178152518,solar_battery
ASSET_012,2025-01-06T05:30:00.000000,-1.0879230535245563,solar_battery
ASSET_012,2025-01-06T06:00:00.000000,-0.8731251749033925,solar_battery
ASSET_012,2025-01-06T06:30:00.000000,-1.2326166430685246,solar_battery
ASSET_012,2025-01-06T07:00:00.000000,-0.8922515345537676,solar_battery
ASSET_012,2025-01-06T07:30:00.000000,0.04794543859756789,solar_battery
ASSET_012,2025-01-06T08:00:00.000000,-0.04914241012063825,solar_battery
ASSET_012,2025-01-06T08:30:00.000000,-0.06397653041823542,solar_battery
ASSET_012,2025-01-06T09:00:00.000000,1.0205277219038278,solar_battery
ASSET_012,2025-01-06T09:30:00.000000,0.6633575295604403,solar_battery
ASSET_012,2025-01-06T10:00:00.000000,1.1998499449727418,solar_battery
ASSET_012,2025-01-06T10:30:00.000000,1.3309331392355728,solar_battery
ASSET_012,2025-01-06T11:00:00.000000,1.7972287969383132,solar_battery
ASSET_012,2025-01-06T11:30:00.000000,1.457138285828289,solar_battery
ASSET_012,2025-01-06T12:00:00.000000,2.064788481419432,solar_battery
ASSET_012,2025-01-06T12:30:00.000000,1.1874080363036468,solar_battery
ASSET_012,2025-01-06T13:00:00.000000,1.8748092161221652,solar_battery
ASSET_012,2025-01-06T13:30:00.000000,1.490973665329189,solar_battery
ASSET_012,2025-01-06T14:00:00.000000,1.844408625447015,solar_battery
ASSET_012,2025-01-06T14:30:00.000000,1.5491541843804277,solar_battery
ASSET_012,2025-01-06T15:00:00.000000,1.0184017076400766,solar_battery
ASSET_012,2025-01-06T15:30:00.000000,1.3389808496475248,solar_battery
ASSET_012,2025-01-06T16:00:00.000000,0.9241728244650717,solar_battery
ASSET_012,2025-01-06T16:30:00.000000,0.8638622106214044,solar_battery
ASSET_012,2025-01-06T17:00:00.000000,-0.11030173686891154,solar_battery
ASSET_012,2025-01-06T17:30:00.000000,0.020661250973722636,solar_battery
ASSET_012,2025-01-06T18:00:00.000000,-1.0009774809091445,solar_battery
ASSET_012,2025-01-06T18:30:00.000000,-1.0099023166360146,solar_battery
ASSET_012,2025-01-06T19:00:00.000000,-0.8302833380080761,solar_battery
ASSET_012,2025-01-06T19:30:00.000000,-1.4937985479148654,solar_battery
ASSET_012,2025-01-06T20:00:00.000000,-0.9599538857718277,solar_battery
ASSET_012,2025-01-06T20:30:00.000000,-1.109787903929462,solar_battery
ASSET_012,2025-01-06T21:00:00.000000,-1.2891081135761844,solar_battery
ASSET_012,2025-01-06T21:30:00.000000,-1.2660647923087396,solar_battery
ASSET_012,2025-01-06T22:00:00.000000,-0.7014890394843112,solar_battery
ASSET_012,2025-01-06T22:30:00.000000,-1.514260425070284,solar_battery
ASSET_012,2025-01-06T23:00:00.000000,-0.8906637834592158,solar_battery
ASSET_012,2025-01-06T23:30:00.000000,-0.9325498443843542,solar_battery
ASSET_012,2025-01-07T00:00:00.000000,-0.6721320297625702,solar_battery
ASSET_012,2025-01-07T00:30:00.000000,-0.9933264038025249,solar_battery
ASSET_012,2025-01-07T01:00:00.000000,-0.9292730255716738,solar_battery
ASSET_012,2025-01-07T01:30:00.000000,-0.5074993228920438,solar_battery
ASSET_012,2025-01-07T02:00:00.000000,-0.7113556352442983,solar_battery
ASSET_012,2025-01-07T02:30:00.000000,-0.7334548640135713,solar_battery
ASSET_012,2025-01-07T03:00:00.000000,-1.1321014176545687,solar_battery
ASSET_012,2025-01-07T03:30:00.000000,-0.8818042873264478,solar_battery
ASSET_012,2025-01-07T04:00:00.000000,-1.115943093244194,solar_battery
ASSET_012,2025-01-07T04:30:00.000000,-1.1068699916977967,solar_battery
ASSET_012,2025-01-07T05:00:00.000000,-0.9914532653875486,solar_battery
ASSET_012,2025-01-07T05:30:00.000000,-1.2330562091077444,solar_battery
ASSET_012,2025-01-07T06:00:00.000000,-0.7416792549336313,solar_battery
ASSET_012,2025-01-07T06:30:00.000000,-1.138431233503505,solar_battery
ASSET_012,2025-01-07T07:00:00.000000,-0.29432359922809914,solar_battery
ASSET_012,2025-01-07T07:30:00.000000,-0.0933860201086672,solar_battery
ASSET_012,2025-01-07T08:00:00.000000,0.43778928476271,solar_battery
ASSET_012,2025-01-07T08:30:00.000000,-0.14794820578105788,solar_battery
ASSET_012,2025-01-07T09:00:00.000000,0.8624099334127767,solar_battery
ASSET_012,2025-01-07T09:30:00.000000,0.9598075732809598,solar_battery
ASSET_012,2025-01-07T10:00:00.000000,1.429110634779676,solar_battery
ASSET_012,2025-01-07T10:30:00.000000,0.947872749273585,solar_battery
ASSET_012,2025-01-07T11:00:00.000000,1.3794803953077566,solar_battery
ASSET_012,2025-01-07T11:30:00.000000,1.7758628287699034,solar_battery
ASSET_012,2025-01-07T12:00:00.000000,1.517177511036165,solar_battery
ASSET_012,2025-01-07T12:30:00.000000,1.6280729464005645,solar_battery
ASSET_012,2025-01-07T13:00:00.000000,2.0706704735338994,solar_battery
ASSET_012,2025-01-07T13:30:00.000000,1.680988459161077,solar_battery
ASSET_012,2025-01-07T14:00:00.000000,1.3406377163809746,solar_battery
ASSET_012,2025-01-07T14:30:00.000000,1.3044353438139997,solar_battery
ASSET_012,2025-01-07T15:00:00.000000,1.2597516264227782,solar_battery
ASSET_012,2025-01-07T15:30:00.000000,0.859943465287803,solar_battery
ASSET_012,2025-01-07T16:00:00.000000,0.6504469898001909,solar_battery
ASSET_012,2025-01-07T16:30:00.000000,0.7897829495329365,solar_battery
ASSET_012,2025-01-07T17:00:00.000000,0.44862131757446316,solar_battery
ASSET_012,2025-01-07T17:30:00.000000,0.2970368999318219,solar_battery
ASSET_012,2025-01-07T18:00:00.000000,-1.1713756283157228,solar_battery
ASSET_012,2025-01-07T18:30:00.000000,-0.7171793637847073,solar_battery
ASSET_012,2025-01-07T19:00:00.000000,-1.082105861124674,solar_battery
ASSET_012,2025-01-07T19:30:00.000000,-1.3067909774051376,solar_battery
ASSET_012,2025-01-07T20:00:00.000000,-1.081482305088382,solar_battery
ASSET_012,2025-01-07T20:30:00.000000,-0.6950317705897001,solar_battery
ASSET_012,2025-01-07T21:00:00.000000,-1.0482103536284537,solar_battery
ASSET_012,2025-01-07T21:30:00.000000,-1.084862718204887,solar_battery
ASSET_012,2025-01-07T22:00:00.000000,-0.25706920527131516,solar_battery
ASSET_012,2025-01-07T22:30:00.000000,-0.9935251632930624,solar_battery
ASSET_012,2025-01-07T23:00:00.000000,-1.0308980738419091,solar_battery
ASSET_012,2025-01-07T23:30:00.000000,-1.1101574395012834,solar_battery
ASSET_012,2025-01-08T00:00:00.000000,-0.7105644352447869,solar_battery
ASSET_012,2025-01-08T00:30:00.000000,-0.7600416494923702,solar_battery
ASSET_012,2025-01-08T01:00:00.000000,-0.50738898538361,solar_battery
ASSET_012,2025-01-08T01:30:00.000000,-0.8192116950179315,solar_battery
ASSET_012,2025-01-08T02:00:00.000000,-1.0469977182750325,solar_battery
ASSET_012,2025-01-08T02:30:00.000000,-0.9495692305092542,solar_battery
ASSET_012,2025-01-08T03:00:00.000000,-0.9838822539253343,solar_battery
ASSET_012,2025-01-08T03:30:00.000000,-1.4133547399547244,solar_battery
ASSET_012,2025-01-08T04:00:00.000000,-0.40932802649495725,solar_battery
ASSET_012,2025-01-08T04:30:00.000000,-0.9350385767908728,solar_battery
ASSET_012,2025-01-08T05:00:00.000000,-1.039375753961299,solar_battery
ASSET_012,2025-01-08T05:30:00.000000,-0.9421383916598612,solar_battery
ASSET_012,2025-01-08T06:00:00.000000,-0.9297413646592149,solar_battery
ASSET_012,2025-01-08T06:30:00.000000,-1.1337328365205837,solar_battery
ASSET_012,2025-01-08T07:00:00.000000,-0.5942280078281869,solar_battery
ASSET_012,2025-01-08T07:30:00.000000,-0.2988619704132097,solar_battery
ASSET_012,2025-01-08T08:00:00.000000,0.2827629805922166,solar_battery
ASSET_012,2025-01-08T08:30:00.000000,-0.00418124491678995,solar_battery
ASSET_012,2025-01-08T09:00:00.000000,1.096203465338548,solar_battery
ASSET_012,2025-01-08T09:30:00.000000,0.8260394073279206,solar_battery
ASSET_012,2025-01-08T10:00:00.000000,1.3902201564053278,solar_battery
ASSET_012,2025-01-08T10:30:00.000000,1.549124522504277,solar_battery
ASSET_012,2025-01-08T11:00:00.000000,1.5424221692714746,solar_battery
ASSET_012,2025-01-08T11:30:00.000000,1.6132373338681019,solar_battery
ASSET_012,2025-01-08T12:00:00.000000,1.8944065372414678,solar_battery
ASSET_012,2025-01-08T12:30:00.000000,1.5260333398879875,solar_battery
ASSET_012,2025-01-08T13:00:00.000000,1.7054326783364668,solar_battery
ASSET_012,2025-01-08T13:30:00.000000,1.7225919400497023,solar_battery
ASSET_012,2025-01-08T14:00:00.000000,1.2856094570570822,solar_battery
ASSET_012,2025-01-08T14:30:00.000000,2.071296338742828,solar_battery
ASSET_012,2025-01-08T15:00:00.000000,0.8421485608841566,solar_battery
ASSET_012,2025-01-08T15:30:00.000000,0.8683540504374152,solar_battery
ASSET_012,2025-01-08T16:00:00.000000,1.0252219993041902,solar_battery
ASSET_012,2025-01-08T16:30:00.000000,0.8809915213265014,solar_battery
ASSET_012,2025-01-08T17:00:00.000000,-0.1094061955523637,solar_battery
ASSET_012,2025-01-08T17:30:00.000000,0.28257472426742924,solar_battery
ASSET_012,2025-01-08T18:00:00.000000,-0.6477158932006457,solar_battery
ASSET_012,2025-01-08T18:30:00.000000,-1.0072631338232765,solar_battery
ASSET_012,2025-01-08T19:00:00.000000,-0.3865047560953798,solar_battery
ASSET_012,2025-01-08T19:30:00.000000,-1.423997086721608,solar_battery
ASSET_012,2025-01-08T20:00:00.000000,-0.873674749938484,solar_battery
ASSET_012,2025-01-08T20:30:00.000000,-0.7602255781716278,solar_battery
ASSET_012,2025-01-08T21:00:00.000000,-0.8739454292587766,solar_battery
ASSET_012,2025-01-08T21:30:00.000000,-1.1369133400389915,solar_battery
ASSET_012,2025-01-08T22:00:00.000000,-0.7197059556826757,solar_battery
ASSET_012,2025-01-08T22:30:00.000000,-0.5434051589390582,solar_battery
ASSET_012,2025-01-08T23:00:00.000000,-0.5265732096727471,solar_battery
ASSET_012,2025-01-08T23:30:00.000000,-0.5777606617614767,solar_battery
ASSET_012,2025-01-09T00:00:00.000000,-0.5503861062095866,solar_battery
ASSET_012,2025-01-09T00:30:00.000000,-1.0445287896960165,solar_battery
ASSET_012,2025-01-09T01:00:00.000000,-0.9323107485204286,solar_battery
ASSET_012,2025-01-09T01:30:00.000000,-1.1032495372404572,solar_battery
ASSET_012,2025-01-09T02:00:00.000000,-1.0426670662606738,solar_battery
ASSET_012,2025-01-09T02:30:00.000000,-0.7063469859645667,solar_battery
ASSET_012,2025-01-09T03:00:00.000000,-0.9862158933819094,solar_battery
ASSET_012,2025-01-09T03:30:00.000000,-0.38648583520001967,solar_battery
ASSET_012,2025-01-09T04:00:00.000000,-1.0133900930097994,solar_battery
ASSET_012,2025-01-09T04:30:00.000000,-1.0454815697961948,solar_battery
ASSET_012,2025-01-09T05:00:00.000000,-1.0642938472210686,solar_battery
ASSET_012,2025-01-09T05:30:00.000000,-1.2428518341731052,solar_battery
ASSET_012,2025-01-09T06:00:00.000000,-1.1138807869706226,solar_battery
ASSET_012,2025-01-09T06:30:00.000000,-0.8293308734932051,solar_battery
ASSET_012,2025-01-09T07:00:00.000000,-0.41537717477975333,solar_battery
ASSET_012,2025-01-09T07:30:00.000000,-0.6331604703024518,solar_battery
ASSET_012,2025-01-09T08:00:00.000000,-0.03182793005020443,solar_battery
ASSET_012,2025-01-09T08:30:00.000000,0.08214392486486559,solar_battery
ASSET_012,2025-01-09T09:00:00.000000,0.7733621428690158,solar_battery
ASSET_012,2025-01-09T09:30:00.000000,1.0420956871247073,solar_battery
ASSET_012,2025-01-09T10:00:00.000000,0.8933462355331516,solar_battery
ASSET_012,2025-01-09T10:30:00.000000,1.138305202767795,solar_battery
ASSET_012,2025-01-09T11:00:00.000000,1.5718032568563332,solar_battery
ASSET_012,2025-01-09T11:30:00.000000,1.09707946796085,solar_battery
ASSET_012,2025-01-09T12:00:00.000000,1.4999364120880625,solar_battery
ASSET_012,2025-01-09T12:30:00.000000,1.5368267504633153,solar_battery
ASSET_012,2025-01-09T13:00:00.000000,1.501427389529307,solar_battery
ASSET_012,2025-01-09T13:30:00.000000,1.738513770058622,solar_battery
ASSET_012,2025-01-09T14:00:00.000000,1.4765292031806656,solar_battery
ASSET_012,2025-01-09T14:30:00.000000,1.3817948448368482,solar_battery
ASSET_012,2025-01-09T15:00:00.000000,1.2826100176949655,solar_battery
ASSET_012,2025-01-09T15:30:00.000000,1.593436919557433,solar_battery
ASSET_012,2025-01-09T16:00:00.000000,1.1032291851533518,solar_battery
ASSET_012,2025-01-09T16:30:00.000000,0.24834239584037054,solar_battery
ASSET_012,2025-01-09T17:00:00.000000,0.27532268476345645,solar_battery
ASSET_012,2025-01-09T17:30:00.000000,0.09409977102770176,solar_battery
ASSET_012,2025-01-09T18:00:00.000000,-0.9627627177123145,solar_battery
ASSET_012,2025-01-09T18:30:00.000000,-1.0955879280502117,solar_battery
ASSET_012,2025-01-09T19:00:00.000000,-0.982000980940351,solar_battery
ASSET_012,2025-01-09T19:30:00.000000,-0.973884477055995,solar_battery
ASSET_012,2025-01-09T20:00:00.000000,-1.17914080062841,solar_battery
ASSET_012,2025-01-09T20:30:00.000000,-1.2553205903427118,solar_battery
ASSET_012,2025-01-09T21:00:00.000000,-1.195554929472712,solar_battery
ASSET_012,2025-01-09T21:30:00.000000,-1.031645742174412,solar_battery
ASSET_012,2025-01-09T22:00:00.000000,-0.5062408779957766,solar_battery
ASSET_012,2025-01-09T22:30:00.000000,-0.4451962454383648,solar_battery
ASSET_012,2025-01-09T23:00:00.000000,-0.8409598920053029,solar_battery
ASSET_012,2025-01-09T23:30:00.000000,-0.654231590316587,solar_battery
ASSET_012,2025-01-10T00:00:00.000000,-0.5689993779312084,solar_battery
ASSET_012,2025-01-10T00:30:00.000000,-0.5202572251654093,solar_battery
ASSET_012,2025-01-10T01:00:00.000000,-0.8917655985223216,solar_battery
ASSET_012,2025-01-10T01:30:00.000000,-0.9306693275162633,solar_battery
ASSET_012,2025-01-10T02:00:00.000000,-0.9041301838792658,solar_battery
ASSET_012,2025-01-10T02:30:00.000000,-1.2259297934953772,solar_battery
ASSET_012,2025-01-10T03:00:00.000000,-1.0585983170044864,solar_battery
ASSET_012,2025-01-10T03:30:00.000000,-0.8334312987224132,solar_battery
ASSET_012,2025-01-10T04:00:00.000000,-0.9057403100688433,solar_battery
ASSET_012,2025-01-10T04:30:00.000000,-1.124671846182665,solar_battery
ASSET_012,2025-01-10T05:00:00.000000,-1.0375253796258006,solar_battery
ASSET_012,2025-01-10T05:30:00.000000,-1.2876938295564855,solar_battery
ASSET_012,2025-01-10T06:00:00.000000,-0.9311618844259941,solar_battery
ASSET_012,2025-01-10T06:30:00.000000,-1.1186771446727537,solar_battery
ASSET_012,2025-01-10T07:00:00.000000,-0.5089584835374918,solar_battery
ASSET_012,2025-01-10T07:30:00.000000,-0.5295438557928315,solar_battery
ASSET_012,2025-01-10T08:00:00.000000,0.17509785080870202,solar_battery
ASSET_012,2025-01-10T08:30:00.000000,0.082701744080998,solar_battery
ASSET_012,2025-01-10T09:00:00.000000,0.9135892472510198,solar_battery
ASSET_012,2025-01-10T09:30:00.000000,0.6607668670865212,solar_battery
ASSET_012,2025-01-10T10:00:00.000000,1.5973748925076678,solar_battery
ASSET_012,2025-01-10T10:30:00.000000,1.5667140302966278,solar_battery
ASSET_012,2025-01-10T11:00:00.000000,1.3231984146268332,solar_battery
ASSET_012,2025-01-10T11:30:00.000000,1.5538978768549414,solar_battery
ASSET_012,2025-01-10T12:00:00.000000,1.5438424108793132,solar_battery
ASSET_012,2025-01-10T12:30:00.000000,1.6216045848347331,solar_battery
ASSET_012,2025-01-10T13:00:00.000000,2.173042871488178,solar_battery
ASSET_012,2025-01-10T13:30:00.000000,1.6186431391456348,solar_battery
ASSET_012,2025-01-10T14:00:00.000000,1.6015177583596798,solar_battery
ASSET_012,2025-01-10T14:30:00.000000,1.6449806200230837,solar_battery
ASSET_012,2025-01-10T15:00:00.000000,0.9397479379263554,solar_battery
ASSET_012,2025-01-10T15:30:00.000000,0.974676073464124,solar_battery
ASSET_012,2025-01-10T16:00:00.000000,0.42036225199738275,solar_battery
ASSET_012,2025-01-10T16:30:00.000000,0.4971746449998648,solar_battery
ASSET_012,2025-01-10T17:00:00.000000,-0.5471818655931008,solar_battery
ASSET_012,2025-01-10T17:30:00.000000,0.2675251368334937,solar_battery
ASSET_012,2025-01-10T18:00:00.000000,-0.5069934780985432,solar_battery
ASSET_012,2025-01-10T18:30:00.000000,-0.9645230226312336,solar_battery
ASSET_012,2025-01-10T19:00:00.000000,-1.3501267783550253,solar_battery
ASSET_012,2025-01-10T19:30:00.000000,-1.1644885840092671,solar_battery
ASSET_012,2025-01-10T20:00:00.000000,-1.1503228216706678,solar_battery
ASSET_012,2025-01-10T20:30:00.000000,-1.2844127253958786,solar_battery
ASSET_012,2025-01-10T21:00:00.000000,-0.8814241324291981,solar_battery
ASSET_012,2025-01-10T21:30:00.000000,-0.8934055549939557,solar_battery
ASSET_012,2025-01-10T22:00:00.000000,-0.9273084305162382,solar_battery
ASSET_012,2025-01-10T22:30:00.000000,-0.47598054933259804,solar_battery
ASSET_012,2025-01-10T23:00:00.000000,-0.3559192472107002,solar_battery
ASSET_012,2025-01-10T23:30:00.000000,-0.2657403172141495,solar_battery
ASSET_012,2025-01-11T00:00:00.000000,0.007650885540630981,solar_battery
ASSET_012,2025-01-11T00:30:00.000000,-0.8964782358663674,solar_battery
ASSET_012,2025-01-11T01:00:00.000000,-0.06818595416629414,solar_battery
ASSET_012,2025-01-11T01:30:00.000000,-0.831008389743252,solar_battery
ASSET_012,2025-01-11T02:00:00.000000,-0.9496917092913234,solar_battery
ASSET_012,2025-01-11T02:30:00.000000,-0.7290026300293171,solar_battery
ASSET_012,2025-01-11T03:00:00.000000,-1.0000069493848927,solar_battery
ASSET_012,2025-01-11T03:30:00.000000,-0.7645416354474034,solar_battery
ASSET_012,2025-01-11T04:00:00.000000,-1.2176550030219842,solar_battery
ASSET_012,2025-01-11T04:30:00.000000,-0.958137102460256,solar_battery
ASSET_012,2025-01-11T05:00:00.000000,-0.6177713494569095,solar_battery
ASSET_012,2025-01-11T05:30:00.000000,-0.9400057956471899,solar_battery
ASSET_012,2025-01-11T06:00:00.000000,-0.9010170111824282,solar_battery
ASSET_012,2025-01-11T06:30:00.000000,-0.8209379348678453,solar_battery
ASSET_012,2025-01-11T07:00:00.000000,0.0016953180888278352,solar_battery
ASSET_012,2025-01-11T07:30:00.000000,-0.6765174038728745,solar_battery
ASSET_012,2025-01-11T08:00:00.000000,0.48944929447595215,solar_battery
ASSET_012,2025-01-11T08:30:00.000000,0.28481012861694466,solar_battery
ASSET_012,2025-01-11T09:00:00.000000,0.9474478186386405,solar_battery
ASSET_012,2025-01-11T09:30:00.000000,1.1618427645067695,solar_battery
ASSET_012,2025-01-11T10:00:00.000000,1.0709587131222538,solar_battery
ASSET_012,2025-01-11T10:30:00.000000,1.114528843514755,solar_battery
ASSET_012,2025-01-11T11:00:00.000000,1.2043125188902142,solar_battery
ASSET_012,2025-01-11T11:30:00.000000,1.5370175631982212,solar_battery
ASSET_012,2025-01-11T12:00:00.000000,2.1393037626509157,solar_battery
ASSET_012,2025-01-11T12:30:00.000000,1.791059074766367,solar_battery
ASSET_012,2025-01-11T13:00:00.000000,1.479183447266665,solar_battery
ASSET_012,2025-01-11T13:30:00.000000,1.6842505235258023,solar_battery
ASSET_012,2025-01-11T14:00:00.000000,1.2554767006233474,solar_battery
ASSET_012,2025-01-11T14:30:00.000000,1.342518845045618,solar_battery
ASSET_012,2025-01-11T15:00:00.000000,1.3613957206322298,solar_battery
ASSET_012,2025-01-11T15:30:00.000000,0.9863495838554917,solar_battery
ASSET_012,2025-01-11T16:00:00.000000,1.0578687112138239,solar_battery
ASSET_012,2025-01-11T16:30:00.000000,0.7737676081657509,solar_battery
ASSET_012,2025-01-11T17:00:00.000000,0.23390142740670103,solar_battery
ASSET_012,2025-01-11T17:30:00.000000,0.14654918623412036,solar_battery
ASSET_012,2025-01-11T18:00:00.000000,-0.7395165187495065,solar_battery
ASSET_012,2025-01-11T18:30:00.000000,-0.7370416269335175,solar_battery
ASSET_012,2025-01-11T19:00:00.000000,-0.8532758698373665,solar_battery
ASSET_012,2025-01-11T19:30:00.000000,-0.7981395288784521,solar_battery
ASSET_012,2025-01-11T20:00:00.000000,-1.0100650428158704,solar_battery
ASSET_012,2025-01-11T20:30:00.000000,-0.8290348003767966,solar_battery
ASSET_012,2025-01-11T21:00:00.000000,-1.080778436911144,solar_battery
ASSET_012,2025-01-11T21:30:00.000000,-0.9991521814784539,solar_battery
ASSET_012,2025-01-11T22:00:00.000000,-0.6184144998479113,solar_battery
ASSET_012,2025-01-11T22:30:00.000000,-0.6622324494366069,solar_battery
ASSET_012,2025-01-11T23:00:00.000000,-0.7793879749520869,solar_battery
ASSET_012,2025-01-11T23:30:00.000000,-0.5017555185727247,solar_battery
ASSET_012,2025-01-12T00:00:00.000000,-0.36545458092476885,solar_battery
ASSET_012,2025-01-12T00:30:00.000000,-0.3989355267993058,solar_battery
ASSET_012,2025-01-12T01:00:00.000000,-1.0475745371280474,solar_battery
ASSET_012,2025-01-12T01:30:00.000000,-0.43659012416349324,solar_battery
ASSET_012,2025-01-12T02:00:00.000000,-0.883858040388303,solar_battery
ASSET_012,2025-01-12T02:30:00.000000,-0.663324076365058,solar_battery
ASSET_012,2025-01-12T03:00:00.000000,-1.0778039088939004,solar_battery
ASSET_012,2025-01-12T03:30:00.000000,-0.8262370498728084,solar_battery
ASSET_012,2025-01-12T04:00:00.000000,-0.8255429140697741,solar_battery
ASSET_012,2025-01-12T04:30:00.000000,-1.2571416280257484,solar_battery
ASSET_012,2025-01-12T05:00:00.000000,-0.780326965781107,solar_battery
ASSET_012,2025-01-12T05:30:00.000000,-0.6032866838225168,solar_battery
ASSET_012,2025-01-12T06:00:00.000000,-0.9769155069635908,solar_battery
ASSET_012,2025-01-12T06:30:00.000000,-0.608559648601277,solar_battery
ASSET_012,2025-01-12T07:00:00.000000,-0.3247899113759884,solar_battery
ASSET_012,2025-01-12T07:30:00.000000,-0.07536318549622248,solar_battery
ASSET_012,2025-01-12T08:00:00.000000,-0.18329326979329608,solar_battery
ASSET_012,2025-01-12T08:30:00.000000,0.929670189070199,solar_battery
ASSET_012,2025-01-12T09:00:00.000000,1.2663647026221088,solar_battery
ASSET_012,2025-01-12T09:30:00.000000,0.8391446027429162,solar_battery
ASSET_012,2025-01-12T10:00:00.000000,0.88426214306658,solar_battery
ASSET_012,2025-01-12T10:30:00.000000,1.4266903178544137,solar_battery
ASSET_012,2025-01-12T11:00:00.000000,1.3222735779238262,solar_battery
ASSET_012,2025-01-12T11:30:00.000000,1.7755805582353248,solar_battery
ASSET_012,2025-01-12T12:00:00.000000,1.9187757725994274,solar_battery
ASSET_012,2025-01-12T12:30:00.000000,1.5940632394395138,solar_battery
ASSET_012,2025-01-12T13:00:00.000000,2.069845507891264,solar_battery
ASSET_012,2025-01-12T13:30:00.000000,1.994151350897295,solar_battery
ASSET_012,2025-01-12T14:00:00.000000,1.846761110410352,solar_battery
ASSET_012,2025-01-12T14:30:00.000000,1.6146893583416317,solar_battery
ASSET_012,2025-01-12T15:00:00.000000,0.928353406109649,solar_battery
ASSET_012,2025-01-12T15:30:00.000000,1.5027685274996117,solar_battery
ASSET_012,2025-01-12T16:00:00.000000,0.7259473421724416,solar_battery
ASSET_012,2025-01-12T16:30:00.000000,0.457289243598791,solar_battery
ASSET_012,2025-01-12T17:00:00.000000,0.5378481462938531,solar_battery
ASSET_012,2025-01-12T17:30:00.000000,0.717216503380617,solar_battery
ASSET_012,2025-01-12T18:00:00.000000,-0.9348995509550088,solar_battery
ASSET_012,2025-01-12T18:30:00.000000,-0.40681092289521004,solar_battery
ASSET_012,2025-01-12T19:00:00.000000,-0.9117733794295637,solar_battery
ASSET_012,2025-01-12T19:30:00.000000,-1.0249983312962119,solar_battery
ASSET_012,2025-01-12T20:00:00.000000,-1.1104735510394828,solar_battery
ASSET_012,2025-01-12T20:30:00.000000,-0.5662637441167101,solar_battery
ASSET_012,2025-01-12T21:00:00.000000,-1.1869223023304956,solar_battery
ASSET_012,2025-01-12T21:30:00.000000,-0.8232231364034334,solar_battery
ASSET_012,2025-01-12T22:00:00.000000,-0.6866993204142099,solar_battery
ASSET_012,2025-01-12T22:30:00.000000,-0.662973623017847,solar_battery
ASSET_012,2025-01-12T23:00:00.000000,-0.36674121694616124,solar_battery
ASSET_012,2025-01-12T23:30:00.000000,-0.7052099866083021,solar_battery
ASSET_012,2025-01-13T00:00:00.000000,-0.8971508910608704,solar_battery
ASSET_012,2025-01-13T00:30:00.000000,-0.5281268726780464,solar_battery
ASSET_012,2025-01-13T01:00:00.000000,-0.49427036315756673,solar_battery
ASSET_012,2025-01-13T01:30:00.000000,-0.7229201607425403,solar_battery
ASSET_012,2025-01-13T02:00:00.000000,-1.1071447461497477,solar_battery
ASSET_012,2025-01-13T02:30:00.000000,-1.072546039831419,solar_battery
ASSET_012,2025-01-13T03:00:00.000000,-0.9929523710583553,solar_battery
ASSET_012,2025-01-13T03:30:00.000000,-0.9351088194938065,solar_battery
ASSET_012,2025-01-13T04:00:00.000000,-1.2968954395688768,solar_battery
ASSET_012,2025-01-13T04:30:00.000000,-0.8862785156361642,solar_battery
ASSET_012,2025-01-13T05:00:00.000000,-1.0692545487732168,solar_battery
ASSET_012,2025-01-13T05:30:00.000000,-1.5015477443598715,solar_battery
ASSET_012,2025-01-13T06:00:00.000000,-1.3229423557905753,solar_battery
ASSET_012,2025-01-13T06:30:00.000000,-1.2209908816763995,solar_battery
ASSET_012,2025-01-13T07:00:00.000000,-0.4602159804522719,solar_battery
ASSET_012,2025-01-13T07:30:00.000000,0.010696775790540347,solar_battery
ASSET_012,2025-01-13T08:00:00.000000,0.24735349233817877,solar_battery
ASSET_012,2025-01-13T08:30:00.000000,-0.01159287471100201,solar_battery
ASSET_012,2025-01-13T09:00:00.000000,0.8085863116441238,solar_battery
ASSET_012,2025-01-13T09:30:00.000000,0.6711338592214732,solar_battery
ASSET_012,2025-01-13T10:00:00.000000,1.2930054869491465,solar_battery
ASSET_012,2025-01-13T10:30:00.000000,1.354399754349644,solar_battery
ASSET_012,2025-01-13T11:00:00.000000,1.8273842075256592,solar_battery
ASSET_012,2025-01-13T11:30:00.000000,1.531340093231108,solar_battery
ASSET_012,2025-01-13T12:00:00.000000,2.09335052662396,solar_battery
ASSET_012,2025-01-13T12:30:00.000000,1.9179254390086857,solar_battery
ASSET_012,2025-01-13T13:00:00.000000,1.5226747884985017,solar_battery
ASSET_012,2025-01-13T13:30:00.000000,2.222825639033058,solar_battery
ASSET_012,2025-01-13T14:00:00.000000,1.5935421926459203,solar_battery
ASSET_012,2025-01-13T14:30:00.000000,1.3146336285077604,solar_battery
ASSET_012,2025-01-13T15:00:00.000000,1.5765981196176342,solar_battery
ASSET_012,2025-01-13T15:30:00.000000,1.6785656077699598,solar_battery
ASSET_012,2025-01-13T16:00:00.000000,0.7018815578426367,solar_battery
ASSET_012,2025-01-13T16:30:00.000000,0.5889315586451881,solar_battery
ASSET_012,2025-01-13T17:00:00.000000,0.0954553708541441,solar_battery
ASSET_012,2025-01-13T17:30:00.000000,0.3083609752472709,solar_battery
ASSET_012,2025-01-13T18:00:00.000000,-0.6933144027926766,solar_battery
ASSET_012,2025-01-13T18:30:00.000000,-0.8630830405927423,solar_battery
ASSET_012,2025-01-13T19:00:00.000000,-0.9858086820800548,solar_battery
ASSET_012,2025-01-13T19:30:00.000000,-0.6506994272402169,solar_battery
ASSET_012,2025-01-13T20:00:00.000000,-1.115273132397034,solar_battery
ASSET_012,2025-01-13T20:30:00.000000,-0.7927717376566108,solar_battery
ASSET_012,2025-01-13T21:00:00.000000,-1.1570030372483426,solar_battery
ASSET_012,2025-01-13T21:30:00.000000,-0.9844224557214214,solar_battery
ASSET_012,2025-01-13T22:00:00.000000,-0.6772550155497082,solar_battery
ASSET_012,2025-01-13T22:30:00.000000,-0.6634045238366745,solar_battery
ASSET_012,2025-01-13T23:00:00.000000,-0.8129270506601742,solar_battery
ASSET_012,2025-01-13T23:30:00.000000,-0.3995893189858772,solar_battery
ASSET_012,2025-01-14T00:00:00.000000,-0.9759022491460485,solar_battery
ASSET_012,2025-01-14T00:30:00.000000,-0.97765574061169,solar_battery
ASSET_012,2025-01-14T01:00:00.000000,-0.36860725772793,solar_battery
ASSET_012,2025-01-14T01:30:00.000000,-0.6429622980137167,solar_battery
ASSET_012,2025-01-14T02:00:00.000000,-1.5224272876863285,solar_battery
ASSET_012,2025-01-14T02:30:00.000000,-1.085662097410497,solar_battery
ASSET_012,2025-01-14T03:00:00.000000,-1.4470094753708573,solar_battery
ASSET_012,2025-01-14T03:30:00.000000,-1.2402978007756256,solar_battery
ASSET_012,2025-01-14T04:00:00.000000,-1.8130511410315011,solar_battery
ASSET_012,2025-01-14T04:30:00.000000,-1.0926851197818777,solar_battery
ASSET_012,2025-01-14T05:00:00.000000,-1.3638437844854354,solar_battery
ASSET_012,2025-01-14T05:30:00.000000,-1.0754004862555753,solar_battery
ASSET_012,2025-01-14T06:00:00.000000,-1.490029102131806,solar_battery
ASSET_012,2025-01-14T06:30:00.000000,-1.0801011552387105,solar_battery
ASSET_012,2025-01-14T07:00:00.000000,-0.5423100418792972,solar_battery
ASSET_012,2025-01-14T07:30:00.000000,-0.08226142348515575,solar_battery
ASSET_012,2025-01-14T08:00:00.000000,0.5289180256836179,solar_battery
ASSET_012,2025-01-14T08:30:00.000000,0.3786753235871359,solar_battery
ASSET_012,2025-01-14T09:00:00.000000,0.6772476112517135,solar_battery
ASSET_012,2025-01-14T09:30:00.000000,1.232126213472875,solar_battery
ASSET_012,2025-01-14T10:00:00.000000,0.8423350427795395,solar_battery
ASSET_012,2025-01-14T10:30:00.000000,0.8782094383658174,solar_battery
ASSET_012,2025-01-14T11:00:00.000000,1.5170609082185387,solar_battery
ASSET_012,2025-01-14T11:30:00.000000,2.078137998332983,solar_battery
ASSET_012,2025-01-14T12:00:00.000000,1.651438662351179,solar_battery
ASSET_012,2025-01-14T12:30:00.000000,1.6560211416297723,solar_battery
ASSET_012,2025-01-14T13:00:00.000000,1.3464017937865924,solar_battery
ASSET_012,2025-01-14T13:30:00.000000,1.9194833797183175,solar_battery
ASSET_012,2025-01-14T14:00:00.000000,1.7438258105001418,solar_battery
ASSET_012,2025-01-14T14:30:00.000000,1.7044415577970753,solar_battery
ASSET_012,2025-01-14T15:00:00.000000,1.028886025838966,solar_battery
ASSET_012,2025-01-14T15:30:00.000000,1.0102893629128118,solar_battery
ASSET_012,2025-01-14T16:00:00.000000,0.39945828103813835,solar_battery
ASSET_012,2025-01-14T16:30:00.000000,0.7299370215579554,solar_battery
ASSET_012,2025-01-14T17:00:00.000000,-0.1224723983838174,solar_battery
ASSET_012,2025-01-14T17:30:00.000000,-0.14575460061680628,solar_battery
ASSET_012,2025-01-14T18:00:00.000000,-1.1016857720585622,solar_battery
ASSET_012,2025-01-14T18:30:00.000000,-1.1173974820442119,solar_battery
ASSET_012,2025-01-14T19:00:00.000000,-1.1393370990305487,solar_battery
ASSET_012,2025-01-14T19:30:00.000000,-0.8982755488716169,solar_battery
ASSET_012,2025-01-14T20:00:00.000000,-1.0212209063486015,solar_battery
ASSET_012,2025-01-14T20:30:00.000000,-1.1093498261873367,solar_battery
ASSET_012,2025-01-14T21:00:00.000000,-1.04394486284928,solar_battery
ASSET_012,2025-01-14T21:30:00.000000,-1.3258344555091475,solar_battery
ASSET_012,2025-01-14T22:00:00.000000,-0.6247331302616772,solar_battery
ASSET_012,2025-01-14T22:30:00.000000,-0.6138554017172878,solar_battery
ASSET_012,2025-01-14T23:00:00.000000,-1.0830855327150393,solar_battery
ASSET_012,2025-01-14T23:30:00.000000,-0.483387785420357,solar_battery
ASSET_013,2025-01-01T00:00:00.000000,-1.011544089254479,solar_battery
ASSET_013,2025-01-01T00:30:00.000000,-0.7783256481904557,solar_battery
ASSET_013,2025-01-01T01:00:00.000000,-0.5981868958022913,solar_battery
ASSET_013,2025-01-01T01:30:00.000000,-0.6554832916794276,solar_battery
ASSET_013,2025-01-01T02:00:00.000000,-0.9417599867434795,solar_battery
ASSET_013,2025-01-01T02:30:00.000000,-1.0369997606916963,solar_battery
ASSET_013,2025-01-01T03:00:00.000000,-0.7847291762978282,solar_battery
ASSET_013,2025-01-01T03:30:00.000000,-0.8502052396818955,solar_battery
ASSET_013,2025-01-01T04:00:00.000000,-1.2082152259459227,solar_battery
ASSET_013,2025-01-01T04:30:00.000000,-1.2505820964157373,solar_battery
ASSET_013,2025-01-01T05:00:00.000000,-1.58714299149376,solar_battery
ASSET_013,2025-01-01T05:30:00.000000,-1.0528101058826596,solar_battery
ASSET_013,2025-01-01T06:00:00.000000,-1.1198474588044158,solar_battery
ASSET_013,2025-01-01T06:30:00.000000,-0.8273140700857899,solar_battery
ASSET_013,2025-01-01T07:00:00.000000,-0.3565569126951307,solar_battery
ASSET_013,2025-01-01T07:30:00.000000,-0.122515128528973,solar_battery
ASSET_013,2025-01-01T08:00:00.000000,0.02282496416478702,solar_battery
ASSET_013,2025-01-01T08:30:00.000000,0.4633484582968964,solar_battery
ASSET_013,2025-01-01T09:00:00.000000,0.6286949876252873,solar_battery
ASSET_013,2025-01-01T09:30:00.000000,0.9422579734405498,solar_battery
ASSET_013,2025-01-01T10:00:00.000000,0.86496149525373,solar_battery
ASSET_013,2025-01-01T10:30:00.000000,1.2714959813089817,solar_battery
ASSET_013,2025-01-01T11:00:00.000000,1.0608437462448959,solar_battery
ASSET_013,2025-01-01T11:30:00.000000,1.473055855565893,solar_battery
ASSET_013,2025-01-01T12:00:00.000000,1.805684958530699,solar_battery
ASSET_013,2025-01-01T12:30:00.000000,1.574967547704537,solar_battery
ASSET_013,2025-01-01T13:00:00.000000,1.4403552483519946,solar_battery
ASSET_013,2025-01-01T13:30:00.000000,1.8955287118844508,solar_battery
ASSET_013,2025-01-01T14:00:00.000000,1.4902324398978353,solar_battery
ASSET_013,2025-01-01T14:30:00.000000,1.3975665541737357,solar_battery
ASSET_013,2025-01-01T15:00:00.000000,1.1899540083993594,solar_battery
ASSET_013,2025-01-01T15:30:00.000000,1.8126995813892743,solar_battery
ASSET_013,2025-01-01T16:00:00.000000,0.9866483050829018,solar_battery
ASSET_013,2025-01-01T16:30:00.000000,0.9888253015004129,solar_battery
ASSET_013,2025-01-01T17:00:00.000000,0.24135647720119033,solar_battery
ASSET_013,2025-01-01T17:30:00.000000,0.17678182606153828,solar_battery
ASSET_013,2025-01-01T18:00:00.000000,-1.5750597491993,solar_battery
ASSET_013,2025-01-01T18:30:00.000000,-1.1629552831511516,solar_battery
ASSET_013,2025-01-01T19:00:00.000000,-1.1255601112818734,solar_battery
ASSET_013,2025-01-01T19:30:00.000000,-1.4601963474846875,solar_battery
ASSET_013,2025-01-01T20:00:00.000000,-1.3179721685163726,solar_battery
ASSET_013,2025-01-01T20:30:00.000000,-1.5155931318861007,solar_battery
ASSET_013,2025-01-01T21:00:00.000000,-1.0970656862114052,solar_battery
ASSET_013,2025-01-01T21:30:00.000000,-0.8913641326403199,solar_battery
ASSET_013,2025-01-01T22:00:00.000000,-0.38437411553016104,solar_battery
ASSET_013,2025-01-01T22:30:00.000000,-0.5504517291009821,solar_battery
ASSET_013,2025-01-01T23:00:00.000000,-0.9535694083569004,solar_battery
ASSET_013,2025-01-01T23:30:00.000000,-1.1860499245140341,solar_battery
ASSET_013,2025-01-02T00:00:00.000000,-1.2216484878563605,solar_battery
ASSET_013,2025-01-02T00:30:00.000000,-1.1045558185410798,solar_battery
ASSET_013,2025-01-02T01:00:00.000000,-1.0909720410593182,solar_battery
ASSET_013,2025-01-02T01:30:00.000000,-0.9159853530487371,solar_battery
ASSET_013,2025-01-02T02:00:00.000000,-1.1933994123504723,solar_battery
ASSET_013,2025-01-02T02:30:00.000000,-0.8686457855196172,solar_battery
ASSET_013,2025-01-02T03:00:00.000000,-1.0678776750278378,solar_battery
ASSET_013,2025-01-02T03:30:00.000000,-1.0096010635381183,solar_battery
ASSET_013,2025-01-02T04:00:00.000000,-0.7861474884942424,solar_battery
ASSET_013,2025-01-02T04:30:00.000000,-1.3430632373434204,solar_battery
ASSET_013,2025-01-02T05:00:00.000000,-0.9892886490965521,solar_battery
ASSET_013,2025-01-02T05:30:00.000000,-1.0931313227209782,solar_battery
ASSET_013,2025-01-02T06:00:00.000000,-1.180036707432727,solar_battery
ASSET_013,2025-01-02T06:30:00.000000,-0.8875384829921696,solar_battery
ASSET_013,2025-01-02T07:00:00.000000,-0.23176673803673695,solar_battery
ASSET_013,2025-01-02T07:30:00.000000,-0.6698879261676415,solar_battery
ASSET_013,2025-01-02T08:00:00.000000,0.1464738387387662,solar_battery
ASSET_013,2025-01-02T08:30:00.000000,0.2576831826848437,solar_battery
ASSET_013,2025-01-02T09:00:00.000000,0.6901132990849843,solar_battery
ASSET_013,2025-01-02T09:30:00.000000,0.8960400383594761,solar_battery
ASSET_013,2025-01-02T10:00:00.000000,1.2825495937595626,solar_battery
ASSET_013,2025-01-02T10:30:00.000000,1.6548782071465395,solar_battery
ASSET_013,2025-01-02T11:00:00.000000,1.1699018595687654,solar_battery
ASSET_013,2025-01-02T11:30:00.000000,1.5077842146525389,solar_battery
ASSET_013,2025-01-02T12:00:00.000000,1.4819593972370741,solar_battery
ASSET_013,2025-01-02T12:30:00.000000,1.8449857893053705,solar_battery
ASSET_013,2025-01-02T13:00:00.000000,1.304339025642496,solar_battery
ASSET_013,2025-01-02T13:30:00.000000,1.7755753297073995,solar_battery
ASSET_013,2025-01-02T14:00:00.000000,1.363851885937495,solar_battery
ASSET_013,2025-01-02T14:30:00.000000,1.3388646615920536,solar_battery
ASSET_013,2025-01-02T15:00:00.000000,0.8327394184725682,solar_battery
ASSET_013,2025-01-02T15:30:00.000000,1.0682807602340916,solar_battery
ASSET_013,2025-01-02T16:00:00.000000,0.9700877484051533,solar_battery
ASSET_013,2025-01-02T16:30:00.000000,0.7037623370882562,solar_battery
ASSET_013,2025-01-02T17:00:00.000000,0.28746866093289686,solar_battery
ASSET_013,2025-01-02T17:30:00.000000,0.5363393979149289,solar_battery
ASSET_013,2025-01-02T18:00:00.000000,-0.9366986596425818,solar_battery
ASSET_013,2025-01-02T18:30:00.000000,-1.1341118972949618,solar_battery
ASSET_013,2025-01-02T19:00:00.000000,-0.89808172046941,solar_battery
ASSET_013,2025-01-02T19:30:00.000000,-1.1408533272287096,solar_battery
ASSET_013,2025-01-02T20:00:00.000000,-1.1612538228559892,solar_battery
ASSET_013,2025-01-02T20:30:00.000000,-1.4049666507732248,solar_battery
ASSET_013,2025-01-02T21:00:00.000000,-0.8655661677837816,solar_battery
ASSET_013,2025-01-02T21:30:00.000000,-1.1805085837999012,solar_battery
ASSET_013,2025-01-02T22:00:00.000000,-0.606296421004193,solar_battery
ASSET_013,2025-01-02T22:30:00.000000,-0.8986308628655933,solar_battery
ASSET_013,2025-01-02T23:00:00.000000,-0.6177268553375305,solar_battery
ASSET_013,2025-01-02T23:30:00.000000,-0.9052201836216639,solar_battery
ASSET_013,2025-01-03T00:00:00.000000,-0.8340100932084379,solar_battery
ASSET_013,2025-01-03T00:30:00.000000,-0.5893217525026099,solar_battery
ASSET_013,2025-01-03T01:00:00.000000,-0.6878634785949492,solar_battery
ASSET_013,2025-01-03T01:30:00.000000,-0.882932930934822,solar_battery
ASSET_013,2025-01-03T02:00:00.000000,-1.3743514478496124,solar_battery
ASSET_013,2025-01-03T02:30:00.000000,-0.23172546318544607,solar_battery
ASSET_013,2025-01-03T03:00:00.000000,-0.5931258814904117,solar_battery
ASSET_013,2025-01-03T03:30:00.000000,-0.8386900763827727,solar_battery
ASSET_013,2025-01-03T04:00:00.000000,-1.2405765287171646,solar_battery
ASSET_013,2025-01-03T04:30:00.000000,-1.0870697399438032,solar_battery
ASSET_013,2025-01-03T05:00:00.000000,-1.2201986510330847,solar_battery
ASSET_013,2025-01-03T05:30:00.000000,-0.7864523225035873,solar_battery
ASSET_013,2025-01-03T06:00:00.000000,-1.03699930619556,solar_battery
ASSET_013,2025-01-03T06:30:00.000000,-1.28819932600636,solar_battery
ASSET_013,2025-01-03T07:00:00.000000,-0.5557113589203664,solar_battery
ASSET_013,2025-01-03T07:30:00.000000,-0.1736449809136416,solar_battery
ASSET_013,2025-01-03T08:00:00.000000,0.5742158621015827,solar_battery
ASSET_013,2025-01-03T08:30:00.000000,0.5569919541013669,solar_battery
ASSET_013,2025-01-03T09:00:00.000000,0.9373226142233592,solar_battery
ASSET_013,2025-01-03T09:30:00.000000,0.6950049500977717,solar_battery
ASSET_013,2025-01-03T10:00:00.000000,0.43710019138210754,solar_battery
ASSET_013,2025-01-03T10:30:00.000000,1.2863819151750695,solar_battery
ASSET_013,2025-01-03T11:00:00.000000,1.53672995006933,solar_battery
ASSET_013,2025-01-03T11:30:00.000000,1.570764555309039,solar_battery
ASSET_013,2025-01-03T12:00:00.000000,1.7129353632879696,solar_battery
ASSET_013,2025-01-03T12:30:00.000000,1.3816970811322022,solar_battery
ASSET_013,2025-01-03T13:00:00.000000,1.8262383328977112,solar_battery
ASSET_013,2025-01-03T13:30:00.000000,1.8441921946210709,solar_battery
ASSET_013,2025-01-03T14:00:00.000000,1.678824817155415,solar_battery
ASSET_013,2025-01-03T14:30:00.000000,1.7422419903187096,solar_battery
ASSET_013,2025-01-03T15:00:00.000000,1.3248713821035227,solar_battery
ASSET_013,2025-01-03T15:30:00.000000,1.0814919285529945,solar_battery
ASSET_013,2025-01-03T16:00:00.000000,0.6928067776354696,solar_battery
ASSET_013,2025-01-03T16:30:00.000000,0.7316775892761417,solar_battery
ASSET_013,2025-01-03T17:00:00.000000,0.1626732284286114,solar_battery
ASSET_013,2025-01-03T17:30:00.000000,0.37639759807623807,solar_battery
ASSET_013,2025-01-03T18:00:00.000000,-0.8455194992746022,solar_battery
ASSET_013,2025-01-03T18:30:00.000000,-0.5014375745032112,solar_battery
ASSET_013,2025-01-03T19:00:00.000000,-0.4806696969409583,solar_battery
ASSET_013,2025-01-03T19:30:00.000000,-0.9911063522859376,solar_battery
ASSET_013,2025-01-03T20:00:00.000000,-1.9609897104949172,solar_battery
ASSET_013,2025-01-03T20:30:00.000000,-0.7433525869941247,solar_battery
ASSET_013,2025-01-03T21:00:00.000000,-1.2175582870009287,solar_battery
ASSET_013,2025-01-03T21:30:00.000000,-1.2802241068834774,solar_battery
ASSET_013,2025-01-03T22:00:00.000000,-0.745626865997448,solar_battery
ASSET_013,2025-01-03T22:30:00.000000,-0.7571943312355054,solar_battery
ASSET_013,2025-01-03T23:00:00.000000,-0.5754095320439496,solar_battery
ASSET_013,2025-01-03T23:30:00.000000,-1.096618873459538,solar_battery
ASSET_013,2025-01-04T00:00:00.000000,-0.9386529789899845,solar_battery
ASSET_013,2025-01-04T00:30:00.000000,-0.5976419469926201,solar_battery
ASSET_013,2025-01-04T01:00:00.000000,-0.5964922892019489,solar_battery
ASSET_013,2025-01-04T01:30:00.000000,-0.5920288617164999,solar_battery
ASSET_013,2025-01-04T02:00:00.000000,-0.9963887069439917,solar_battery
ASSET_013,2025-01-04T02:30:00.000000,-1.0422837558238975,solar_battery
ASSET_013,2025-01-04T03:00:00.000000,-0.9819045893116702,solar_battery
ASSET_013,2025-01-04T03:30:00.000000,-0.8027427686542357,solar_battery
ASSET_013,2025-01-04T04:00:00.000000,-0.5443219093396199,solar_battery
ASSET_013,2025-01-04T04:30:00.000000,-1.3922214025500117,solar_battery
ASSET_013,2025-01-04T05:00:00.000000,-0.9792859873737204,solar_battery
ASSET_013,2025-01-04T05:30:00.000000,-1.2461539115497613,solar_battery
ASSET_013,2025-01-04T06:00:00.000000,-1.3315382425648377,solar_battery
ASSET_013,2025-01-04T06:30:00.000000,-0.702930405117244,solar_battery
ASSET_013,2025-01-04T07:00:00.000000,-0.14855357506756933,solar_battery
ASSET_013,2025-01-04T07:30:00.000000,-0.17139942912006767,solar_battery
ASSET_013,2025-01-04T08:00:00.000000,0.5702097235704062,solar_battery
ASSET_013,2025-01-04T08:30:00.000000,0.23403098681109516,solar_battery
ASSET_013,2025-01-04T09:00:00.000000,0.8036217198437524,solar_battery
ASSET_013,2025-01-04T09:30:00.000000,1.432030071777217,solar_battery
ASSET_013,2025-01-04T10:00:00.000000,1.2983864564387984,solar_battery
ASSET_013,2025-01-04T10:30:00.000000,1.5339952165940782,solar_battery
ASSET_013,2025-01-04T11:00:00.000000,1.6703472790527232,solar_battery
ASSET_013,2025-01-04T11:30:00.000000,1.225233662002708,solar_battery
ASSET_013,2025-01-04T12:00:00.000000,1.3292890390876955,solar_battery
ASSET_013,2025-01-04T12:30:00.000000,1.6810437872144226,solar_battery
ASSET_013,2025-01-04T13:00:00.000000,2.0542777226246107,solar_battery
ASSET_013,2025-01-04T13:30:00.000000,1.9900034198164542,solar_battery
ASSET_013,2025-01-04T14:00:00.000000,1.831942028874865,solar_battery
ASSET_013,2025-01-04T14:30:00.000000,1.375672426516381,solar_battery
ASSET_013,2025-01-04T15:00:00.000000,1.6558885797982938,solar_battery
ASSET_013,2025-01-04T15:30:00.000000,1.0365047901242064,solar_battery
ASSET_013,2025-01-04T16:00:00.000000,0.841914333645824,solar_battery
ASSET_013,2025-01-04T16:30:00.000000,0.7883519283871747,solar_battery
ASSET_013,2025-01-04T17:00:00.000000,0.1716289815845142,solar_battery
ASSET_013,2025-01-04T17:30:00.000000,0.5346208116509605,solar_battery
ASSET_013,2025-01-04T18:00:00.000000,-1.0942265248398306,solar_battery
ASSET_013,2025-01-04T18:30:00.000000,-1.2489052613708629,solar_battery
ASSET_013,2025-01-04T19:00:00.000000,-0.9288899976067471,solar_battery
ASSET_013,2025-01-04T19:30:00.000000,-1.029647330525054,solar_battery
ASSET_013,2025-01-04T20:00:00.000000,-0.14859162145513327,solar_battery
ASSET_013,2025-01-04T20:30:00.000000,-0.7968017276893742,solar_battery
ASSET_013,2025-01-04T21:00:00.000000,-1.0979295088499001,solar_battery
ASSET_013,2025-01-04T21:30:00.000000,-1.2531545474023311,solar_battery
ASSET_013,2025-01-04T22:00:00.000000,-1.0037692185365081,solar_battery
ASSET_013,2025-01-04T22:30:00.000000,-0.7985525805769838,solar_battery
ASSET_013,2025-01-04T23:00:00.000000,-0.5864151182766656,solar_battery
ASSET_013,2025-01-04T23:30:00.000000,-0.27144226711611263,solar_battery
ASSET_013,2025-01-05T00:00:00.000000,-0.41079460582689953,solar_battery
ASSET_013,2025-01-05T00:30:00.000000,-0.625017240404869,solar_battery
ASSET_013,2025-01-05T01:00:00.000000,-0.8235590962697391,solar_battery
ASSET_013,2025-01-05T01:30:00.000000,-0.6814838909622258,solar_battery
ASSET_013,2025-01-05T02:00:00.000000,-0.9319731193962982,solar_battery
ASSET_013,2025-01-05T02:30:00.000000,-0.39509264101666985,solar_battery
ASSET_013,2025-01-05T03:00:00.000000,-0.9057178727085888,solar_battery
ASSET_013,2025-01-05T03:30:00.000000,-0.8810333151817841,solar_battery
ASSET_013,2025-01-05T04:00:00.000000,-1.4326338599699922,solar_battery
ASSET_013,2025-01-05T04:30:00.000000,-0.9477408411304951,solar_battery
ASSET_013,2025-01-05T05:00:00.000000,-0.7255548925921266,solar_battery
ASSET_013,2025-01-05T05:30:00.000000,-1.1825645041929633,solar_battery
ASSET_013,2025-01-05T06:00:00.000000,-1.1151728802782752,solar_battery
ASSET_013,2025-01-05T06:30:00.000000,-0.7447493557439205,solar_battery
ASSET_013,2025-01-05T07:00:00.000000,-0.6336612065917434,solar_battery
ASSET_013,2025-01-05T07:30:00.000000,-0.0253912311373502,solar_battery
ASSET_013,2025-01-05T08:00:00.000000,0.22144898839342333,solar_battery
ASSET_013,2025-01-05T08:30:00.000000,0.2559071491170791,solar_battery
ASSET_013,2025-01-05T09:00:00.000000,0.6377239065336566,solar_battery
ASSET_013,2025-01-05T09:30:00.000000,0.9981858262664912,solar_battery
ASSET_013,2025-01-05T10:00:00.000000,1.9479327858681474,solar_battery
ASSET_013,2025-01-05T10:30:00.000000,1.545122846931648,solar_battery
ASSET_013,2025-01-05T11:00:00.000000,1.461387246355799,solar_battery
ASSET_013,2025-01-05T11:30:00.000000,1.9413646497394819,solar_battery
ASSET_013,2025-01-05T12:00:00.000000,1.74399690897578,solar_battery
ASSET_013,2025-01-05T12:30:00.000000,2.149876395542614,solar_battery
ASSET_013,2025-01-05T13:00:00.000000,1.9944157587432605,solar_battery
ASSET_013,2025-01-05T13:30:00.000000,1.0944594465105975,solar_battery
ASSET_013,2025-01-05T14:00:00.000000,1.3715843975518902,solar_battery
ASSET_013,2025-01-05T14:30:00.000000,1.8392159629415903,solar_battery
ASSET_013,2025-01-05T15:00:00.000000,1.3044769274837427,solar_battery
ASSET_013,2025-01-05T15:30:00.000000,1.0223777547190545,solar_battery
ASSET_013,2025-01-05T16:00:00.000000,0.6387749942465165,solar_battery
ASSET_013,2025-01-05T16:30:00.000000,0.3333396891435802,solar_battery
ASSET_013,2025-01-05T17:00:00.000000,0.19214910945367988,solar_battery
ASSET_013,2025-01-05T17:30:00.000000,0.7439242327037983,solar_battery
ASSET_013,2025-01-05T18:00:00.000000,-0.7318159862242419,solar_battery
ASSET_013,2025-01-05T18:30:00.000000,-0.3992999197147785,solar_battery
ASSET_013,2025-01-05T19:00:00.000000,-0.7219136127466924,solar_battery
ASSET_013,2025-01-05T19:30:00.000000,-0.6870938718916416,solar_battery
ASSET_013,2025-01-05T20:00:00.000000,-0.4853846369761625,solar_battery
ASSET_013,2025-01-05T20:30:00.000000,-0.8686203397928339,solar_battery
ASSET_013,2025-01-05T21:00:00.000000,-1.0446223279590816,solar_battery
ASSET_013,2025-01-05T21:30:00.000000,-0.7518499668081474,solar_battery
ASSET_013,2025-01-05T22:00:00.000000,-0.20357834309074752,solar_battery
ASSET_013,2025-01-05T22:30:00.000000,-0.66769151425093,solar_battery
ASSET_013,2025-01-05T23:00:00.000000,-0.7871777232604643,solar_battery
ASSET_013,2025-01-05T23:30:00.000000,-0.580675695715446,solar_battery
ASSET_013,2025-01-06T00:00:00.000000,-0.6004402719364011,solar_battery
ASSET_013,2025-01-06T00:30:00.000000,-0.6084581483212252,solar_battery
ASSET_013,2025-01-06T01:00:00.000000,-1.21944593757578,solar_battery
ASSET_013,2025-01-06T01:30:00.000000,-0.4188602574355591,solar_battery
ASSET_013,2025-01-06T02:00:00.000000,-1.1038795830552441,solar_battery
ASSET_013,2025-01-06T02:30:00.000000,-1.013615599253259,solar_battery
ASSET_013,2025-01-06T03:00:00.000000,-1.2287690807530411,solar_battery
ASSET_013,2025-01-06T03:30:00.000000,-0.36453311373106334,solar_battery
ASSET_013,2025-01-06T04:00:00.000000,-1.0017106602662194,solar_battery
ASSET_013,2025-01-06T04:30:00.000000,-1.2640416404989072,solar_battery
ASSET_013,2025-01-06T05:00:00.000000,-0.8824360958957336,solar_battery
ASSET_013,2025-01-06T05:30:00.000000,-0.9051851608523126,solar_battery
ASSET_013,2025-01-06T06:00:00.000000,-1.1450544856591722,solar_battery
ASSET_013,2025-01-06T06:30:00.000000,-0.8982543889319882,solar_battery
ASSET_013,2025-01-06T07:00:00.000000,-0.6408002057298261,solar_battery
ASSET_013,2025-01-06T07:30:00.000000,-0.5610305211182393,solar_battery
ASSET_013,2025-01-06T08:00:00.000000,-0.29225961823118707,solar_battery
ASSET_013,2025-01-06T08:30:00.000000,-0.12755588134802703,solar_battery
ASSET_013,2025-01-06T09:00:00.000000,1.189466311971369,solar_battery
ASSET_013,2025-01-06T09:30:00.000000,1.14957778926376,solar_battery
ASSET_013,2025-01-06T10:00:00.000000,1.2308527851368474,solar_battery
ASSET_013,2025-01-06T10:30:00.000000,1.6141670567866573,solar_battery
ASSET_013,2025-01-06T11:00:00.000000,1.4987509754059212,solar_battery
ASSET_013,2025-01-06T11:30:00.000000,1.4787503795756163,solar_battery
ASSET_013,2025-01-06T12:00:00.000000,1.7135625556317335,solar_battery
ASSET_013,2025-01-06T12:30:00.000000,1.6700188171223442,solar_battery
ASSET_013,2025-01-06T13:00:00.000000,1.6408131615989834,solar_battery
ASSET_013,2025-01-06T13:30:00.000000,1.9668758249693195,solar_battery
ASSET_013,2025-01-06T14:00:00.000000,1.5510960664105857,solar_battery
ASSET_013,2025-01-06T14:30:00.000000,1.68605913292521,solar_battery
ASSET_013,2025-01-06T15:00:00.000000,1.4274303133888926,solar_battery
ASSET_013,2025-01-06T15:30:00.000000,1.273063578279469,solar_battery
ASSET_013,2025-01-06T16:00:00.000000,0.47694250291735396,solar_battery
ASSET_013,2025-01-06T16:30:00.000000,0.38511980778396193,solar_battery
ASSET_013,2025-01-06T17:00:00.000000,0.17253271299677622,solar_battery
ASSET_013,2025-01-06T17:30:00.000000,0.0957238474850387,solar_battery
ASSET_013,2025-01-06T18:00:00.000000,-0.9790260570591708,solar_battery
ASSET_013,2025-01-06T18:30:00.000000,-1.0038529694196607,solar_battery
ASSET_013,2025-01-06T19:00:00.000000,-0.3901645736733035,solar_battery
ASSET_013,2025-01-06T19:30:00.000000,-1.3294765534672006,solar_battery
ASSET_013,2025-01-06T20:00:00.000000,-1.5177794836217384,solar_battery
ASSET_013,2025-01-06T20:30:00.000000,-0.9604219388199622,solar_battery
ASSET_013,2025-01-06T21:00:00.000000,-1.1782093787452026,solar_battery
ASSET_013,2025-01-06T21:30:00.000000,-1.0120116769088474,solar_battery
ASSET_013,2025-01-06T22:00:00.000000,-0.5098680746518396,solar_battery
ASSET_013,2025-01-06T22:30:00.000000,-0.34181487315706455,solar_battery
ASSET_013,2025-01-06T23:00:00.000000,-1.084088483361389,solar_battery
ASSET_013,2025-01-06T23:30:00.000000,-0.8559665819549629,solar_battery
ASSET_013,2025-01-07T00:00:00.000000,-0.6970972978686167,solar_battery
ASSET_013,2025-01-07T00:30:00.000000,-0.6150887370350657,solar_battery
ASSET_013,2025-01-07T01:00:00.000000,-0.3512178214615437,solar_battery
ASSET_013,2025-01-07T01:30:00.000000,-0.6482767604634282,solar_battery
ASSET_013,2025-01-07T02:00:00.000000,-0.9636292630127065,solar_battery
ASSET_013,2025-01-07T02:30:00.000000,-1.1637045807062387,solar_battery
ASSET_013,2025-01-07T03:00:00.000000,-1.147561599008529,solar_battery
ASSET_013,2025-01-07T03:30:00.000000,-1.15438071186567,solar_battery
ASSET_013,2025-01-07T04:00:00.000000,-0.9025515502920289,solar_battery
ASSET_013,2025-01-07T04:30:00.000000,-0.9981282341947323,solar_battery
ASSET_013,2025-01-07T05:00:00.000000,-1.4074536448888435,solar_battery
ASSET_013,2025-01-07T05:30:00.000000,-1.1943941004684244,solar_battery
ASSET_013,2025-01-07T06:00:00.000000,-0.8893885871716591,solar_battery
ASSET_013,2025-01-07T06:30:00.000000,-1.0156010348062259,solar_battery
ASSET_013,2025-01-07T07:00:00.000000,-0.3062554272873538,solar_battery
ASSET_013,2025-01-07T07:30:00.000000,-0.3508289247166756,solar_battery
ASSET_013,2025-01-07T08:00:00.000000,0.5805357551707941,solar_battery
ASSET_013,2025-01-07T08:30:00.000000,0.2468427141825168,solar_battery
ASSET_013,2025-01-07T09:00:00.000000,0.662989447121437,solar_battery
ASSET_013,2025-01-07T09:30:00.000000,0.53585370873835,solar_battery
ASSET_013,2025-01-07T10:00:00.000000,1.2749697794314272,solar_battery
ASSET_013,2025-01-07T10:30:00.000000,0.6292945459150763,solar_battery
ASSET_013,2025-01-07T11:00:00.000000,1.4929394917520633,solar_battery
ASSET_013,2025-01-07T11:30:00.000000,1.4877672858107918,solar_battery
ASSET_013,2025-01-07T12:00:00.000000,1.3725269951318526,solar_battery
ASSET_013,2025-01-07T12:30:00.000000,1.477216198722561,solar_battery
ASSET_013,2025-01-07T13:00:00.000000,1.8867780864890045,solar_battery
ASSET_013,2025-01-07T13:30:00.000000,1.7478310990314176,solar_battery
ASSET_013,2025-01-07T14:00:00.000000,1.5394927095508555,solar_battery
ASSET_013,2025-01-07T14:30:00.000000,1.5885869176047824,solar_battery
ASSET_013,2025-01-07T15:00:00.000000,1.2021296084300748,solar_battery
ASSET_013,2025-01-07T15:30:00.000000,1.4781860024083286,solar_battery
ASSET_013,2025-01-07T16:00:00.000000,0.739430624744207,solar_battery
ASSET_013,2025-01-07T16:30:00.000000,0.35983647381883116,solar_battery
ASSET_013,2025-01-07T17:00:00.000000,0.5280565522128815,solar_battery
ASSET_013,2025-01-07T17:30:00.000000,0.22570702480194593,solar_battery
ASSET_013,2025-01-07T18:00:00.000000,-1.1414208953908163,solar_battery
ASSET_013,2025-01-07T18:30:00.000000,-1.3008164123908044,solar_battery
ASSET_013,2025-01-07T19:00:00.000000,-0.9152028390833487,solar_battery
ASSET_013,2025-01-07T19:30:00.000000,-1.0383435333071296,solar_battery
ASSET_013,2025-01-07T20:00:00.000000,-0.6623971502168904,solar_battery
ASSET_013,2025-01-07T20:30:00.000000,-1.1232101262247072,solar_battery
ASSET_013,2025-01-07T21:00:00.000000,-1.2888393551678279,solar_battery
ASSET_013,2025-01-07T21:30:00.000000,-0.8728768732674129,solar_battery
ASSET_013,2025-01-07T22:00:00.000000,-0.42793234574796035,solar_battery
ASSET_013,2025-01-07T22:30:00.000000,-0.609523671773553,solar_battery
ASSET_013,2025-01-07T23:00:00.000000,-0.5600285950272659,solar_battery
ASSET_013,2025-01-07T23:30:00.000000,-0.731399195447381,solar_battery
ASSET_013,2025-01-08T00:00:00.000000,-0.7438723757577808,solar_battery
ASSET_013,2025-01-08T00:30:00.000000,-0.5204021881846586,solar_battery
ASSET_013,2025-01-08T01:00:00.000000,-0.7275693133655956,solar_battery
ASSET_013,2025-01-08T01:30:00.000000,-0.9182715787305862,solar_battery
ASSET_013,2025-01-08T02:00:00.000000,-0.6254329889777238,solar_battery
ASSET_013,2025-01-08T02:30:00.000000,-1.517565289469963,solar_battery
ASSET_013,2025-01-08T03:00:00.000000,-0.5196344396146999,solar_battery
ASSET_013,2025-01-08T03:30:00.000000,-1.4215622171297408,solar_battery
ASSET_013,2025-01-08T04:00:00.000000,-1.2103098990806826,solar_battery
ASSET_013,2025-01-08T04:30:00.000000,-1.0696278295821482,solar_battery
ASSET_013,2025-01-08T05:00:00.000000,-1.1249331088614793,solar_battery
ASSET_013,2025-01-08T05:30:00.000000,-0.8482390982803474,solar_battery
ASSET_013,2025-01-08T06:00:00.000000,-1.3538807884664563,solar_battery
ASSET_013,2025-01-08T06:30:00.000000,-1.037415963804065,solar_battery
ASSET_013,2025-01-08T07:00:00.000000,-0.5815010387031596,solar_battery
ASSET_013,2025-01-08T07:30:00.000000,-0.37189630008943875,solar_battery
ASSET_013,2025-01-08T08:00:00.000000,0.17464703651317764,solar_battery
ASSET_013,2025-01-08T08:30:00.000000,0.21249693550858267,solar_battery
ASSET_013,2025-01-08T09:00:00.000000,0.6236529588189617,solar_battery
ASSET_013,2025-01-08T09:30:00.000000,0.6332195705873448,solar_battery
ASSET_013,2025-01-08T10:00:00.000000,1.2840089128276788,solar_battery
ASSET_013,2025-01-08T10:30:00.000000,1.441555230842547,solar_battery
ASSET_013,2025-01-08T11:00:00.000000,1.3935818119844308,solar_battery
ASSET_013,2025-01-08T11:30:00.000000,1.3286646414944159,solar_battery
ASSET_013,2025-01-08T12:00:00.000000,1.847230439761241,solar_battery
ASSET_013,2025-01-08T12:30:00.000000,1.6921990656661545,solar_battery
ASSET_013,2025-01-08T13:00:00.000000,1.8917798314100551,solar_battery
ASSET_013,2025-01-08T13:30:00.000000,1.4750689480443513,solar_battery
ASSET_013,2025-01-08T14:00:00.000000,1.0879981673594736,solar_battery
ASSET_013,2025-01-08T14:30:00.000000,1.3871425298227766,solar_battery
ASSET_013,2025-01-08T15:00:00.000000,0.9959743610987293,solar_battery
ASSET_013,2025-01-08T15:30:00.000000,1.1609897713030612,solar_battery
ASSET_013,2025-01-08T16:00:00.000000,0.5569647697104377,solar_battery
ASSET_013,2025-01-08T16:30:00.000000,0.8876516894560791,solar_battery
ASSET_013,2025-01-08T17:00:00.000000,0.06766929766161908,solar_battery
ASSET_013,2025-01-08T17:30:00.000000,0.1729392403487592,solar_battery
ASSET_013,2025-01-08T18:00:00.000000,-0.9621677059741734,solar_battery
ASSET_013,2025-01-08T18:30:00.000000,-0.953210777821075,solar_battery
ASSET_013,2025-01-08T19:00:00.000000,-1.0160132386224732,solar_battery
ASSET_013,2025-01-08T19:30:00.000000,-0.8876780864148043,solar_battery
ASSET_013,2025-01-08T20:00:00.000000,-1.2311496109828624,solar_battery
ASSET_013,2025-01-08T20:30:00.000000,-0.7043320764677365,solar_battery
ASSET_013,2025-01-08T21:00:00.000000,-1.1446369376524843,solar_battery
ASSET_013,2025-01-08T21:30:00.000000,-1.4026397587397192,solar_battery
ASSET_013,2025-01-08T22:00:00.000000,-0.6048623943219744,solar_battery
ASSET_013,2025-01-08T22:30:00.000000,-0.8542833157873964,solar_battery
ASSET_013,2025-01-08T23:00:00.000000,-0.5626739981871138,solar_battery
ASSET_013,2025-01-08T23:30:00.000000,-0.19204894821907326,solar_battery
ASSET_013,2025-01-09T00:00:00.000000,-0.9887773019738841,solar_battery
ASSET_013,2025-01-09T00:30:00.000000,-0.7202306400262437,solar_battery
ASSET_013,2025-01-09T01:00:00.000000,-1.2989670548198669,solar_battery
ASSET_013,2025-01-09T01:30:00.000000,-0.7687084584648329,solar_battery
ASSET_013,2025-01-09T02:00:00.000000,-1.1625713119519254,solar_battery
ASSET_013,2025-01-09T02:30:00.000000,-1.0999603084242757,solar_battery
ASSET_013,2025-01-09T03:00:00.000000,-1.2764407919175231,solar_battery
ASSET_013,2025-01-09T03:30:00.000000,-0.8364157401028278,solar_battery
ASSET_013,2025-01-09T04:00:00.000000,-0.8180545753417485,solar_battery
ASSET_013,2025-01-09T04:30:00.000000,-1.0541951696172898,solar_battery
ASSET_013,2025-01-09T05:00:00.000000,-1.2972401571672934,solar_battery
ASSET_013,2025-01-09T05:30:00.000000,-0.7082922192217935,solar_battery
ASSET_013,2025-01-09T06:00:00.000000,-1.2800984306611176,solar_battery
ASSET_013,2025-01-09T06:30:00.000000,-1.6188877519825855,solar_battery
ASSET_013,2025-01-09T07:00:00.000000,-0.3327167727407223,solar_battery
ASSET_013,2025-01-09T07:30:00.000000,-0.7078760568043827,solar_battery
ASSET_013,2025-01-09T08:00:00.000000,0.42745848930446995,solar_battery
ASSET_013,2025-01-09T08:30:00.000000,0.09871933166304749,solar_battery
ASSET_013,2025-01-09T09:00:00.000000,0.9005260963410117,solar_battery
ASSET_013,2025-01-09T09:30:00.000000,1.0919950017829225,solar_battery
ASSET_013,2025-01-09T10:00:00.000000,0.9249373819521232,solar_battery
ASSET_013,2025-01-09T10:30:00.000000,1.079238598046919,solar_battery
ASSET_013,2025-01-09T11:00:00.000000,1.519007794754219,solar_battery
ASSET_013,2025-01-09T11:30:00.000000,1.9061811687601566,solar_battery
ASSET_013,2025-01-09T12:00:00.000000,1.5419881476942932,solar_battery
ASSET_013,2025-01-09T12:30:00.000000,1.5573191129722384,solar_battery
ASSET_013,2025-01-09T13:00:00.000000,1.8072140173868207,solar_battery
ASSET_013,2025-01-09T13:30:00.000000,1.5539253850828896,solar_battery
ASSET_013,2025-01-09T14:00:00.000000,1.551669721356525,solar_battery
ASSET_013,2025-01-09T14:30:00.000000,1.1426945284287466,solar_battery
ASSET_013,2025-01-09T15:00:00.000000,1.7113381735359163,solar_battery
ASSET_013,2025-01-09T15:30:00.000000,0.8564487720480762,solar_battery
ASSET_013,2025-01-09T16:00:00.000000,0.6325869721776812,solar_battery
ASSET_013,2025-01-09T16:30:00.000000,0.7020121725332286,solar_battery
ASSET_013,2025-01-09T17:00:00.000000,0.5958705128886539,solar_battery
ASSET_013,2025-01-09T17:30:00.000000,-0.18113762678083462,solar_battery
ASSET_013,2025-01-09T18:00:00.000000,-0.5239110074850997,solar_battery
ASSET_013,2025-01-09T18:30:00.000000,-0.8182775629355146,solar_battery
ASSET_013,2025-01-09T19:00:00.000000,-0.9101193742517005,solar_battery
ASSET_013,2025-01-09T19:30:00.000000,-1.2465343369975888,solar_battery
ASSET_013,2025-01-09T20:00:00.000000,-0.9031184807755308,solar_battery
ASSET_013,2025-01-09T20:30:00.000000,-1.2138291682454205,solar_battery
ASSET_013,2025-01-09T21:00:00.000000,-0.7838692648764168,solar_battery
ASSET_013,2025-01-09T21:30:00.000000,-1.3209228526298917,solar_battery
ASSET_013,2025-01-09T22:00:00.000000,-0.6771580386694601,solar_battery
ASSET_013,2025-01-09T22:30:00.000000,-0.783265541123161,solar_battery
ASSET_013,2025-01-09T23:00:00.000000,-0.9593597974517225,solar_battery
ASSET_013,2025-01-09T23:30:00.000000,-0.5444375304113445,solar_battery
ASSET_013,2025-01-10T00:00:00.000000,-0.671489900621688,solar_battery
ASSET_013,2025-01-10T00:30:00.000000,-0.5098375522637608,solar_battery
ASSET_013,2025-01-10T01:00:00.000000,-1.3048157395007165,solar_battery
ASSET_013,2025-01-10T01:30:00.000000,-0.6222447449689057,solar_battery
ASSET_013,2025-01-10T02:00:00.000000,-0.3486922627143455,solar_battery
ASSET_013,2025-01-10T02:30:00.000000,-1.0583938614024673,solar_battery
ASSET_013,2025-01-10T03:00:00.000000,-0.5572963674498116,solar_battery
ASSET_013,2025-01-10T03:30:00.000000,-1.0752907396503226,solar_battery
ASSET_013,2025-01-10T04:00:00.000000,-1.3891859581500452,solar_battery
ASSET_013,2025-01-10T04:30:00.000000,-1.1331594073129625,solar_battery
ASSET_013,2025-01-10T05:00:00.000000,-0.8382087956446543,solar_battery
ASSET_013,2025-01-10T05:30:00.000000,-1.290940103646288,solar_battery
ASSET_013,2025-01-10T06:00:00.000000,-1.244081278161557,solar_battery
ASSET_013,2025-01-10T06:30:00.000000,-0.9575505362496343,solar_battery
ASSET_013,2025-01-10T07:00:00.000000,-0.4419957071131612,solar_battery
ASSET_013,2025-01-10T07:30:00.000000,-0.3024206265336009,solar_battery
ASSET_013,2025-01-10T08:00:00.000000,0.2472714686466686,solar_battery
ASSET_013,2025-01-10T08:30:00.000000,0.3053024555570455,solar_battery
ASSET_013,2025-01-10T09:00:00.000000,0.6518826340161147,solar_battery
ASSET_013,2025-01-10T09:30:00.000000,0.8112503446976987,solar_battery
ASSET_013,2025-01-10T10:00:00.000000,0.9924939880940724,solar_battery
ASSET_013,2025-01-10T10:30:00.000000,1.5242875788619097,solar_battery
ASSET_013,2025-01-10T11:00:00.000000,1.384942920155759,solar_battery
ASSET_013,2025-01-10T11:30:00.000000,1.8080922492037677,solar_battery
ASSET_013,2025-01-10T12:00:00.000000,1.6439343293641122,solar_battery
ASSET_013,2025-01-10T12:30:00.000000,1.748479762581757,solar_battery
ASSET_013,2025-01-10T13:00:00.000000,1.5736687870396586,solar_battery
ASSET_013,2025-01-10T13:30:00.000000,1.4486213757730997,solar_battery
ASSET_013,2025-01-10T14:00:00.000000,1.0963210164358246,solar_battery
ASSET_013,2025-01-10T14:30:00.000000,1.2617857113989066,solar_battery
ASSET_013,2025-01-10T15:00:00.000000,1.102160862550512,solar_battery
ASSET_013,2025-01-10T15:30:00.000000,1.2307499902412653,solar_battery
ASSET_013,2025-01-10T16:00:00.000000,0.9522986563233145,solar_battery
ASSET_013,2025-01-10T16:30:00.000000,0.6028258307840875,solar_battery
ASSET_013,2025-01-10T17:00:00.000000,-0.07484522278109879,solar_battery
ASSET_013,2025-01-10T17:30:00.000000,-0.20942618799762802,solar_battery
ASSET_013,2025-01-10T18:00:00.000000,-0.8847847317030151,solar_battery
ASSET_013,2025-01-10T18:30:00.000000,-0.6680333163209576,solar_battery
ASSET_013,2025-01-10T19:00:00.000000,-0.7063029878037703,solar_battery
ASSET_013,2025-01-10T19:30:00.000000,-0.8398383925579426,solar_battery
ASSET_013,2025-01-10T20:00:00.000000,-0.8869419827204448,solar_battery
ASSET_013,2025-01-10T20:30:00.000000,-0.6327626717344268,solar_battery
ASSET_013,2025-01-10T21:00:00.000000,-1.0081684149040013,solar_battery
ASSET_013,2025-01-10T21:30:00.000000,-0.9327968433982345,solar_battery
ASSET_013,2025-01-10T22:00:00.000000,-0.7269881268444797,solar_battery
ASSET_013,2025-01-10T22:30:00.000000,-0.9768904090051417,solar_battery
ASSET_013,2025-01-10T23:00:00.000000,-0.8864780225891421,solar_battery
ASSET_013,2025-01-10T23:30:00.000000,-0.7245524557175611,solar_battery
ASSET_013,2025-01-11T00:00:00.000000,-0.6654115105996874,solar_battery
ASSET_013,2025-01-11T00:30:00.000000,-0.21769139483470573,solar_battery
ASSET_013,2025-01-11T01:00:00.000000,-0.7264923362792863,solar_battery
ASSET_013,2025-01-11T01:30:00.000000,-0.4630764299349884,solar_battery
ASSET_013,2025-01-11T02:00:00.000000,-0.9119185379783159,solar_battery
ASSET_013,2025-01-11T02:30:00.000000,-0.8823022125836562,solar_battery
ASSET_013,2025-01-11T03:00:00.000000,-1.1792740621361972,solar_battery
ASSET_013,2025-01-11T03:30:00.000000,-1.038470952292947,solar_battery
ASSET_013,2025-01-11T04:00:00.000000,-0.774360944037731,solar_battery
ASSET_013,2025-01-11T04:30:00.000000,-0.8990220346704397,solar_battery
ASSET_013,2025-01-11T05:00:00.000000,-0.7000058169283764,solar_battery
ASSET_013,2025-01-11T05:30:00.000000,-0.8828101381009004,solar_battery
ASSET_013,2025-01-11T06:00:00.000000,-1.019588895593058,solar_battery
ASSET_013,2025-01-11T06:30:00.000000,-0.41940875269112987,solar_battery
ASSET_013,2025-01-11T07:00:00.000000,-0.30180032943854196,solar_battery
ASSET_013,2025-01-11T07:30:00.000000,-0.00014324021813766352,solar_battery
ASSET_013,2025-01-11T08:00:00.000000,0.25287331246424516,solar_battery
ASSET_013,2025-01-11T08:30:00.000000,0.5194673970870238,solar_battery
ASSET_013,2025-01-11T09:00:00.000000,1.130178481960204,solar_battery
ASSET_013,2025-01-11T09:30:00.000000,0.9574927967019385,solar_battery
ASSET_013,2025-01-11T10:00:00.000000,0.7924876080139117,solar_battery
ASSET_013,2025-01-11T10:30:00.000000,1.3619441000665633,solar_battery
ASSET_013,2025-01-11T11:00:00.000000,1.9641261206839218,solar_battery
ASSET_013,2025-01-11T11:30:00.000000,1.795411109148183,solar_battery
ASSET_013,2025-01-11T12:00:00.000000,1.927001330055019,solar_battery
ASSET_013,2025-01-11T12:30:00.000000,1.4066583358501954,solar_battery
ASSET_013,2025-01-11T13:00:00.000000,1.6279042052617994,solar_battery
ASSET_013,2025-01-11T13:30:00.000000,1.8995392537001587,solar_battery
ASSET_013,2025-01-11T14:00:00.000000,1.7110554958899509,solar_battery
ASSET_013,2025-01-11T14:30:00.000000,1.9040835366929934,solar_battery
ASSET_013,2025-01-11T15:00:00.000000,1.2333111609338758,solar_battery
ASSET_013,2025-01-11T15:30:00.000000,1.365476962970654,solar_battery
ASSET_013,2025-01-11T16:00:00.000000,0.794766296028542,solar_battery
ASSET_013,2025-01-11T16:30:00.000000,0.5539702212046579,solar_battery
ASSET_013,2025-01-11T17:00:00.000000,-0.32803122100272447,solar_battery
ASSET_013,2025-01-11T17:30:00.000000,0.3168010245712333,solar_battery
ASSET_013,2025-01-11T18:00:00.000000,-0.8832526699809253,solar_battery
ASSET_013,2025-01-11T18:30:00.000000,-1.0733620101040406,solar_battery
ASSET_013,2025-01-11T19:00:00.000000,-1.3222904478600952,solar_battery
ASSET_013,2025-01-11T19:30:00.000000,-0.7825514308381905,solar_battery
ASSET_013,2025-01-11T20:00:00.000000,-1.0229843398419007,solar_battery
ASSET_013,2025-01-11T20:30:00.000000,-0.8255135886666133,solar_battery
ASSET_013,2025-01-11T21:00:00.000000,-0.5523161234986083,solar_battery
ASSET_013,2025-01-11T21:30:00.000000,-1.5136311820741595,solar_battery
ASSET_013,2025-01-11T22:00:00.000000,-0.7204041940885673,solar_battery
ASSET_013,2025-01-11T22:30:00.000000,-0.6027501471948591,solar_battery
ASSET_013,2025-01-11T23:00:00.000000,-0.2648428617036611,solar_battery
ASSET_013,2025-01-11T23:30:00.000000,-1.0067378681084136,solar_battery
ASSET_013,2025-01-12T00:00:00.000000,-0.21539335383665498,solar_battery
ASSET_013,2025-01-12T00:30:00.000000,-0.6473945836240903,solar_battery
ASSET_013,2025-01-12T01:00:00.000000,-0.7690390153172688,solar_battery
ASSET_013,2025-01-12T01:30:00.000000,-0.7935331996736804,solar_battery
ASSET_013,2025-01-12T02:00:00.000000,-0.9122031277232069,solar_battery
ASSET_013,2025-01-12T02:30:00.000000,-0.555951977775403,solar_battery
ASSET_013,2025-01-12T03:00:00.000000,-1.1167572101823549,solar_battery
ASSET_013,2025-01-12T03:30:00.000000,-0.7774128256080448,solar_battery
ASSET_013,2025-01-12T04:00:00.000000,-0.9930400777347059,solar_battery
ASSET_013,2025-01-12T04:30:00.000000,-1.0837485056084153,solar_battery
ASSET_013,2025-01-12T05:00:00.000000,-0.3056770435395775,solar_battery
ASSET_013,2025-01-12T05:30:00.000000,-0.8257389093628821,solar_battery
ASSET_013,2025-01-12T06:00:00.000000,-0.7878162692813255,solar_battery
ASSET_013,2025-01-12T06:30:00.000000,-0.6619335726395211,solar_battery
ASSET_013,2025-01-12T07:00:00.000000,-0.6203874598238619,solar_battery
ASSET_013,2025-01-12T07:30:00.000000,0.14128658524187698,solar_battery
ASSET_013,2025-01-12T08:00:00.000000,-0.25298620080385037,solar_battery
ASSET_013,2025-01-12T08:30:00.000000,0.1646595836257229,solar_battery
ASSET_013,2025-01-12T09:00:00.000000,0.7972871222008631,solar_battery
ASSET_013,2025-01-12T09:30:00.000000,1.0470683313567206,solar_battery
ASSET_013,2025-01-12T10:00:00.000000,1.4100558933350533,solar_battery
ASSET_013,2025-01-12T10:30:00.000000,1.3175279716934818,solar_battery
ASSET_013,2025-01-12T11:00:00.000000,1.6659363465108739,solar_battery
ASSET_013,2025-01-12T11:30:00.000000,1.4340901835761113,solar_battery
ASSET_013,2025-01-12T12:00:00.000000,1.4606642253237982,solar_battery
ASSET_013,2025-01-12T12:30:00.000000,1.9943627893606544,solar_battery
ASSET_013,2025-01-12T13:00:00.000000,1.967302889232498,solar_battery
ASSET_013,2025-01-12T13:30:00.000000,2.1810920722615075,solar_battery
ASSET_013,2025-01-12T14:00:00.000000,1.422959406225447,solar_battery
ASSET_013,2025-01-12T14:30:00.000000,1.7788391599333182,solar_battery
ASSET_013,2025-01-12T15:00:00.000000,1.199989567361403,solar_battery
ASSET_013,2025-01-12T15:30:00.000000,1.5537931786153742,solar_battery
ASSET_013,2025-01-12T16:00:00.000000,1.0361075443677854,solar_battery
ASSET_013,2025-01-12T16:30:00.000000,0.8415267337789012,solar_battery
ASSET_013,2025-01-12T17:00:00.000000,0.13187146086017815,solar_battery
ASSET_013,2025-01-12T17:30:00.000000,0.44398242132599763,solar_battery
ASSET_013,2025-01-12T18:00:00.000000,-0.7697429144184242,solar_battery
ASSET_013,2025-01-12T18:30:00.000000,-1.089265696500684,solar_battery
ASSET_013,2025-01-12T19:00:00.000000,-1.252360595931351,solar_battery
ASSET_013,2025-01-12T19:30:00.000000,-1.0029368104599188,solar_battery
ASSET_013,2025-01-12T20:00:00.000000,-0.5954642063513981,solar_battery
ASSET_013,2025-01-12T20:30:00.000000,-0.6840066039390391,solar_battery
ASSET_013,2025-01-12T21:00:00.000000,-1.2666463635183698,solar_battery
ASSET_013,2025-01-12T21:30:00.000000,-1.2799495506134113,solar_battery
ASSET_013,2025-01-12T22:00:00.000000,-0.24657587607692316,solar_battery
ASSET_013,2025-01-12T22:30:00.000000,-0.8250526171418788,solar_battery
ASSET_013,2025-01-12T23:00:00.000000,-0.49177026582477534,solar_battery
ASSET_013,2025-01-12T23:30:00.000000,-0.761858235179575,solar_battery
ASSET_013,2025-01-13T00:00:00.000000,-0.41190921811479625,solar_battery
ASSET_013,2025-01-13T00:30:00.000000,-0.984901951793091,solar_battery
ASSET_013,2025-01-13T01:00:00.000000,-0.6032389462813574,solar_battery
ASSET_013,2025-01-13T01:30:00.000000,-0.8332796365562688,solar_battery
ASSET_013,2025-01-13T02:00:00.000000,-0.8894732349837712,solar_battery
ASSET_013,2025-01-13T02:30:00.000000,-1.422874059524336,solar_battery
ASSET_013,2025-01-13T03:00:00.000000,-1.5408312391253367,solar_battery
ASSET_013,2025-01-13T03:30:00.000000,-1.0650678600201198,solar_battery
ASSET_013,2025-01-13T04:00:00.000000,-1.0005501659153448,solar_battery
ASSET_013,2025-01-13T04:30:00.000000,-1.3298550997923853,solar_battery
ASSET_013,2025-01-13T05:00:00.000000,-1.3510641664010428,solar_battery
ASSET_013,2025-01-13T05:30:00.000000,-0.9550243167284487,solar_battery
ASSET_013,2025-01-13T06:00:00.000000,-0.9649149246902887,solar_battery
ASSET_013,2025-01-13T06:30:00.000000,-1.1330578544931025,solar_battery
ASSET_013,2025-01-13T07:00:00.000000,-0.2554817220457607,solar_battery
ASSET_013,2025-01-13T07:30:00.000000,-0.7245386861032539,solar_battery
ASSET_013,2025-01-13T08:00:00.000000,0.10476799876379503,solar_battery
ASSET_013,2025-01-13T08:30:00.000000,0.5856830042527496,solar_battery
ASSET_013,2025-01-13T09:00:00.000000,0.7720322297959608,solar_battery
ASSET_013,2025-01-13T09:30:00.000000,0.7859499221112844,solar_battery
ASSET_013,2025-01-13T10:00:00.000000,1.768490690093354,solar_battery
ASSET_013,2025-01-13T10:30:00.000000,0.8792213896573915,solar_battery
ASSET_013,2025-01-13T11:00:00.000000,1.7283121401860206,solar_battery
ASSET_013,2025-01-13T11:30:00.000000,1.9365255593458581,solar_battery
ASSET_013,2025-01-13T12:00:00.000000,1.622034097640349,solar_battery
ASSET_013,2025-01-13T12:30:00.000000,1.906311388845163,solar_battery
ASSET_013,2025-01-13T13:00:00.000000,1.4567755999228096,solar_battery
ASSET_013,2025-01-13T13:30:00.000000,1.5276445043172624,solar_battery
ASSET_013,2025-01-13T14:00:00.000000,1.6074554493125293,solar_battery
ASSET_013,2025-01-13T14:30:00.000000,1.7067195110076385,solar_battery
ASSET_013,2025-01-13T15:00:00.000000,1.4489237502998322,solar_battery
ASSET_013,2025-01-13T15:30:00.000000,1.5566098481878115,solar_battery
ASSET_013,2025-01-13T16:00:00.000000,0.6936204470820876,solar_battery
ASSET_013,2025-01-13T16:30:00.000000,0.9962744423767523,solar_battery
ASSET_013,2025-01-13T17:00:00.000000,0.05467219821522723,solar_battery
ASSET_013,2025-01-13T17:30:00.000000,0.3533272754242073,solar_battery
ASSET_013,2025-01-13T18:00:00.000000,-0.9502026885154764,solar_battery
ASSET_013,2025-01-13T18:30:00.000000,-0.8930373023003383,solar_battery
ASSET_013,2025-01-13T19:00:00.000000,-0.9085803623479906,solar_battery
ASSET_013,2025-01-13T19:30:00.000000,-1.3953514544647545,solar_battery
ASSET_013,2025-01-13T20:00:00.000000,-1.3099816249912541,solar_battery
ASSET_013,2025-01-13T20:30:00.000000,-1.015582433308463,solar_battery
ASSET_013,2025-01-13T21:00:00.000000,-1.4928149447579162,solar_battery
ASSET_013,2025-01-13T21:30:00.000000,-0.8883773008760943,solar_battery
ASSET_013,2025-01-13T22:00:00.000000,-0.44082656809084586,solar_battery
ASSET_013,2025-01-13T22:30:00.000000,-0.5714790673093303,solar_battery
ASSET_013,2025-01-13T23:00:00.000000,-0.9914264495311451,solar_battery
ASSET_013,2025-01-13T23:30:00.000000,-0.39112094114080026,solar_battery
ASSET_013,2025-01-14T00:00:00.000000,-0.3110694464675942,solar_battery
ASSET_013,2025-01-14T00:30:00.000000,-0.7647015614129663,solar_battery
ASSET_013,2025-01-14T01:00:00.000000,-0.7551172227024595,solar_battery
ASSET_013,2025-01-14T01:30:00.000000,-0.8292284363797058,solar_battery
ASSET_013,2025-01-14T02:00:00.000000,-0.8227113946402882,solar_battery
ASSET_013,2025-01-14T02:30:00.000000,-0.978694101590335,solar_battery
ASSET_013,2025-01-14T03:00:00.000000,-1.020427451918477,solar_battery
ASSET_013,2025-01-14T03:30:00.000000,-0.7947598102365967,solar_battery
ASSET_013,2025-01-14T04:00:00.000000,-0.4968578222801858,solar_battery
ASSET_013,2025-01-14T04:30:00.000000,-1.3958247173917488,solar_battery
ASSET_013,2025-01-14T05:00:00.000000,-1.1146927441434327,solar_battery
ASSET_013,2025-01-14T05:30:00.000000,-1.3730882643424203,solar_battery
ASSET_013,2025-01-14T06:00:00.000000,-0.7179140243417401,solar_battery
ASSET_013,2025-01-14T06:30:00.000000,-1.2410571126367758,solar_battery
ASSET_013,2025-01-14T07:00:00.000000,-0.7890983256390093,solar_battery
ASSET_013,2025-01-14T07:30:00.000000,-0.2895652554067611,solar_battery
ASSET_013,2025-01-14T08:00:00.000000,0.6088270464030147,solar_battery
ASSET_013,2025-01-14T08:30:00.000000,0.34945586731925105,solar_battery
ASSET_013,2025-01-14T09:00:00.000000,0.8047864091580647,solar_battery
ASSET_013,2025-01-14T09:30:00.000000,0.8538287400766431,solar_battery
ASSET_013,2025-01-14T10:00:00.000000,1.5546252685392297,solar_battery
ASSET_013,2025-01-14T10:30:00.000000,1.0052556846577005,solar_battery
ASSET_013,2025-01-14T11:00:00.000000,1.5103255472111992,solar_battery
ASSET_013,2025-01-14T11:30:00.000000,1.4285232165496262,solar_battery
ASSET_013,2025-01-14T12:00:00.000000,1.4197123262499896,solar_battery
ASSET_013,2025-01-14T12:30:00.000000,1.6211899377399674,solar_battery
ASSET_013,2025-01-14T13:00:00.000000,1.9583133422892143,solar_battery
ASSET_013,2025-01-14T13:30:00.000000,1.8284447948676807,solar_battery
ASSET_013,2025-01-14T14:00:00.000000,1.6696980294870651,solar_battery
ASSET_013,2025-01-14T14:30:00.000000,1.5502176562578933,solar_battery
ASSET_013,2025-01-14T15:00:00.000000,1.3054966951771945,solar_battery
ASSET_013,2025-01-14T15:30:00.000000,0.9877573051587878,solar_battery
ASSET_013,2025-01-14T16:00:00.000000,0.6355252485127962,solar_battery
ASSET_013,2025-01-14T16:30:00.000000,0.7558886380078137,solar_battery
ASSET_013,2025-01-14T17:00:00.000000,0.20342916677467662,solar_battery
ASSET_013,2025-01-14T17:30:00.000000,0.2136704458242725,solar_battery
ASSET_013,2025-01-14T18:00:00.000000,-1.0332004676839306,solar_battery
ASSET_013,2025-01-14T18:30:00.000000,-1.0905816162712791,solar_battery
ASSET_013,2025-01-14T19:00:00.000000,-0.252357144182648,solar_battery
ASSET_013,2025-01-14T19:30:00.000000,-0.7925933066095039,solar_battery
ASSET_013,2025-01-14T20:00:00.000000,-0.9410369846360391,solar_battery
ASSET_013,2025-01-14T20:30:00.000000,-1.0961624184342031,solar_battery
ASSET_013,2025-01-14T21:00:00.000000,-1.1961604841105662,solar_battery
ASSET_013,2025-01-14T21:30:00.000000,-1.1192601081385052,solar_battery
ASSET_013,2025-01-14T22:00:00.000000,-0.5797210775391959,solar_battery
ASSET_013,2025-01-14T22:30:00.000000,-1.1013045305751394,solar_battery
ASSET_013,2025-01-14T23:00:00.000000,-1.0990077893591679,solar_battery
ASSET_013,2025-01-14T23:30:00.000000,-0.8752060598145937,solar_battery
ASSET_014,2025-01-01T00:00:00.000000,-0.7502865351731436,solar_battery
ASSET_014,2025-01-01T00:30:00.000000,-0.8574255553164444,solar_battery
ASSET_014,2025-01-01T01:00:00.000000,-0.52289661926688,solar_battery
ASSET_014,2025-01-01T01:30:00.000000,-1.2334209424097407,solar_battery
ASSET_014,2025-01-01T02:00:00.000000,-1.130322912704809,solar_battery
ASSET_014,2025-01-01T02:30:00.000000,-0.5851779821621357,solar_battery
ASSET_014,2025-01-01T03:00:00.000000,-0.9806633964339291,solar_battery
ASSET_014,2025-01-01T03:30:00.000000,-0.7997698144836863,solar_battery
ASSET_014,2025-01-01T04:00:00.000000,-0.5675083547506603,solar_battery
ASSET_014,2025-01-01T04:30:00.000000,-1.226320681431769,solar_battery
ASSET_014,2025-01-01T05:00:00.000000,-1.1136131889568082,solar_battery
ASSET_014,2025-01-01T05:30:00.000000,-1.1551602041101297,solar_battery
ASSET_014,2025-01-01T06:00:00.000000,-1.5691023210759862,solar_battery
ASSET_014,2025-01-01T06:30:00.000000,-1.1744952329014327,solar_battery
ASSET_014,2025-01-01T07:00:00.000000,-0.231275210159059,solar_battery
ASSET_014,2025-01-01T07:30:00.000000,-0.3129886450954809,solar_battery
ASSET_014,2025-01-01T08:00:00.000000,0.3387723395177904,solar_battery
ASSET_014,2025-01-01T08:30:00.000000,0.10007022351118812,solar_battery
ASSET_014,2025-01-01T09:00:00.000000,0.5981715819690506,solar_battery
ASSET_014,2025-01-01T09:30:00.000000,1.0602562798660735,solar_battery
ASSET_014,2025-01-01T10:00:00.000000,1.0957073943352558,solar_battery
ASSET_014,2025-01-01T10:30:00.000000,1.2856431987714678,solar_battery
ASSET_014,2025-01-01T11:00:00.000000,1.5763691755545235,solar_battery
ASSET_014,2025-01-01T11:30:00.000000,1.8879809360936226,solar_battery
ASSET_014,2025-01-01T12:00:00.000000,1.9331389658413662,solar_battery
ASSET_014,2025-01-01T12:30:00.000000,1.389137931039891,solar_battery
ASSET_014,2025-01-01T13:00:00.000000,1.407447519227417,solar_battery
ASSET_014,2025-01-01T13:30:00.000000,1.831398635590019,solar_battery
ASSET_014,2025-01-01T14:00:00.000000,1.499622474090097,solar_battery
ASSET_014,2025-01-01T14:30:00.000000,1.4058222813121937,solar_battery
ASSET_014,2025-01-01T15:00:00.000000,1.423649679481006,solar_battery
ASSET_014,2025-01-01T15:30:00.000000,1.2248892390236716,solar_battery
ASSET_014,2025-01-01T16:00:00.000000,0.7223973939887978,solar_battery
ASSET_014,2025-01-01T16:30:00.000000,0.8969664949165431,solar_battery
ASSET_014,2025-01-01T17:00:00.000000,0.04679920185656751,solar_battery
ASSET_014,2025-01-01T17:30:00.000000,0.5132699171564359,solar_battery
ASSET_014,2025-01-01T18:00:00.000000,-1.1891314295759219,solar_battery
ASSET_014,2025-01-01T18:30:00.000000,-0.8423370240778989,solar_battery
ASSET_014,2025-01-01T19:00:00.000000,-0.6661023708349169,solar_battery
ASSET_014,2025-01-01T19:30:00.000000,-1.3407731695385836,solar_battery
ASSET_014,2025-01-01T20:00:00.000000,-1.1225928210692564,solar_battery
ASSET_014,2025-01-01T20:30:00.000000,-0.7660626045721346,solar_battery
ASSET_014,2025-01-01T21:00:00.000000,-0.8101292741885897,solar_battery
ASSET_014,2025-01-01T21:30:00.000000,-1.1290269097372132,solar_battery
ASSET_014,2025-01-01T22:00:00.000000,-0.8263210624824462,solar_battery
ASSET_014,2025-01-01T22:30:00.000000,-0.420575402640617,solar_battery
ASSET_014,2025-01-01T23:00:00.000000,-0.4383025018496587,solar_battery
ASSET_014,2025-01-01T23:30:00.000000,-1.0018734901122186,solar_battery
ASSET_014,2025-01-02T00:00:00.000000,-1.0889392757519314,solar_battery
ASSET_014,2025-01-02T00:30:00.000000,-0.7459383963239361,solar_battery
ASSET_014,2025-01-02T01:00:00.000000,-0.7265991615078222,solar_battery
ASSET_014,2025-01-02T01:30:00.000000,-0.9494222939859694,solar_battery
ASSET_014,2025-01-02T02:00:00.000000,-0.7869694832042361,solar_battery
ASSET_014,2025-01-02T02:30:00.000000,-1.1204327856409717,solar_battery
ASSET_014,2025-01-02T03:00:00.000000,-1.5196584981336607,solar_battery
ASSET_014,2025-01-02T03:30:00.000000,-1.1138682917157874,solar_battery
ASSET_014,2025-01-02T04:00:00.000000,-1.0446319059721874,solar_battery
ASSET_014,2025-01-02T04:30:00.000000,-1.1260092115104812,solar_battery
ASSET_014,2025-01-02T05:00:00.000000,-1.3678425311649969,solar_battery
ASSET_014,2025-01-02T05:30:00.000000,-1.5255335020976366,solar_battery
ASSET_014,2025-01-02T06:00:00.000000,-1.2233813130482956,solar_battery
ASSET_014,2025-01-02T06:30:00.000000,-0.8845626148040616,solar_battery
ASSET_014,2025-01-02T07:00:00.000000,-0.14124274967113493,solar_battery
ASSET_014,2025-01-02T07:30:00.000000,-0.1576789229371895,solar_battery
ASSET_014,2025-01-02T08:00:00.000000,-0.005625909570984716,solar_battery
ASSET_014,2025-01-02T08:30:00.000000,-0.08669713880661933,solar_battery
ASSET_014,2025-01-02T09:00:00.000000,0.8748272262055794,solar_battery
ASSET_014,2025-01-02T09:30:00.000000,0.9080589213939066,solar_battery
ASSET_014,2025-01-02T10:00:00.000000,1.3111042147092158,solar_battery
ASSET_014,2025-01-02T10:30:00.000000,0.7316883236440332,solar_battery
ASSET_014,2025-01-02T11:00:00.000000,1.3291165518198822,solar_battery
ASSET_014,2025-01-02T11:30:00.000000,1.5300435425232795,solar_battery
ASSET_014,2025-01-02T12:00:00.000000,1.8169323667113024,solar_battery
ASSET_014,2025-01-02T12:30:00.000000,1.8841537670245967,solar_battery
ASSET_014,2025-01-02T13:00:00.000000,1.7270811246011162,solar_battery
ASSET_014,2025-01-02T13:30:00.000000,1.7718483928226032,solar_battery
ASSET_014,2025-01-02T14:00:00.000000,1.535431219467762,solar_battery
ASSET_014,2025-01-02T14:30:00.000000,1.679612159273533,solar_battery
ASSET_014,2025-01-02T15:00:00.000000,1.2549867436801518,solar_battery
ASSET_014,2025-01-02T15:30:00.000000,1.195676025733682,solar_battery
ASSET_014,2025-01-02T16:00:00.000000,0.6453991093423599,solar_battery
ASSET_014,2025-01-02T16:30:00.000000,0.7293175631455268,solar_battery
ASSET_014,2025-01-02T17:00:00.000000,0.2531272915644489,solar_battery
ASSET_014,2025-01-02T17:30:00.000000,0.20101945397855767,solar_battery
ASSET_014,2025-01-02T18:00:00.000000,-0.9086016595971391,solar_battery
ASSET_014,2025-01-02T18:30:00.000000,-0.6777467532757155,solar_battery
ASSET_014,2025-01-02T19:00:00.000000,-0.9465829106540986,solar_battery
ASSET_014,2025-01-02T19:30:00.000000,-1.1659818970268374,solar_battery
ASSET_014,2025-01-02T20:00:00.000000,-0.828126750226068,solar_battery
ASSET_014,2025-01-02T20:30:00.000000,-1.3680799799052088,solar_battery
ASSET_014,2025-01-02T21:00:00.000000,-1.3474071770214646,solar_battery
ASSET_014,2025-01-02T21:30:00.000000,-1.0072646221112191,solar_battery
ASSET_014,2025-01-02T22:00:00.000000,-0.526064799731221,solar_battery
ASSET_014,2025-01-02T22:30:00.000000,-0.9488122936409586,solar_battery
ASSET_014,2025-01-02T23:00:00.000000,-0.8142304819060638,solar_battery
ASSET_014,2025-01-02T23:30:00.000000,-0.8678144062019619,solar_battery
ASSET_014,2025-01-03T00:00:00.000000,-0.9168023174915833,solar_battery
ASSET_014,2025-01-03T00:30:00.000000,-0.5735365336944931,solar_battery
ASSET_014,2025-01-03T01:00:00.000000,-0.7080844022794156,solar_battery
ASSET_014,2025-01-03T01:30:00.000000,-0.8822350366956461,solar_battery
ASSET_014,2025-01-03T02:00:00.000000,-1.0810308625075826,solar_battery
ASSET_014,2025-01-03T02:30:00.000000,-1.2739159208528337,solar_battery
ASSET_014,2025-01-03T03:00:00.000000,-0.6712876490482966,solar_battery
ASSET_014,2025-01-03T03:30:00.000000,-0.8700246982875839,solar_battery
ASSET_014,2025-01-03T04:00:00.000000,-1.2294082061128853,solar_battery
ASSET_014,2025-01-03T04:30:00.000000,-0.8871037417053576,solar_battery
ASSET_014,2025-01-03T05:00:00.000000,-1.1066314168246307,solar_battery
ASSET_014,2025-01-03T05:30:00.000000,-1.1586840290536828,solar_battery
ASSET_014,2025-01-03T06:00:00.000000,-0.9955492332104955,solar_battery
ASSET_014,2025-01-03T06:30:00.000000,-1.2779595799790542,solar_battery
ASSET_014,2025-01-03T07:00:00.000000,-0.5252316998128451,solar_battery
ASSET_014,2025-01-03T07:30:00.000000,-0.4135794797225277,solar_battery
ASSET_014,2025-01-03T08:00:00.000000,0.07032409257221678,solar_battery
ASSET_014,2025-01-03T08:30:00.000000,0.35077282932887377,solar_battery
ASSET_014,2025-01-03T09:00:00.000000,1.2042108794931872,solar_battery
ASSET_014,2025-01-03T09:30:00.000000,0.5746033667846903,solar_battery
ASSET_014,2025-01-03T10:00:00.000000,0.8154334383481259,solar_battery
ASSET_014,2025-01-03T10:30:00.000000,0.7346458692667936,solar_battery
ASSET_014,2025-01-03T11:00:00.000000,1.5010564982331185,solar_battery
ASSET_014,2025-01-03T11:30:00.000000,1.3780093505616304,solar_battery
ASSET_014,2025-01-03T12:00:00.000000,1.7498865202560994,solar_battery
ASSET_014,2025-01-03T12:30:00.000000,1.7318234412862643,solar_battery
ASSET_014,2025-01-03T13:00:00.000000,1.3076882360660436,solar_battery
ASSET_014,2025-01-03T13:30:00.000000,1.2568881601778892,solar_battery
ASSET_014,2025-01-03T14:00:00.000000,1.5860874871441597,solar_battery
ASSET_014,2025-01-03T14:30:00.000000,1.5475664297938867,solar_battery
ASSET_014,2025-01-03T15:00:00.000000,1.0777026677143609,solar_battery
ASSET_014,2025-01-03T15:30:00.000000,0.78218452689058,solar_battery
ASSET_014,2025-01-03T16:00:00.000000,0.8229415241989291,solar_battery
ASSET_014,2025-01-03T16:30:00.000000,1.0150635120370777,solar_battery
ASSET_014,2025-01-03T17:00:00.000000,0.2035411462955643,solar_battery
ASSET_014,2025-01-03T17:30:00.000000,-0.06656837309259253,solar_battery
ASSET_014,2025-01-03T18:00:00.000000,-0.9893074802629237,solar_battery
ASSET_014,2025-01-03T18:30:00.000000,-1.3278673794240845,solar_battery
ASSET_014,2025-01-03T19:00:00.000000,-0.7563116807919694,solar_battery
ASSET_014,2025-01-03T19:30:00.000000,-0.9905796118261903,solar_battery
ASSET_014,2025-01-03T20:00:00.000000,-1.4645500376854441,solar_battery
ASSET_014,2025-01-03T20:30:00.000000,-1.1123542253711522,solar_battery
ASSET_014,2025-01-03T21:00:00.000000,-0.9766756031878203,solar_battery
ASSET_014,2025-01-03T21:30:00.000000,-1.167799394678161,solar_battery
ASSET_014,2025-01-03T22:00:00.000000,-0.7162149731456416,solar_battery
ASSET_014,2025-01-03T22:30:00.000000,-0.9438565296913451,solar_battery
ASSET_014,2025-01-03T23:00:00.000000,-0.5863844495696464,solar_battery
ASSET_014,2025-01-03T23:30:00.000000,-0.8779868944738368,solar_battery
ASSET_014,2025-01-04T00:00:00.000000,-1.1975468904812079,solar_battery
ASSET_014,2025-01-04T00:30:00.000000,-0.7691017689608945,solar_battery
ASSET_014,2025-01-04T01:00:00.000000,-0.5105229247642581,solar_battery
ASSET_014,2025-01-04T01:30:00.000000,-0.8388619236851302,solar_battery
ASSET_014,2025-01-04T02:00:00.000000,-0.3903836035703551,solar_battery
ASSET_014,2025-01-04T02:30:00.000000,-0.7045476923483559,solar_battery
ASSET_014,2025-01-04T03:00:00.000000,-0.7790102702552818,solar_battery
ASSET_014,2025-01-04T03:30:00.000000,-0.8911278130227958,solar_battery
ASSET_014,2025-01-04T04:00:00.000000,-0.9172251678284615,solar_battery
ASSET_014,2025-01-04T04:30:00.000000,-0.9640581503937127,solar_battery
ASSET_014,2025-01-04T05:00:00.000000,-0.9988557398035188,solar_battery
ASSET_014,2025-01-04T05:30:00.000000,-0.7989029668075968,solar_battery
ASSET_014,2025-01-04T06:00:00.000000,-1.1595994951497357,solar_battery
ASSET_014,2025-01-04T06:30:00.000000,-1.1932145188938224,solar_battery
ASSET_014,2025-01-04T07:00:00.000000,-0.5488302851575012,solar_battery
ASSET_014,2025-01-04T07:30:00.000000,0.21169361849510637,solar_battery
ASSET_014,2025-01-04T08:00:00.000000,0.476445818435907,solar_battery
ASSET_014,2025-01-04T08:30:00.000000,0.42224165043820255,solar_battery
ASSET_014,2025-01-04T09:00:00.000000,0.6536512028933756,solar_battery
ASSET_014,2025-01-04T09:30:00.000000,1.0570568759257581,solar_battery
ASSET_014,2025-01-04T10:00:00.000000,1.3295863863122974,solar_battery
ASSET_014,2025-01-04T10:30:00.000000,1.4089640553327163,solar_battery
ASSET_014,2025-01-04T11:00:00.000000,1.4344268334142742,solar_battery
ASSET_014,2025-01-04T11:30:00.000000,1.707280235001746,solar_battery
ASSET_014,2025-01-04T12:00:00.000000,1.7182799508304438,solar_battery
ASSET_014,2025-01-04T12:30:00.000000,1.6362533223127547,solar_battery
ASSET_014,2025-01-04T13:00:00.000000,1.9769989428175532,solar_battery
ASSET_014,2025-01-04T13:30:00.000000,1.4317635481766129,solar_battery
ASSET_014,2025-01-04T14:00:00.000000,1.748109812896493,solar_battery
ASSET_014,2025-01-04T14:30:00.000000,1.776840181513816,solar_battery
ASSET_014,2025-01-04T15:00:00.000000,1.056964700036641,solar_battery
ASSET_014,2025-01-04T15:30:00.000000,1.0712003514971464,solar_battery
ASSET_014,2025-01-04T16:00:00.000000,0.737310314461095,solar_battery
ASSET_014,2025-01-04T16:30:00.000000,0.8585251684759645,solar_battery
ASSET_014,2025-01-04T17:00:00.000000,0.1766735004246008,solar_battery
ASSET_014,2025-01-04T17:30:00.000000,0.3174136889060659,solar_battery
ASSET_014,2025-01-04T18:00:00.000000,-0.5018848833910243,solar_battery
ASSET_014,2025-01-04T18:30:00.000000,-1.0468520245959314,solar_battery
ASSET_014,2025-01-04T19:00:00.000000,-1.3453321072651085,solar_battery
ASSET_014,2025-01-04T19:30:00.000000,-0.7354672543689309,solar_battery
ASSET_014,2025-01-04T20:00:00.000000,-0.5551680238123611,solar_battery
ASSET_014,2025-01-04T20:30:00.000000,-0.8648991149026983,solar_battery
ASSET_014,2025-01-04T21:00:00.000000,-1.2607474528823106,solar_battery
ASSET_014,2025-01-04T21:30:00.000000,-1.0294219379738785,solar_battery
ASSET_014,2025-01-04T22:00:00.000000,-0.8209456362107916,solar_battery
ASSET_014,2025-01-04T22:30:00.000000,-0.3982146814488925,solar_battery
ASSET_014,2025-01-04T23:00:00.000000,-0.9383108401464815,solar_battery
ASSET_014,2025-01-04T23:30:00.000000,-0.6860320523376252,solar_battery
ASSET_014,2025-01-05T00:00:00.000000,-0.9210410783105376,solar_battery
ASSET_014,2025-01-05T00:30:00.000000,-0.6495620755676093,solar_battery
ASSET_014,2025-01-05T01:00:00.000000,-0.8339208590142047,solar_battery
ASSET_014,2025-01-05T01:30:00.000000,-0.7035759517210796,solar_battery
ASSET_014,2025-01-05T02:00:00.000000,-0.8021358668080723,solar_battery
ASSET_014,2025-01-05T02:30:00.000000,-1.0442981666537865,solar_battery
ASSET_014,2025-01-05T03:00:00.000000,-0.7098617339556044,solar_battery
ASSET_014,2025-01-05T03:30:00.000000,-0.8720159856449173,solar_battery
ASSET_014,2025-01-05T04:00:00.000000,-1.1380834398528479,solar_battery
ASSET_014,2025-01-05T04:30:00.000000,-0.36301410447564153,solar_battery
ASSET_014,2025-01-05T05:00:00.000000,-0.8119678456916025,solar_battery
ASSET_014,2025-01-05T05:30:00.000000,-0.9630936185195458,solar_battery
ASSET_014,2025-01-05T06:00:00.000000,-0.5953509135915624,solar_battery
ASSET_014,2025-01-05T06:30:00.000000,-0.49296425374721436,solar_battery
ASSET_014,2025-01-05T07:00:00.000000,-0.31414733430274305,solar_battery
ASSET_014,2025-01-05T07:30:00.000000,-0.19588807620306775,solar_battery
ASSET_014,2025-01-05T08:00:00.000000,0.11204284571426201,solar_battery
ASSET_014,2025-01-05T08:30:00.000000,0.31383726185064503,solar_battery
ASSET_014,2025-01-05T09:00:00.000000,0.8596797108614305,solar_battery
ASSET_014,2025-01-05T09:30:00.000000,0.9518132118329962,solar_battery
ASSET_014,2025-01-05T10:00:00.000000,1.4374260243339787,solar_battery
ASSET_014,2025-01-05T10:30:00.000000,1.4919223371798307,solar_battery
ASSET_014,2025-01-05T11:00:00.000000,1.7258499467335178,solar_battery
ASSET_014,2025-01-05T11:30:00.000000,1.378237478830528,solar_battery
ASSET_014,2025-01-05T12:00:00.000000,1.5947678946221395,solar_battery
ASSET_014,2025-01-05T12:30:00.000000,1.6888621713287184,solar_battery
ASSET_014,2025-01-05T13:00:00.000000,1.7330756801622385,solar_battery
ASSET_014,2025-01-05T13:30:00.000000,2.0529992519371207,solar_battery
ASSET_014,2025-01-05T14:00:00.000000,1.3334581526163978,solar_battery
ASSET_014,2025-01-05T14:30:00.000000,1.526783897900129,solar_battery
ASSET_014,2025-01-05T15:00:00.000000,1.4968014617403105,solar_battery
ASSET_014,2025-01-05T15:30:00.000000,1.1961085882897515,solar_battery
ASSET_014,2025-01-05T16:00:00.000000,0.9013362339273093,solar_battery
ASSET_014,2025-01-05T16:30:00.000000,0.7573463876623346,solar_battery
ASSET_014,2025-01-05T17:00:00.000000,0.2749866802179484,solar_battery
ASSET_014,2025-01-05T17:30:00.000000,0.1585252879457252,solar_battery
ASSET_014,2025-01-05T18:00:00.000000,-0.764904286545195,solar_battery
ASSET_014,2025-01-05T18:30:00.000000,-1.2958135377775446,solar_battery
ASSET_014,2025-01-05T19:00:00.000000,-1.0208837963095385,solar_battery
ASSET_014,2025-01-05T19:30:00.000000,-0.8625114718896537,solar_battery
ASSET_014,2025-01-05T20:00:00.000000,-0.831076662513482,solar_battery
ASSET_014,2025-01-05T20:30:00.000000,-0.6008548925740496,solar_battery
ASSET_014,2025-01-05T21:00:00.000000,-1.0935336908451687,solar_battery
ASSET_014,2025-01-05T21:30:00.000000,-0.6446121479508209,solar_battery
ASSET_014,2025-01-05T22:00:00.000000,-0.7106657183983208,solar_battery
ASSET_014,2025-01-05T22:30:00.000000,-0.23362486122928539,solar_battery
ASSET_014,2025-01-05T23:00:00.000000,-0.4178090330912479,solar_battery
ASSET_014,2025-01-05T23:30:00.000000,-0.8332312026105907,solar_battery
ASSET_014,2025-01-06T00:00:00.000000,-0.7263105830595628,solar_battery
ASSET_014,2025-01-06T00:30:00.000000,-0.812296600527726,solar_battery
ASSET_014,2025-01-06T01:00:00.000000,-0.7275054110487562,solar_battery
ASSET_014,2025-01-06T01:30:00.000000,-0.9312308947547505,solar_battery
ASSET_014,2025-01-06T02:00:00.000000,-1.0237390941588156,solar_battery
ASSET_014,2025-01-06T02:30:00.000000,-0.6214173001369157,solar_battery
ASSET_014,2025-01-06T03:00:00.000000,-1.0358250490253258,solar_battery
ASSET_014,2025-01-06T03:30:00.000000,-0.8137906765499404,solar_battery
ASSET_014,2025-01-06T04:00:00.000000,-1.1138919775459395,solar_battery
ASSET_014,2025-01-06T04:30:00.000000,-0.6598084389207259,solar_battery
ASSET_014,2025-01-06T05:00:00.000000,-1.2525780589272388,solar_battery
ASSET_014,2025-01-06T05:30:00.000000,-1.2371721953860448,solar_battery
ASSET_014,2025-01-06T06:00:00.000000,-0.7341158765321834,solar_battery
ASSET_014,2025-01-06T06:30:00.000000,-1.2067871338148608,solar_battery
ASSET_014,2025-01-06T07:00:00.000000,-0.05847230165096451,solar_battery
ASSET_014,2025-01-06T07:30:00.000000,-0.22868839602766364,solar_battery
ASSET_014,2025-01-06T08:00:00.000000,0.15307644929006797,solar_battery
ASSET_014,2025-01-06T08:30:00.000000,-0.24499805441945005,solar_battery
ASSET_014,2025-01-06T09:00:00.000000,0.750998525585164,solar_battery
ASSET_014,2025-01-06T09:30:00.000000,0.7800261314584265,solar_battery
ASSET_014,2025-01-06T10:00:00.000000,1.495195765454146,solar_battery
ASSET_014,2025-01-06T10:30:00.000000,1.5962908317587232,solar_battery
ASSET_014,2025-01-06T11:00:00.000000,1.3727719291974148,solar_battery
ASSET_014,2025-01-06T11:30:00.000000,1.729452475549078,solar_battery
ASSET_014,2025-01-06T12:00:00.000000,1.8836965174432039,solar_battery
ASSET_014,2025-01-06T12:30:00.000000,1.9576190485785068,solar_battery
ASSET_014,2025-01-06T13:00:00.000000,1.8121458581659573,solar_battery
ASSET_014,2025-01-06T13:30:00.000000,1.226260833422602,solar_battery
ASSET_014,2025-01-06T14:00:00.000000,1.4777621256544347,solar_battery
ASSET_014,2025-01-06T14:30:00.000000,1.2376936914810373,solar_battery
ASSET_014,2025-01-06T15:00:00.000000,1.1312736018219953,solar_battery
ASSET_014,2025-01-06T15:30:00.000000,1.4151000039944677,solar_battery
ASSET_014,2025-01-06T16:00:00.000000,0.7830438217453247,solar_battery
ASSET_014,2025-01-06T16:30:00.000000,0.9853494290707151,solar_battery
ASSET_014,2025-01-06T17:00:00.000000,0.21884630161427243,solar_battery
ASSET_014,2025-01-06T17:30:00.000000,-0.17477286487751365,solar_battery
ASSET_014,2025-01-06T18:00:00.000000,-1.6050032815774564,solar_battery
ASSET_014,2025-01-06T18:30:00.000000,-0.9642858971968983,solar_battery
ASSET_014,2025-01-06T19:00:00.000000,-1.0615646040375593,solar_battery
ASSET_014,2025-01-06T19:30:00.000000,-1.2446892295649312,solar_battery
ASSET_014,2025-01-06T20:00:00.000000,-1.448342918780999,solar_battery
ASSET_014,2025-01-06T20:30:00.000000,-1.2165307500981188,solar_battery
ASSET_014,2025-01-06T21:00:00.000000,-1.134545922011582,solar_battery
ASSET_014,2025-01-06T21:30:00.000000,-0.9280572879545022,solar_battery
ASSET_014,2025-01-06T22:00:00.000000,-0.6047285404236847,solar_battery
ASSET_014,2025-01-06T22:30:00.000000,-0.264063860678545,solar_battery
ASSET_014,2025-01-06T23:00:00.000000,-0.9708992599201385,solar_battery
ASSET_014,2025-01-06T23:30:00.000000,-0.5109001523754598,solar_battery
ASSET_014,2025-01-07T00:00:00.000000,-0.7886483016491054,solar_battery
ASSET_014,2025-01-07T00:30:00.000000,-0.6332794102115398,solar_battery
ASSET_014,2025-01-07T01:00:00.000000,-0.9824092807144867,solar_battery
ASSET_014,2025-01-07T01:30:00.000000,-0.6204424237970148,solar_battery
ASSET_014,2025-01-07T02:00:00.000000,-0.8791460579971417,solar_battery
ASSET_014,2025-01-07T02:30:00.000000,-1.1130667963802598,solar_battery
ASSET_014,2025-01-07T03:00:00.000000,-1.0150178012951294,solar_battery
ASSET_014,2025-01-07T03:30:00.000000,-1.0696254405008683,solar_battery
ASSET_014,2025-01-07T04:00:00.000000,-0.9424048169822611,solar_battery
ASSET_014,2025-01-07T04:30:00.000000,-1.3429540409852136,solar_battery
ASSET_014,2025-01-07T05:00:00.000000,-1.0968221563944873,solar_battery
ASSET_014,2025-01-07T05:30:00.000000,-0.9949040072508811,solar_battery
ASSET_014,2025-01-07T06:00:00.000000,-1.092074406273672,solar_battery
ASSET_014,2025-01-07T06:30:00.000000,-0.7767341013466411,solar_battery
ASSET_014,2025-01-07T07:00:00.000000,-0.25696466935336615,solar_battery
ASSET_014,2025-01-07T07:30:00.000000,-0.44452552634819786,solar_battery
ASSET_014,2025-01-07T08:00:00.000000,0.24219776226410955,solar_battery
ASSET_014,2025-01-07T08:30:00.000000,0.26115211122034787,solar_battery
ASSET_014,2025-01-07T09:00:00.000000,0.8524268236104423,solar_battery
ASSET_014,2025-01-07T09:30:00.000000,0.31747699965089865,solar_battery
ASSET_014,2025-01-07T10:00:00.000000,1.1426971984764531,solar_battery
ASSET_014,2025-01-07T10:30:00.000000,0.8587981330946741,solar_battery
ASSET_014,2025-01-07T11:00:00.000000,1.843956279582191,solar_battery
ASSET_014,2025-01-07T11:30:00.000000,1.5225649673912116,solar_battery
ASSET_014,2025-01-07T12:00:00.000000,1.6535981720768904,solar_battery
ASSET_014,2025-01-07T12:30:00.000000,1.9152313596879764,solar_battery
ASSET_014,2025-01-07T13:00:00.000000,1.7938182306413966,solar_battery
ASSET_014,2025-01-07T13:30:00.000000,1.421587995802417,solar_battery
ASSET_014,2025-01-07T14:00:00.000000,1.4980462224545283,solar_battery
ASSET_014,2025-01-07T14:30:00.000000,1.4346234358867647,solar_battery
ASSET_014,2025-01-07T15:00:00.000000,0.7612110940568801,solar_battery
ASSET_014,2025-01-07T15:30:00.000000,1.014232691345404,solar_battery
ASSET_014,2025-01-07T16:00:00.000000,0.6657579438513795,solar_battery
ASSET_014,2025-01-07T16:30:00.000000,0.682219397577289,solar_battery
ASSET_014,2025-01-07T17:00:00.000000,-0.21891018103953108,solar_battery
ASSET_014,2025-01-07T17:30:00.000000,0.4132251005744171,solar_battery
ASSET_014,2025-01-07T18:00:00.000000,-1.0245047341339453,solar_battery
ASSET_014,2025-01-07T18:30:00.000000,-0.9909872616014649,solar_battery
ASSET_014,2025-01-07T19:00:00.000000,-0.9140682589117187,solar_battery
ASSET_014,2025-01-07T19:30:00.000000,-1.1993605530501605,solar_battery
ASSET_014,2025-01-07T20:00:00.000000,-0.9306669453128215,solar_battery
ASSET_014,2025-01-07T20:30:00.000000,-1.1282902939090325,solar_battery
ASSET_014,2025-01-07T21:00:00.000000,-1.3030484953993617,solar_battery
ASSET_014,2025-01-07T21:30:00.000000,-0.9502405672387401,solar_battery
ASSET_014,2025-01-07T22:00:00.000000,-0.29199827388756605,solar_battery
ASSET_014,2025-01-07T22:30:00.000000,-0.47604095036340033,solar_battery
ASSET_014,2025-01-07T23:00:00.000000,-0.5008396708355405,solar_battery
ASSET_014,2025-01-07T23:30:00.000000,-0.8473056320441956,solar_battery
ASSET_014,2025-01-08T00:00:00.000000,-1.1834287350004296,solar_battery
ASSET_014,2025-01-08T00:30:00.000000,-0.4423669946960382,solar_battery
ASSET_014,2025-01-08T01:00:00.000000,-0.38456214007361395,solar_battery
ASSET_014,2025-01-08T01:30:00.000000,-0.5073720878260326,solar_battery
ASSET_014,2025-01-08T02:00:00.000000,-1.03058862535514,solar_battery
ASSET_014,2025-01-08T02:30:00.000000,-1.2271122412949227,solar_battery
ASSET_014,2025-01-08T03:00:00.000000,-1.2678958818326602,solar_battery
ASSET_014,2025-01-08T03:30:00.000000,-1.416227850583336,solar_battery
ASSET_014,2025-01-08T04:00:00.000000,-1.0855784895537424,solar_battery
ASSET_014,2025-01-08T04:30:00.000000,-0.6744449111955425,solar_battery
ASSET_014,2025-01-08T05:00:00.000000,-1.123776779536059,solar_battery
ASSET_014,2025-01-08T05:30:00.000000,-1.0172202518031346,solar_battery
ASSET_014,2025-01-08T06:00:00.000000,-0.7698567285669901,solar_battery
ASSET_014,2025-01-08T06:30:00.000000,-1.196982874839776,solar_battery
ASSET_014,2025-01-08T07:00:00.000000,0.04579741448228403,solar_battery
ASSET_014,2025-01-08T07:30:00.000000,0.03537252266897006,solar_battery
ASSET_014,2025-01-08T08:00:00.000000,0.15872565758135215,solar_battery
ASSET_014,2025-01-08T08:30:00.000000,0.05158415550005693,solar_battery
ASSET_014,2025-01-08T09:00:00.000000,0.9229720497440796,solar_battery
ASSET_014,2025-01-08T09:30:00.000000,0.6722289324058787,solar_battery
ASSET_014,2025-01-08T10:00:00.000000,0.9374902573649357,solar_battery
ASSET_014,2025-01-08T10:30:00.000000,1.5225607863066117,solar_battery
ASSET_014,2025-01-08T11:00:00.000000,1.8291162251384134,solar_battery
ASSET_014,2025-01-08T11:30:00.000000,1.574491637095169,solar_battery
ASSET_014,2025-01-08T12:00:00.000000,1.3969124591052373,solar_battery
ASSET_014,2025-01-08T12:30:00.000000,1.4049136997078273,solar_battery
ASSET_014,2025-01-08T13:00:00.000000,1.7181953084740234,solar_battery
ASSET_014,2025-01-08T13:30:00.000000,1.572491230972219,solar_battery
ASSET_014,2025-01-08T14:00:00.000000,1.4332012057471109,solar_battery
ASSET_014,2025-01-08T14:30:00.000000,1.7603346666754978,solar_battery
ASSET_014,2025-01-08T15:00:00.000000,1.355862023503747,solar_battery
ASSET_014,2025-01-08T15:30:00.000000,1.5106532306417602,solar_battery
ASSET_014,2025-01-08T16:00:00.000000,0.4720580475247894,solar_battery
ASSET_014,2025-01-08T16:30:00.000000,0.6274416446505204,solar_battery
ASSET_014,2025-01-08T17:00:00.000000,0.31898096755345,solar_battery
ASSET_014,2025-01-08T17:30:00.000000,0.24436416248611698,solar_battery
ASSET_014,2025-01-08T18:00:00.000000,-0.6322287081789708,solar_battery
ASSET_014,2025-01-08T18:30:00.000000,-0.8990711905830233,solar_battery
ASSET_014,2025-01-08T19:00:00.000000,-0.5666760671279469,solar_battery
ASSET_014,2025-01-08T19:30:00.000000,-0.8806179796997258,solar_battery
ASSET_014,2025-01-08T20:00:00.000000,-0.7852721914433901,solar_battery
ASSET_014,2025-01-08T20:30:00.000000,-1.1178359660929382,solar_battery
ASSET_014,2025-01-08T21:00:00.000000,-1.0844390347918784,solar_battery
ASSET_014,2025-01-08T21:30:00.000000,-0.8692413087225617,solar_battery
ASSET_014,2025-01-08T22:00:00.000000,-0.26288523905766686,solar_battery
ASSET_014,2025-01-08T22:30:00.000000,-0.4749831321654192,solar_battery
ASSET_014,2025-01-08T23:00:00.000000,-0.7423155117335525,solar_battery
ASSET_014,2025-01-08T23:30:00.000000,-0.3917938793824418,solar_battery
ASSET_014,2025-01-09T00:00:00.000000,-1.3260748775071716,solar_battery
ASSET_014,2025-01-09T00:30:00.000000,-1.1413362803616498,solar_battery
ASSET_014,2025-01-09T01:00:00.000000,-0.7140534998503429,solar_battery
ASSET_014,2025-01-09T01:30:00.000000,-0.8742597080300063,solar_battery
ASSET_014,2025-01-09T02:00:00.000000,-0.8046767237302003,solar_battery
ASSET_014,2025-01-09T02:30:00.000000,-0.9345421946163339,solar_battery
ASSET_014,2025-01-09T03:00:00.000000,-0.8751050676510349,solar_battery
ASSET_014,2025-01-09T03:30:00.000000,-1.20758871139433,solar_battery
ASSET_014,2025-01-09T04:00:00.000000,-0.9228909604762058,solar_battery
ASSET_014,2025-01-09T04:30:00.000000,-0.8211481343655113,solar_battery
ASSET_014,2025-01-09T05:00:00.000000,-0.7968456029432247,solar_battery
ASSET_014,2025-01-09T05:30:00.000000,-0.6065247171710326,solar_battery
ASSET_014,2025-01-09T06:00:00.000000,-1.0414163735594273,solar_battery
ASSET_014,2025-01-09T06:30:00.000000,-1.034261339156677,solar_battery
ASSET_014,2025-01-09T07:00:00.000000,-0.8082915265321422,solar_battery
ASSET_014,2025-01-09T07:30:00.000000,-0.5702688714036407,solar_battery
ASSET_014,2025-01-09T08:00:00.000000,0.14385268110308097,solar_battery
ASSET_014,2025-01-09T08:30:00.000000,0.4422690714109932,solar_battery
ASSET_014,2025-01-09T09:00:00.000000,0.6089946488288935,solar_battery
ASSET_014,2025-01-09T09:30:00.000000,0.9467565233501243,solar_battery
ASSET_014,2025-01-09T10:00:00.000000,1.2146742973898852,solar_battery
ASSET_014,2025-01-09T10:30:00.000000,1.1725431618335536,solar_battery
ASSET_014,2025-01-09T11:00:00.000000,1.5969034047838957,solar_battery
ASSET_014,2025-01-09T11:30:00.000000,1.443291322851232,solar_battery
ASSET_014,2025-01-09T12:00:00.000000,1.5970310604577602,solar_battery
ASSET_014,2025-01-09T12:30:00.000000,1.2908513826103725,solar_battery
ASSET_014,2025-01-09T13:00:00.000000,1.6329512694947332,solar_battery
ASSET_014,2025-01-09T13:30:00.000000,1.5772679241777323,solar_battery
ASSET_014,2025-01-09T14:00:00.000000,1.3912280720173178,solar_battery
ASSET_014,2025-01-09T14:30:00.000000,1.6151130444827067,solar_battery
ASSET_014,2025-01-09T15:00:00.000000,1.3379706559920554,solar_battery
ASSET_014,2025-01-09T15:30:00.000000,1.2356256684364917,solar_battery
ASSET_014,2025-01-09T16:00:00.000000,0.948707266843205,solar_battery
ASSET_014,2025-01-09T16:30:00.000000,0.8479424833346189,solar_battery
ASSET_014,2025-01-09T17:00:00.000000,0.06601187508966887,solar_battery
ASSET_014,2025-01-09T17:30:00.000000,0.02573985207157184,solar_battery
ASSET_014,2025-01-09T18:00:00.000000,-0.9249226631759568,solar_battery
ASSET_014,2025-01-09T18:30:00.000000,-0.8622958936235439,solar_battery
ASSET_014,2025-01-09T19:00:00.000000,-0.67473961842572,solar_battery
ASSET_014,2025-01-09T19:30:00.000000,-0.7243407213276566,solar_battery
ASSET_014,2025-01-09T20:00:00.000000,-1.170145900426389,solar_battery
ASSET_014,2025-01-09T20:30:00.000000,-1.0646738860952114,solar_battery
ASSET_014,2025-01-09T21:00:00.000000,-0.9268236924637709,solar_battery
ASSET_014,2025-01-09T21:30:00.000000,-0.8315484989098825,solar_battery
ASSET_014,2025-01-09T22:00:00.000000,-0.42464732751084977,solar_battery
ASSET_014,2025-01-09T22:30:00.000000,-0.6653306798795231,solar_battery
ASSET_014,2025-01-09T23:00:00.000000,-1.0233197230520878,solar_battery
ASSET_014,2025-01-09T23:30:00.000000,-0.9620990167681858,solar_battery
ASSET_014,2025-01-10T00:00:00.000000,-0.7345679565633406,solar_battery
ASSET_014,2025-01-10T00:30:00.000000,-0.7178658609381571,solar_battery
ASSET_014,2025-01-10T01:00:00.000000,-1.1413287631550086,solar_battery
ASSET_014,2025-01-10T01:30:00.000000,-0.8669490069173311,solar_battery
ASSET_014,2025-01-10T02:00:00.000000,-0.798506154326772,solar_battery
ASSET_014,2025-01-10T02:30:00.000000,-1.2262943978017145,solar_battery
ASSET_014,2025-01-10T03:00:00.000000,-0.7469327059229048,solar_battery
ASSET_014,2025-01-10T03:30:00.000000,-1.1027395100103223,solar_battery
ASSET_014,2025-01-10T04:00:00.000000,-0.7579804741169354,solar_battery
ASSET_014,2025-01-10T04:30:00.000000,-1.1878362081215477,solar_battery
ASSET_014,2025-01-10T05:00:00.000000,-1.3361678637789236,solar_battery
ASSET_014,2025-01-10T05:30:00.000000,-1.1997306254487332,solar_battery
ASSET_014,2025-01-10T06:00:00.000000,-1.122835549538557,solar_battery
ASSET_014,2025-01-10T06:30:00.000000,-1.1932351776251555,solar_battery
ASSET_014,2025-01-10T07:00:00.000000,-0.4945704763079659,solar_battery
ASSET_014,2025-01-10T07:30:00.000000,-0.362578499208133,solar_battery
ASSET_014,2025-01-10T08:00:00.000000,0.14910933011353214,solar_battery
ASSET_014,2025-01-10T08:30:00.000000,0.17432540431618632,solar_battery
ASSET_014,2025-01-10T09:00:00.000000,0.3454205828017815,solar_battery
ASSET_014,2025-01-10T09:30:00.000000,0.849642442452918,solar_battery
ASSET_014,2025-01-10T10:00:00.000000,1.193654718015096,solar_battery
ASSET_014,2025-01-10T10:30:00.000000,1.6015338247769855,solar_battery
ASSET_014,2025-01-10T11:00:00.000000,1.3116732120509642,solar_battery
ASSET_014,2025-01-10T11:30:00.000000,1.1031779733520308,solar_battery
ASSET_014,2025-01-10T12:00:00.000000,1.84833643854321,solar_battery
ASSET_014,2025-01-10T12:30:00.000000,1.78316648439512,solar_battery
ASSET_014,2025-01-10T13:00:00.000000,1.4504363543259517,solar_battery
ASSET_014,2025-01-10T13:30:00.000000,1.3253205300524447,solar_battery
ASSET_014,2025-01-10T14:00:00.000000,1.8840387248253265,solar_battery
ASSET_014,2025-01-10T14:30:00.000000,1.8544500032067246,solar_battery
ASSET_014,2025-01-10T15:00:00.000000,0.5829093652328621,solar_battery
ASSET_014,2025-01-10T15:30:00.000000,1.0699254603007728,solar_battery
ASSET_014,2025-01-10T16:00:00.000000,1.109213714283467,solar_battery
ASSET_014,2025-01-10T16:30:00.000000,0.5955526072686432,solar_battery
ASSET_014,2025-01-10T17:00:00.000000,0.019078424476626346,solar_battery
ASSET_014,2025-01-10T17:30:00.000000,0.06896312201197458,solar_battery
ASSET_014,2025-01-10T18:00:00.000000,-1.2690152737043583,solar_battery
ASSET_014,2025-01-10T18:30:00.000000,-1.4091461786147306,solar_battery
ASSET_014,2025-01-10T19:00:00.000000,-0.7576108975369398,solar_battery
ASSET_014,2025-01-10T19:30:00.000000,-1.4525271096127217,solar_battery
ASSET_014,2025-01-10T20:00:00.000000,-0.9808472303585671,solar_battery
ASSET_014,2025-01-10T20:30:00.000000,-0.8274133006028326,solar_battery
ASSET_014,2025-01-10T21:00:00.000000,-1.4361622773803138,solar_battery
ASSET_014,2025-01-10T21:30:00.000000,-1.309692382266853,solar_battery
ASSET_014,2025-01-10T22:00:00.000000,-0.3588369947860183,solar_battery
ASSET_014,2025-01-10T22:30:00.000000,-0.5221059871455104,solar_battery
ASSET_014,2025-01-10T23:00:00.000000,-0.8705028561201767,solar_battery
ASSET_014,2025-01-10T23:30:00.000000,-0.4338145256625628,solar_battery
ASSET_014,2025-01-11T00:00:00.000000,-0.3904314263709675,solar_battery
ASSET_014,2025-01-11T00:30:00.000000,-0.6154273536762304,solar_battery
ASSET_014,2025-01-11T01:00:00.000000,-0.9620373111908219,solar_battery
ASSET_014,2025-01-11T01:30:00.000000,-0.8452265453343737,solar_battery
ASSET_014,2025-01-11T02:00:00.000000,-0.7387671814507064,solar_battery
ASSET_014,2025-01-11T02:30:00.000000,-0.8527627589953972,solar_battery
ASSET_014,2025-01-11T03:00:00.000000,-0.6349625064262053,solar_battery
ASSET_014,2025-01-11T03:30:00.000000,-1.2274580084288105,solar_battery
ASSET_014,2025-01-11T04:00:00.000000,-1.259459724940929,solar_battery
ASSET_014,2025-01-11T04:30:00.000000,-0.8574274112092479,solar_battery
ASSET_014,2025-01-11T05:00:00.000000,-1.0442817450173696,solar_battery
ASSET_014,2025-01-11T05:30:00.000000,-1.0768027532311701,solar_battery
ASSET_014,2025-01-11T06:00:00.000000,-1.3593336126018554,solar_battery
ASSET_014,2025-01-11T06:30:00.000000,-0.9303089972484364,solar_battery
ASSET_014,2025-01-11T07:00:00.000000,-0.29192469886759437,solar_battery
ASSET_014,2025-01-11T07:30:00.000000,-0.12242851727899284,solar_battery
ASSET_014,2025-01-11T08:00:00.000000,0.36570099398400113,solar_battery
ASSET_014,2025-01-11T08:30:00.000000,0.3173385432572486,solar_battery
ASSET_014,2025-01-11T09:00:00.000000,1.18993487659348,solar_battery
ASSET_014,2025-01-11T09:30:00.000000,0.5924625709361473,solar_battery
ASSET_014,2025-01-11T10:00:00.000000,1.4862969219845146,solar_battery
ASSET_014,2025-01-11T10:30:00.000000,0.9564881899102126,solar_battery
ASSET_014,2025-01-11T11:00:00.000000,1.4676088580213338,solar_battery
ASSET_014,2025-01-11T11:30:00.000000,1.3777779973919324,solar_battery
ASSET_014,2025-01-11T12:00:00.000000,2.0076662085084602,solar_battery
ASSET_014,2025-01-11T12:30:00.000000,1.8043015439371053,solar_battery
ASSET_014,2025-01-11T13:00:00.000000,1.7975726435214991,solar_battery
ASSET_014,2025-01-11T13:30:00.000000,1.5351975051687452,solar_battery
ASSET_014,2025-01-11T14:00:00.000000,1.5406370704372034,solar_battery
ASSET_014,2025-01-11T14:30:00.000000,1.42933183666691,solar_battery
ASSET_014,2025-01-11T15:00:00.000000,1.3601083857339504,solar_battery
ASSET_014,2025-01-11T15:30:00.000000,1.0302173096893512,solar_battery
ASSET_014,2025-01-11T16:00:00.000000,1.1099871256142497,solar_battery
ASSET_014,2025-01-11T16:30:00.000000,0.3886971700552489,solar_battery
ASSET_014,2025-01-11T17:00:00.000000,0.019793938670440214,solar_battery
ASSET_014,2025-01-11T17:30:00.000000,0.615886820851878,solar_battery
ASSET_014,2025-01-11T18:00:00.000000,-1.0294332995108884,solar_battery
ASSET_014,2025-01-11T18:30:00.000000,-1.240570879457059,solar_battery
ASSET_014,2025-01-11T19:00:00.000000,-0.8811117392872472,solar_battery
ASSET_014,2025-01-11T19:30:00.000000,-1.0477830524277778,solar_battery
ASSET_014,2025-01-11T20:00:00.000000,-1.1597723833833617,solar_battery
ASSET_014,2025-01-11T20:30:00.000000,-1.2221725166266604,solar_battery
ASSET_014,2025-01-11T21:00:00.000000,-0.33527810544720404,solar_battery
ASSET_014,2025-01-11T21:30:00.000000,-1.060060226841623,solar_battery
ASSET_014,2025-01-11T22:00:00.000000,-1.0146361664798904,solar_battery
ASSET_014,2025-01-11T22:30:00.000000,-0.1940096578386717,solar_battery
ASSET_014,2025-01-11T23:00:00.000000,-0.4673441262723203,solar_battery
ASSET_014,2025-01-11T23:30:00.000000,-0.7979530869436063,solar_battery
ASSET_014,2025-01-12T00:00:00.000000,-0.903948581284674,solar_battery
ASSET_014,2025-01-12T00:30:00.000000,-0.5183665289220247,solar_battery
ASSET_014,2025-01-12T01:00:00.000000,-0.805259255098612,solar_battery
ASSET_014,2025-01-12T01:30:00.000000,-1.2082335329279672,solar_battery
ASSET_014,2025-01-12T02:00:00.000000,-0.3785624084948796,solar_battery
ASSET_014,2025-01-12T02:30:00.000000,-0.9116577109318297,solar_battery
ASSET_014,2025-01-12T03:00:00.000000,-0.5013750124467873,solar_battery
ASSET_014,2025-01-12T03:30:00.000000,-0.553487839290798,solar_battery
ASSET_014,2025-01-12T04:00:00.000000,-1.1410787686409072,solar_battery
ASSET_014,2025-01-12T04:30:00.000000,-0.6528709105178763,solar_battery
ASSET_014,2025-01-12T05:00:00.000000,-1.082657297670996,solar_battery
ASSET_014,2025-01-12T05:30:00.000000,-1.3743192265366586,solar_battery
ASSET_014,2025-01-12T06:00:00.000000,-1.0369035598453142,solar_battery
ASSET_014,2025-01-12T06:30:00.000000,-0.8395669995736931,solar_battery
ASSET_014,2025-01-12T07:00:00.000000,-0.3903202684665317,solar_battery
ASSET_014,2025-01-12T07:30:00.000000,-0.35295507476943494,solar_battery
ASSET_014,2025-01-12T08:00:00.000000,0.623619372817835,solar_battery
ASSET_014,2025-01-12T08:30:00.000000,0.37472207730458984,solar_battery
ASSET_014,2025-01-12T09:00:00.000000,0.7050631290554106,solar_battery
ASSET_014,2025-01-12T09:30:00.000000,1.0759420014439576,solar_battery
ASSET_014,2025-01-12T10:00:00.000000,1.4050056455301152,solar_battery
ASSET_014,2025-01-12T10:30:00.000000,0.752378357110206,solar_battery
ASSET_014,2025-01-12T11:00:00.000000,1.7716204085266753,solar_battery
ASSET_014,2025-01-12T11:30:00.000000,1.7628545990733921,solar_battery
ASSET_014,2025-01-12T12:00:00.000000,1.8248290710994062,solar_battery
ASSET_014,2025-01-12T12:30:00.000000,2.034008139456698,solar_battery
ASSET_014,2025-01-12T13:00:00.000000,1.639438961985453,solar_battery
ASSET_014,2025-01-12T13:30:00.000000,1.8815733715408296,solar_battery
ASSET_014,2025-01-12T14:00:00.000000,1.2364932603809322,solar_battery
ASSET_014,2025-01-12T14:30:00.000000,1.7102652014768165,solar_battery
ASSET_014,2025-01-12T15:00:00.000000,1.7368135090985137,solar_battery
ASSET_014,2025-01-12T15:30:00.000000,1.0293136575767288,solar_battery
ASSET_014,2025-01-12T16:00:00.000000,0.6084839662879655,solar_battery
ASSET_014,2025-01-12T16:30:00.000000,0.620432771671059,solar_battery
ASSET_014,2025-01-12T17:00:00.000000,0.2445582726523978,solar_battery
ASSET_014,2025-01-12T17:30:00.000000,-0.04177000702487743,solar_battery
ASSET_014,2025-01-12T18:00:00.000000,-0.8239006291141648,solar_battery
ASSET_014,2025-01-12T18:30:00.000000,-0.7217584130874004,solar_battery
ASSET_014,2025-01-12T19:00:00.000000,-0.8054455830673795,solar_battery
ASSET_014,2025-01-12T19:30:00.000000,-1.358108616449425,solar_battery
ASSET_014,2025-01-12T20:00:00.000000,-0.7203232823969028,solar_battery
ASSET_014,2025-01-12T20:30:00.000000,-0.734195342614085,solar_battery
ASSET_014,2025-01-12T21:00:00.000000,-0.8004490414343173,solar_battery
ASSET_014,2025-01-12T21:30:00.000000,-0.9102056311200323,solar_battery
ASSET_014,2025-01-12T22:00:00.000000,-0.499654564590768,solar_battery
ASSET_014,2025-01-12T22:30:00.000000,-0.3047265444496647,solar_battery
ASSET_014,2025-01-12T23:00:00.000000,-0.1523579064740282,solar_battery
ASSET_014,2025-01-12T23:30:00.000000,-0.8427308547064212,solar_battery
ASSET_014,2025-01-13T00:00:00.000000,-0.5412499050092547,solar_battery
ASSET_014,2025-01-13T00:30:00.000000,-0.8206921035217887,solar_battery
ASSET_014,2025-01-13T01:00:00.000000,-0.9087672460176204,solar_battery
ASSET_014,2025-01-13T01:30:00.000000,-1.2464130792224455,solar_battery
ASSET_014,2025-01-13T02:00:00.000000,-1.0183494582836947,solar_battery
ASSET_014,2025-01-13T02:30:00.000000,-1.1893435899124196,solar_battery
ASSET_014,2025-01-13T03:00:00.000000,-1.1234570974373912,solar_battery
ASSET_014,2025-01-13T03:30:00.000000,-1.2756967664627203,solar_battery
ASSET_014,2025-01-13T04:00:00.000000,-1.167545634090453,solar_battery
ASSET_014,2025-01-13T04:30:00.000000,-1.1572741068209482,solar_battery
ASSET_014,2025-01-13T05:00:00.000000,-1.0665565674614084,solar_battery
ASSET_014,2025-01-13T05:30:00.000000,-1.4773177148366399,solar_battery
ASSET_014,2025-01-13T06:00:00.000000,-1.4469243554588778,solar_battery
ASSET_014,2025-01-13T06:30:00.000000,-1.0131405750246738,solar_battery
ASSET_014,2025-01-13T07:00:00.000000,-0.6341152832272424,solar_battery
ASSET_014,2025-01-13T07:30:00.000000,-0.18484298547523526,solar_battery
ASSET_014,2025-01-13T08:00:00.000000,0.2442571121482792,solar_battery
ASSET_014,2025-01-13T08:30:00.000000,0.33581529491420575,solar_battery
ASSET_014,2025-01-13T09:00:00.000000,1.0942010755114193,solar_battery
ASSET_014,2025-01-13T09:30:00.000000,0.6813043237768271,solar_battery
ASSET_014,2025-01-13T10:00:00.000000,1.0771867001611903,solar_battery
ASSET_014,2025-01-13T10:30:00.000000,1.4242721300048116,solar_battery
ASSET_014,2025-01-13T11:00:00.000000,1.6594521075350388,solar_battery
ASSET_014,2025-01-13T11:30:00.000000,1.4922095778348021,solar_battery
ASSET_014,2025-01-13T12:00:00.000000,2.033949912069426,solar_battery
ASSET_014,2025-01-13T12:30:00.000000,1.6490613656384165,solar_battery
ASSET_014,2025-01-13T13:00:00.000000,1.7003259522668142,solar_battery
ASSET_014,2025-01-13T13:30:00.000000,1.6975537154536486,solar_battery
ASSET_014,2025-01-13T14:00:00.000000,1.2907609746854638,solar_battery
ASSET_014,2025-01-13T14:30:00.000000,1.5336840029378307,solar_battery
ASSET_014,2025-01-13T15:00:00.000000,1.515121429897971,solar_battery
ASSET_014,2025-01-13T15:30:00.000000,1.2866913830126152,solar_battery
ASSET_014,2025-01-13T16:00:00.000000,0.7172628434710748,solar_battery
ASSET_014,2025-01-13T16:30:00.000000,0.6709834736555707,solar_battery
ASSET_014,2025-01-13T17:00:00.000000,0.2162334474605473,solar_battery
ASSET_014,2025-01-13T17:30:00.000000,0.3167693514804274,solar_battery
ASSET_014,2025-01-13T18:00:00.000000,-0.8537826805864592,solar_battery
ASSET_014,2025-01-13T18:30:00.000000,-1.079647566837275,solar_battery
ASSET_014,2025-01-13T19:00:00.000000,-0.932274669526852,solar_battery
ASSET_014,2025-01-13T19:30:00.000000,-0.8950367142376927,solar_battery
ASSET_014,2025-01-13T20:00:00.000000,-1.2819191758711432,solar_battery
ASSET_014,2025-01-13T20:30:00.000000,-0.9998170489805819,solar_battery
ASSET_014,2025-01-13T21:00:00.000000,-1.6065808983566026,solar_battery
ASSET_014,2025-01-13T21:30:00.000000,-0.9720598752869514,solar_battery
ASSET_014,2025-01-13T22:00:00.000000,-0.49151766690495635,solar_battery
ASSET_014,2025-01-13T22:30:00.000000,-0.47058892981124967,solar_battery
ASSET_014,2025-01-13T23:00:00.000000,-0.81716553098994,solar_battery
ASSET_014,2025-01-13T23:30:00.000000,-0.6481830460634754,solar_battery
ASSET_014,2025-01-14T00:00:00.000000,-0.45825107707012,solar_battery
ASSET_014,2025-01-14T00:30:00.000000,-0.46069528441009794,solar_battery
ASSET_014,2025-01-14T01:00:00.000000,-0.8846471613451308,solar_battery
ASSET_014,2025-01-14T01:30:00.000000,-0.8442090021556619,solar_battery
ASSET_014,2025-01-14T02:00:00.000000,-0.683381325263736,solar_battery
ASSET_014,2025-01-14T02:30:00.000000,-1.310192483662922,solar_battery
ASSET_014,2025-01-14T03:00:00.000000,-1.0896702125984503,solar_battery
ASSET_014,2025-01-14T03:30:00.000000,-0.6915951250271428,solar_battery
ASSET_014,2025-01-14T04:00:00.000000,-0.8257594911309877,solar_battery
ASSET_014,2025-01-14T04:30:00.000000,-0.9711843144993544,solar_battery
ASSET_014,2025-01-14T05:00:00.000000,-1.4511775251660695,solar_battery
ASSET_014,2025-01-14T05:30:00.000000,-1.1017562038165993,solar_battery
ASSET_014,2025-01-14T06:00:00.000000,-1.241579695099984,solar_battery
ASSET_014,2025-01-14T06:30:00.000000,-1.0205506633238688,solar_battery
ASSET_014,2025-01-14T07:00:00.000000,-0.63697333948119,solar_battery
ASSET_014,2025-01-14T07:30:00.000000,-0.6889037499243245,solar_battery
ASSET_014,2025-01-14T08:00:00.000000,-0.305375287779406,solar_battery
ASSET_014,2025-01-14T08:30:00.000000,0.48342550325907635,solar_battery
ASSET_014,2025-01-14T09:00:00.000000,0.6596899958640707,solar_battery
ASSET_014,2025-01-14T09:30:00.000000,0.7933499066990128,solar_battery
ASSET_014,2025-01-14T10:00:00.000000,1.214526361507293,solar_battery
ASSET_014,2025-01-14T10:30:00.000000,0.9588793655505765,solar_battery
ASSET_014,2025-01-14T11:00:00.000000,1.2349932734443478,solar_battery
ASSET_014,2025-01-14T11:30:00.000000,1.2958932219525776,solar_battery
ASSET_014,2025-01-14T12:00:00.000000,1.5264395746809456,solar_battery
ASSET_014,2025-01-14T12:30:00.000000,1.787985499283313,solar_battery
ASSET_014,2025-01-14T13:00:00.000000,1.50148804000848,solar_battery
ASSET_014,2025-01-14T13:30:00.000000,2.111618030836136,solar_battery
ASSET_014,2025-01-14T14:00:00.000000,1.761579758075453,solar_battery
ASSET_014,2025-01-14T14:30:00.000000,1.709069801380867,solar_battery
ASSET_014,2025-01-14T15:00:00.000000,1.151180850728777,solar_battery
ASSET_014,2025-01-14T15:30:00.000000,1.5433263638952492,solar_battery
ASSET_014,2025-01-14T16:00:00.000000,0.6574862696662614,solar_battery
ASSET_014,2025-01-14T16:30:00.000000,0.7023048817383122,solar_battery
ASSET_014,2025-01-14T17:00:00.000000,0.17761925018284763,solar_battery
ASSET_014,2025-01-14T17:30:00.000000,0.3052628903734255,solar_battery
ASSET_014,2025-01-14T18:00:00.000000,-0.8471420610392835,solar_battery
ASSET_014,2025-01-14T18:30:00.000000,-1.1140300668267047,solar_battery
ASSET_014,2025-01-14T19:00:00.000000,-1.1381407447755085,solar_battery
ASSET_014,2025-01-14T19:30:00.000000,-0.8566455423967793,solar_battery
ASSET_014,2025-01-14T20:00:00.000000,-0.8685355987307727,solar_battery
ASSET_014,2025-01-14T20:30:00.000000,-1.134596648822158,solar_battery
ASSET_014,2025-01-14T21:00:00.000000,-1.4687931023668646,solar_battery
ASSET_014,2025-01-14T21:30:00.000000,-1.1376238286860145,solar_battery
ASSET_014,2025-01-14T22:00:00.000000,-0.5003538082817938,solar_battery
ASSET_014,2025-01-14T22:30:00.000000,-0.21669995685925258,solar_battery
ASSET_014,2025-01-14T23:00:00.000000,-1.0098641974310028,solar_battery
ASSET_014,2025-01-14T23:30:00.000000,-0.8247313871485815,solar_battery
ASSET_015,2025-01-01T00:00:00.000000,-0.8934568547660904,solar_battery
ASSET_015,2025-01-01T00:30:00.000000,-0.47460671853643976,solar_battery
ASSET_015,2025-01-01T01:00:00.000000,-0.8860316736408281,solar_battery
ASSET_015,2025-01-01T01:30:00.000000,-1.0954040877801,solar_battery
ASSET_015,2025-01-01T02:00:00.000000,-0.8159131320987634,solar_battery
ASSET_015,2025-01-01T02:30:00.000000,-1.047113244809827,solar_battery
ASSET_015,2025-01-01T03:00:00.000000,-1.3059849799618735,solar_battery
ASSET_015,2025-01-01T03:30:00.000000,-1.2263976281022404,solar_battery
ASSET_015,2025-01-01T04:00:00.000000,-0.643637552073903,solar_battery
ASSET_015,2025-01-01T04:30:00.000000,-0.9675974079394606,solar_battery
ASSET_015,2025-01-01T05:00:00.000000,-1.0639153345781103,solar_battery
ASSET_015,2025-01-01T05:30:00.000000,-1.1497522444816117,solar_battery
ASSET_015,2025-01-01T06:00:00.000000,-1.0298842778914883,solar_battery
ASSET_015,2025-01-01T06:30:00.000000,-1.0327433729594016,solar_battery
ASSET_015,2025-01-01T07:00:00.000000,-0.3726096163606604,solar_battery
ASSET_015,2025-01-01T07:30:00.000000,-0.41516731346375796,solar_battery
ASSET_015,2025-01-01T08:00:00.000000,0.3987039800579998,solar_battery
ASSET_015,2025-01-01T08:30:00.000000,0.19573742190484344,solar_battery
ASSET_015,2025-01-01T09:00:00.000000,0.5209295980777713,solar_battery
ASSET_015,2025-01-01T09:30:00.000000,0.6086534247941962,solar_battery
ASSET_015,2025-01-01T10:00:00.000000,0.7400990230235656,solar_battery
ASSET_015,2025-01-01T10:30:00.000000,1.7014996173112706,solar_battery
ASSET_015,2025-01-01T11:00:00.000000,1.744229954260559,solar_battery
ASSET_015,2025-01-01T11:30:00.000000,1.3379519333608973,solar_battery
ASSET_015,2025-01-01T12:00:00.000000,1.632357236144696,solar_battery
ASSET_015,2025-01-01T12:30:00.000000,1.547149646190456,solar_battery
ASSET_015,2025-01-01T13:00:00.000000,2.062671609983215,solar_battery
ASSET_015,2025-01-01T13:30:00.000000,1.3516897598284037,solar_battery
ASSET_015,2025-01-01T14:00:00.000000,1.5425377635776039,solar_battery
ASSET_015,2025-01-01T14:30:00.000000,1.4890168272455335,solar_battery
ASSET_015,2025-01-01T15:00:00.000000,1.3783402586925206,solar_battery
ASSET_015,2025-01-01T15:30:00.000000,1.1549367726684063,solar_battery
ASSET_015,2025-01-01T16:00:00.000000,0.28783749073802684,solar_battery
ASSET_015,2025-01-01T16:30:00.000000,0.6495393408211454,solar_battery
ASSET_015,2025-01-01T17:00:00.000000,-0.09649357166337502,solar_battery
ASSET_015,2025-01-01T17:30:00.000000,0.15592445181659753,solar_battery
ASSET_015,2025-01-01T18:00:00.000000,-0.6557975112351216,solar_battery
ASSET_015,2025-01-01T18:30:00.000000,-1.4174620586157467,solar_battery
ASSET_015,2025-01-01T19:00:00.000000,-1.2022757086092564,solar_battery
ASSET_015,2025-01-01T19:30:00.000000,-1.1428685610213187,solar_battery
ASSET_015,2025-01-01T20:00:00.000000,-1.1317838417638393,solar_battery
ASSET_015,2025-01-01T20:30:00.000000,-0.8625622194794099,solar_battery
ASSET_015,2025-01-01T21:00:00.000000,-1.1295186258587688,solar_battery
ASSET_015,2025-01-01T21:30:00.000000,-0.9880753114711289,solar_battery
ASSET_015,2025-01-01T22:00:00.000000,-0.8001855304956262,solar_battery
ASSET_015,2025-01-01T22:30:00.000000,-0.5948181570996949,solar_battery
ASSET_015,2025-01-01T23:00:00.000000,-0.5356828550585923,solar_battery
ASSET_015,2025-01-01T23:30:00.000000,-0.898106178406145,solar_battery
ASSET_015,2025-01-02T00:00:00.000000,-0.6124740512464365,solar_battery
ASSET_015,2025-01-02T00:30:00.000000,-0.7874305355053837,solar_battery
ASSET_015,2025-01-02T01:00:00.000000,-0.6267352558150157,solar_battery
ASSET_015,2025-01-02T01:30:00.000000,-0.9259864895492299,solar_battery
ASSET_015,2025-01-02T02:00:00.000000,-0.8585012827610963,solar_battery
ASSET_015,2025-01-02T02:30:00.000000,-0.9597454956028472,solar_battery
ASSET_015,2025-01-02T03:00:00.000000,-1.0352229772457033,solar_battery
ASSET_015,2025-01-02T03:30:00.000000,-0.9499887315817988,solar_battery
ASSET_015,2025-01-02T04:00:00.000000,-0.9309738285213547,solar_battery
ASSET_015,2025-01-02T04:30:00.000000,-1.3597031999970928,solar_battery
ASSET_015,2025-01-02T05:00:00.000000,-0.74570568177043,solar_battery
ASSET_015,2025-01-02T05:30:00.000000,-1.536096877618672,solar_battery
ASSET_015,2025-01-02T06:00:00.000000,-1.2643549063373352,solar_battery
ASSET_015,2025-01-02T06:30:00.000000,-1.1226245769835763,solar_battery
ASSET_015,2025-01-02T07:00:00.000000,-0.34376470254979113,solar_battery
ASSET_015,2025-01-02T07:30:00.000000,-0.06444872847248789,solar_battery
ASSET_015,2025-01-02T08:00:00.000000,-0.25579757830935773,solar_battery
ASSET_015,2025-01-02T08:30:00.000000,0.06834578805113746,solar_battery
ASSET_015,2025-01-02T09:00:00.000000,0.24519488153858082,solar_battery
ASSET_015,2025-01-02T09:30:00.000000,0.763224192348864,solar_battery
ASSET_015,2025-01-02T10:00:00.000000,1.280267569741104,solar_battery
ASSET_015,2025-01-02T10:30:00.000000,1.596854487582197,solar_battery
ASSET_015,2025-01-02T11:00:00.000000,1.5661211948063432,solar_battery
ASSET_015,2025-01-02T11:30:00.000000,1.7877348832580853,solar_battery
ASSET_015,2025-01-02T12:00:00.000000,1.840120899569374,solar_battery
ASSET_015,2025-01-02T12:30:00.000000,1.5955404327187597,solar_battery
ASSET_015,2025-01-02T13:00:00.000000,1.3543097000233373,solar_battery
ASSET_015,2025-01-02T13:30:00.000000,1.7584608308434613,solar_battery
ASSET_015,2025-01-02T14:00:00.000000,1.1569590253462096,solar_battery
ASSET_015,2025-01-02T14:30:00.000000,1.8259132069018116,solar_battery
ASSET_015,2025-01-02T15:00:00.000000,1.1410040828334953,solar_battery
ASSET_015,2025-01-02T15:30:00.000000,1.4667415660850731,solar_battery
ASSET_015,2025-01-02T16:00:00.000000,0.5945561569435553,solar_battery
ASSET_015,2025-01-02T16:30:00.000000,0.7743318098715692,solar_battery
ASSET_015,2025-01-02T17:00:00.000000,0.1870690864033483,solar_battery
ASSET_015,2025-01-02T17:30:00.000000,0.12601477232040123,solar_battery
ASSET_015,2025-01-02T18:00:00.000000,-1.103838283215182,solar_battery
ASSET_015,2025-01-02T18:30:00.000000,-0.9058105555670751,solar_battery
ASSET_015,2025-01-02T19:00:00.000000,-1.2325014353492496,solar_battery
ASSET_015,2025-01-02T19:30:00.000000,-1.3004867310634536,solar_battery
ASSET_015,2025-01-02T20:00:00.000000,-0.7419139244662298,solar_battery
ASSET_015,2025-01-02T20:30:00.000000,-0.8656720615305644,solar_battery
ASSET_015,2025-01-02T21:00:00.000000,-1.072053979579498,solar_battery
ASSET_015,2025-01-02T21:30:00.000000,-0.6882337938335282,solar_battery
ASSET_015,2025-01-02T22:00:00.000000,-0.7142637244939627,solar_battery
ASSET_015,2025-01-02T22:30:00.000000,-0.33255122720264485,solar_battery
ASSET_015,2025-01-02T23:00:00.000000,-0.6802165060870465,solar_battery
ASSET_015,2025-01-02T23:30:00.000000,-0.9682944664875774,solar_battery
ASSET_015,2025-01-03T00:00:00.000000,-0.3564703539749961,solar_battery
ASSET_015,2025-01-03T00:30:00.000000,-0.5622293968102197,solar_battery
ASSET_015,2025-01-03T01:00:00.000000,-0.9066907609730517,solar_battery
ASSET_015,2025-01-03T01:30:00.000000,-0.7031246112426085,solar_battery
ASSET_015,2025-01-03T02:00:00.000000,-1.0468888241594976,solar_battery
ASSET_015,2025-01-03T02:30:00.000000,-0.75100423158571,solar_battery
ASSET_015,2025-01-03T03:00:00.000000,-1.5859908900241146,solar_battery
ASSET_015,2025-01-03T03:30:00.000000,-1.2568843544426669,solar_battery
ASSET_015,2025-01-03T04:00:00.000000,-0.8247852825064605,solar_battery
ASSET_015,2025-01-03T04:30:00.000000,-1.1197249503078721,solar_battery
ASSET_015,2025-01-03T05:00:00.000000,-1.0399675971134226,solar_battery
ASSET_015,2025-01-03T05:30:00.000000,-1.4130063067944247,solar_battery
ASSET_015,2025-01-03T06:00:00.000000,-0.6565119210314954,solar_battery
ASSET_015,2025-01-03T06:30:00.000000,-0.8142728855077577,solar_battery
ASSET_015,2025-01-03T07:00:00.000000,-0.49089458754049786,solar_battery
ASSET_015,2025-01-03T07:30:00.000000,-0.539857140777617,solar_battery
ASSET_015,2025-01-03T08:00:00.000000,0.4372974256053943,solar_battery
ASSET_015,2025-01-03T08:30:00.000000,0.6659852869052106,solar_battery
ASSET_015,2025-01-03T09:00:00.000000,0.9845373800051295,solar_battery
ASSET_015,2025-01-03T09:30:00.000000,1.276867558785589,solar_battery
ASSET_015,2025-01-03T10:00:00.000000,0.9936991904862361,solar_battery
ASSET_015,2025-01-03T10:30:00.000000,1.0184106701413866,solar_battery
ASSET_015,2025-01-03T11:00:00.000000,1.2518229838591106,solar_battery
ASSET_015,2025-01-03T11:30:00.000000,1.6431914081077892,solar_battery
ASSET_015,2025-01-03T12:00:00.000000,1.7421448519530487,solar_battery
ASSET_015,2025-01-03T12:30:00.000000,1.6635317303667234,solar_battery
ASSET_015,2025-01-03T13:00:00.000000,1.8866823500030183,solar_battery
ASSET_015,2025-01-03T13:30:00.000000,1.988219144504946,solar_battery
ASSET_015,2025-01-03T14:00:00.000000,1.1489045312322548,solar_battery
ASSET_015,2025-01-03T14:30:00.000000,1.371790222764829,solar_battery
ASSET_015,2025-01-03T15:00:00.000000,1.3767334499118675,solar_battery
ASSET_015,2025-01-03T15:30:00.000000,1.0676417031962735,solar_battery
ASSET_015,2025-01-03T16:00:00.000000,0.5182381628093743,solar_battery
ASSET_015,2025-01-03T16:30:00.000000,0.954256603771426,solar_battery
ASSET_015,2025-01-03T17:00:00.000000,-0.17265465609073222,solar_battery
ASSET_015,2025-01-03T17:30:00.000000,0.06444620677315778,solar_battery
ASSET_015,2025-01-03T18:00:00.000000,-0.921125433806846,solar_battery
ASSET_015,2025-01-03T18:30:00.000000,-1.1377167793384284,solar_battery
ASSET_015,2025-01-03T19:00:00.000000,-0.8222648946701177,solar_battery
ASSET_015,2025-01-03T19:30:00.000000,-1.146752726160648,solar_battery
ASSET_015,2025-01-03T20:00:00.000000,-0.7021237004376479,solar_battery
ASSET_015,2025-01-03T20:30:00.000000,-1.0703714902636539,solar_battery
ASSET_015,2025-01-03T21:00:00.000000,-0.926763132834751,solar_battery
ASSET_015,2025-01-03T21:30:00.000000,-0.9088222169281599,solar_battery
ASSET_015,2025-01-03T22:00:00.000000,-0.8006096006585773,solar_battery
ASSET_015,2025-01-03T22:30:00.000000,-1.142836771677413,solar_battery
ASSET_015,2025-01-03T23:00:00.000000,-0.6357729053499235,solar_battery
ASSET_015,2025-01-03T23:30:00.000000,-0.7050050831592751,solar_battery
ASSET_015,2025-01-04T00:00:00.000000,-0.5466017533819695,solar_battery
ASSET_015,2025-01-04T00:30:00.000000,-0.7343665933718811,solar_battery
ASSET_015,2025-01-04T01:00:00.000000,-0.8493015042133146,solar_battery
ASSET_015,2025-01-04T01:30:00.000000,-0.263965333865535,solar_battery
ASSET_015,2025-01-04T02:00:00.000000,-1.1608649747625868,solar_battery
ASSET_015,2025-01-04T02:30:00.000000,-0.6313518851925828,solar_battery
ASSET_015,2025-01-04T03:00:00.000000,-0.9982166751665835,solar_battery
ASSET_015,2025-01-04T03:30:00.000000,-0.940899097460271,solar_battery
ASSET_015,2025-01-04T04:00:00.000000,-0.9769411577827836,solar_battery
ASSET_015,2025-01-04T04:30:00.000000,-1.0936607037661334,solar_battery
ASSET_015,2025-01-04T05:00:00.000000,-0.789217275247015,solar_battery
ASSET_015,2025-01-04T05:30:00.000000,-0.5925566226757227,solar_battery
ASSET_015,2025-01-04T06:00:00.000000,-0.8221967213008013,solar_battery
ASSET_015,2025-01-04T06:30:00.000000,-0.9101883209090972,solar_battery
ASSET_015,2025-01-04T07:00:00.000000,-0.5160091927312298,solar_battery
ASSET_015,2025-01-04T07:30:00.000000,-0.15522540914954241,solar_battery
ASSET_015,2025-01-04T08:00:00.000000,0.8666874336499995,solar_battery
ASSET_015,2025-01-04T08:30:00.000000,0.25779681232414564,solar_battery
ASSET_015,2025-01-04T09:00:00.000000,0.8172186647193513,solar_battery
ASSET_015,2025-01-04T09:30:00.000000,0.7727933323283599,solar_battery
ASSET_015,2025-01-04T10:00:00.000000,1.2401040931824354,solar_battery
ASSET_015,2025-01-04T10:30:00.000000,0.698691616579724,solar_battery
ASSET_015,2025-01-04T11:00:00.000000,1.7660242018268988,solar_battery
ASSET_015,2025-01-04T11:30:00.000000,1.4658831868964204,solar_battery
ASSET_015,2025-01-04T12:00:00.000000,1.4335368514899678,solar_battery
ASSET_015,2025-01-04T12:30:00.000000,2.0007655879358115,solar_battery
ASSET_015,2025-01-04T13:00:00.000000,1.5411291538137488,solar_battery
ASSET_015,2025-01-04T13:30:00.000000,1.7195328492917117,solar_battery
ASSET_015,2025-01-04T14:00:00.000000,1.964509683346356,solar_battery
ASSET_015,2025-01-04T14:30:00.000000,1.2743517179352137,solar_battery
ASSET_015,2025-01-04T15:00:00.000000,0.9002556058654757,solar_battery
ASSET_015,2025-01-04T15:30:00.000000,1.3327126676638996,solar_battery
ASSET_015,2025-01-04T16:00:00.000000,1.06671344532752,solar_battery
ASSET_015,2025-01-04T16:30:00.000000,0.41299446570936044,solar_battery
ASSET_015,2025-01-04T17:00:00.000000,0.31120423530093744,solar_battery
ASSET_015,2025-01-04T17:30:00.000000,0.352798588050821,solar_battery
ASSET_015,2025-01-04T18:00:00.000000,-1.4191985160861569,solar_battery
ASSET_015,2025-01-04T18:30:00.000000,-0.7333596789022672,solar_battery
ASSET_015,2025-01-04T19:00:00.000000,-0.7233035031341646,solar_battery
ASSET_015,2025-01-04T19:30:00.000000,-1.0085174518777336,solar_battery
ASSET_015,2025-01-04T20:00:00.000000,-0.6586003950834463,solar_battery
ASSET_015,2025-01-04T20:30:00.000000,-0.6864141841970054,solar_battery
ASSET_015,2025-01-04T21:00:00.000000,-0.9749394686253011,solar_battery
ASSET_015,2025-01-04T21:30:00.000000,-1.1080346644754144,solar_battery
ASSET_015,2025-01-04T22:00:00.000000,-0.7859786942199096,solar_battery
ASSET_015,2025-01-04T22:30:00.000000,-0.5615152422478857,solar_battery
ASSET_015,2025-01-04T23:00:00.000000,-0.47725900276985433,solar_battery
ASSET_015,2025-01-04T23:30:00.000000,-0.6918035901486111,solar_battery
ASSET_015,2025-01-05T00:00:00.000000,-1.2074002412628873,solar_battery
ASSET_015,2025-01-05T00:30:00.000000,-0.3755086653016232,solar_battery
ASSET_015,2025-01-05T01:00:00.000000,-0.7003452832583683,solar_battery
ASSET_015,2025-01-05T01:30:00.000000,-0.8371087357035829,solar_battery
ASSET_015,2025-01-05T02:00:00.000000,-0.6017819867784108,solar_battery
ASSET_015,2025-01-05T02:30:00.000000,-0.4415867368441385,solar_battery
ASSET_015,2025-01-05T03:00:00.000000,-1.5327710058796638,solar_battery
ASSET_015,2025-01-05T03:30:00.000000,-0.7560889532212725,solar_battery
ASSET_015,2025-01-05T04:00:00.000000,-1.243232288559515,solar_battery
ASSET_015,2025-01-05T04:30:00.000000,-0.7810499563332859,solar_battery
ASSET_015,2025-01-05T05:00:00.000000,-0.8956085571338135,solar_battery
ASSET_015,2025-01-05T05:30:00.000000,-0.7737367193579805,solar_battery
ASSET_015,2025-01-05T06:00:00.000000,-1.0548194274787173,solar_battery
ASSET_015,2025-01-05T06:30:00.000000,-1.3845776268365966,solar_battery
ASSET_015,2025-01-05T07:00:00.000000,-0.3873518388490109,solar_battery
ASSET_015,2025-01-05T07:30:00.000000,-0.18162004051386266,solar_battery
ASSET_015,2025-01-05T08:00:00.000000,0.5928576809170214,solar_battery
ASSET_015,2025-01-05T08:30:00.000000,0.06792400992156178,solar_battery
ASSET_015,2025-01-05T09:00:00.000000,1.1539492262133233,solar_battery
ASSET_015,2025-01-05T09:30:00.000000,0.7519653742486341,solar_battery
ASSET_015,2025-01-05T10:00:00.000000,1.4445514810437827,solar_battery
ASSET_015,2025-01-05T10:30:00.000000,1.2351889607733444,solar_battery
ASSET_015,2025-01-05T11:00:00.000000,1.712536659872432,solar_battery
ASSET_015,2025-01-05T11:30:00.000000,1.8828663415183935,solar_battery
ASSET_015,2025-01-05T12:00:00.000000,1.5255166214507512,solar_battery
ASSET_015,2025-01-05T12:30:00.000000,1.6568225847807603,solar_battery
ASSET_015,2025-01-05T13:00:00.000000,1.8452044431859143,solar_battery
ASSET_015,2025-01-05T13:30:00.000000,2.377193500871098,solar_battery
ASSET_015,2025-01-05T14:00:00.000000,1.4053979785410582,solar_battery
ASSET_015,2025-01-05T14:30:00.000000,2.1021956421003574,solar_battery
ASSET_015,2025-01-05T15:00:00.000000,1.7491407750509795,solar_battery
ASSET_015,2025-01-05T15:30:00.000000,1.2447245060005567,solar_battery
ASSET_015,2025-01-05T16:00:00.000000,0.7192798716770554,solar_battery
ASSET_015,2025-01-05T16:30:00.000000,0.6247408302855055,solar_battery
ASSET_015,2025-01-05T17:00:00.000000,0.19699009118017435,solar_battery
ASSET_015,2025-01-05T17:30:00.000000,-0.12425396535427896,solar_battery
ASSET_015,2025-01-05T18:00:00.000000,-0.9432973641569434,solar_battery
ASSET_015,2025-01-05T18:30:00.000000,-0.5657487342757945,solar_battery
ASSET_015,2025-01-05T19:00:00.000000,-1.0803493292906998,solar_battery
ASSET_015,2025-01-05T19:30:00.000000,-0.9914627472536598,solar_battery
ASSET_015,2025-01-05T20:00:00.000000,-1.3674372358591063,solar_battery
ASSET_015,2025-01-05T20:30:00.000000,-0.8693886208835178,solar_battery
ASSET_015,2025-01-05T21:00:00.000000,-0.9362121664091005,solar_battery
ASSET_015,2025-01-05T21:30:00.000000,-0.9843992044536453,solar_battery
ASSET_015,2025-01-05T22:00:00.000000,-0.6045384920533143,solar_battery
ASSET_015,2025-01-05T22:30:00.000000,-0.622761900505389,solar_battery
ASSET_015,2025-01-05T23:00:00.000000,-0.493545087410696,solar_battery
ASSET_015,2025-01-05T23:30:00.000000,-0.6209171278801269,solar_battery
ASSET_015,2025-01-06T00:00:00.000000,-0.7244067508267203,solar_battery
ASSET_015,2025-01-06T00:30:00.000000,-0.7484041238109085,solar_battery
ASSET_015,2025-01-06T01:00:00.000000,-0.6080231646277734,solar_battery
ASSET_015,2025-01-06T01:30:00.000000,-0.7151671301607433,solar_battery
ASSET_015,2025-01-06T02:00:00.000000,-0.9037131576439542,solar_battery
ASSET_015,2025-01-06T02:30:00.000000,-0.5855787126434768,solar_battery
ASSET_015,2025-01-06T03:00:00.000000,-0.9112675873823896,solar_battery
ASSET_015,2025-01-06T03:30:00.000000,-0.6989409890462638,solar_battery
ASSET_015,2025-01-06T04:00:00.000000,-0.9141413951225384,solar_battery
ASSET_015,2025-01-06T04:30:00.000000,-1.5018682000789019,solar_battery
ASSET_015,2025-01-06T05:00:00.000000,-0.7766174046900814,solar_battery
ASSET_015,2025-01-06T05:30:00.000000,-1.05733544996448,solar_battery
ASSET_015,2025-01-06T06:00:00.000000,-1.1124691450161868,solar_battery
ASSET_015,2025-01-06T06:30:00.000000,-1.0324763966025017,solar_battery
ASSET_015,2025-01-06T07:00:00.000000,-0.5255260940001149,solar_battery
ASSET_015,2025-01-06T07:30:00.000000,-0.38824320863707185,solar_battery
ASSET_015,2025-01-06T08:00:00.000000,0.04814212294232581,solar_battery
ASSET_015,2025-01-06T08:30:00.000000,0.4960177209609168,solar_battery
ASSET_015,2025-01-06T09:00:00.000000,0.7283737713413525,solar_battery
ASSET_015,2025-01-06T09:30:00.000000,0.6638147963570205,solar_battery
ASSET_015,2025-01-06T10:00:00.000000,0.9930813136884706,solar_battery
ASSET_015,2025-01-06T10:30:00.000000,1.2795696988567704,solar_battery
ASSET_015,2025-01-06T11:00:00.000000,1.5820745562219363,solar_battery
ASSET_015,2025-01-06T11:30:00.000000,1.6303907594745157,solar_battery
ASSET_015,2025-01-06T12:00:00.000000,1.453459546998769,solar_battery
ASSET_015,2025-01-06T12:30:00.000000,1.3157165122852224,solar_battery
ASSET_015,2025-01-06T13:00:00.000000,1.842602191855001,solar_battery
ASSET_015,2025-01-06T13:30:00.000000,2.0487743261037883,solar_battery
ASSET_015,2025-01-06T14:00:00.000000,1.2687386400875218,solar_battery
ASSET_015,2025-01-06T14:30:00.000000,1.8965294175159046,solar_battery
ASSET_015,2025-01-06T15:00:00.000000,1.2480376414190646,solar_battery
ASSET_015,2025-01-06T15:30:00.000000,1.178203890230134,solar_battery
ASSET_015,2025-01-06T16:00:00.000000,0.6143959339643446,solar_battery
ASSET_015,2025-01-06T16:30:00.000000,0.37752329647333205,solar_battery
ASSET_015,2025-01-06T17:00:00.000000,0.37388020446492687,solar_battery
ASSET_015,2025-01-06T17:30:00.000000,-0.04932016610200177,solar_battery
ASSET_015,2025-01-06T18:00:00.000000,-1.1871536021770241,solar_battery
ASSET_015,2025-01-06T18:30:00.000000,-0.7619376856271309,solar_battery
ASSET_015,2025-01-06T19:00:00.000000,-1.462138279314494,solar_battery
ASSET_015,2025-01-06T19:30:00.000000,-1.3758857266736395,solar_battery
ASSET_015,2025-01-06T20:00:00.000000,-1.044544597306608,solar_battery
ASSET_015,2025-01-06T20:30:00.000000,-0.969804115903504,solar_battery
ASSET_015,2025-01-06T21:00:00.000000,-0.971531650131494,solar_battery
ASSET_015,2025-01-06T21:30:00.000000,-1.1602996040591365,solar_battery
ASSET_015,2025-01-06T22:00:00.000000,-0.04271127952599452,solar_battery
ASSET_015,2025-01-06T22:30:00.000000,-0.7046942141038001,solar_battery
ASSET_015,2025-01-06T23:00:00.000000,-0.7777429629738971,solar_battery
ASSET_015,2025-01-06T23:30:00.000000,-0.9136310869845744,solar_battery
ASSET_015,2025-01-07T00:00:00.000000,-0.770262364034943,solar_battery
ASSET_015,2025-01-07T00:30:00.000000,-0.6524093043087742,solar_battery
ASSET_015,2025-01-07T01:00:00.000000,-0.5887869804427259,solar_battery
ASSET_015,2025-01-07T01:30:00.000000,-1.2350739369964086,solar_battery
ASSET_015,2025-01-07T02:00:00.000000,-1.009038881205368,solar_battery
ASSET_015,2025-01-07T02:30:00.000000,-0.8427911334058054,solar_battery
ASSET_015,2025-01-07T03:00:00.000000,-0.8712382260532758,solar_battery
ASSET_015,2025-01-07T03:30:00.000000,-1.010560356482875,solar_battery
ASSET_015,2025-01-07T04:00:00.000000,-0.9296258684476271,solar_battery
ASSET_015,2025-01-07T04:30:00.000000,-1.2539589554375237,solar_battery
ASSET_015,2025-01-07T05:00:00.000000,-0.7158804441303149,solar_battery
ASSET_015,2025-01-07T05:30:00.000000,-0.8515470031716574,solar_battery
ASSET_015,2025-01-07T06:00:00.000000,-1.4227826688956413,solar_battery
ASSET_015,2025-01-07T06:30:00.000000,-1.3580247315480214,solar_battery
ASSET_015,2025-01-07T07:00:00.000000,-0.6939913551560761,solar_battery
ASSET_015,2025-01-07T07:30:00.000000,-0.28001734211525187,solar_battery
ASSET_015,2025-01-07T08:00:00.000000,-0.1181422850755241,solar_battery
ASSET_015,2025-01-07T08:30:00.000000,0.11074653865472867,solar_battery
ASSET_015,2025-01-07T09:00:00.000000,0.8647639737504305,solar_battery
ASSET_015,2025-01-07T09:30:00.000000,0.7397550943192602,solar_battery
ASSET_015,2025-01-07T10:00:00.000000,1.277196513232146,solar_battery
ASSET_015,2025-01-07T10:30:00.000000,0.9592708587373944,solar_battery
ASSET_015,2025-01-07T11:00:00.000000,1.679933901807253,solar_battery
ASSET_015,2025-01-07T11:30:00.000000,1.389997997997675,solar_battery
ASSET_015,2025-01-07T12:00:00.000000,1.622091278144494,solar_battery
ASSET_015,2025-01-07T12:30:00.000000,1.7570556146974365,solar_battery
ASSET_015,2025-01-07T13:00:00.000000,1.7171990524208303,solar_battery
ASSET_015,2025-01-07T13:30:00.000000,1.698215483817169,solar_battery
ASSET_015,2025-01-07T14:00:00.000000,1.3349130721866755,solar_battery
ASSET_015,2025-01-07T14:30:00.000000,1.4431716507732908,solar_battery
ASSET_015,2025-01-07T15:00:00.000000,1.1804230491232217,solar_battery
ASSET_015,2025-01-07T15:30:00.000000,0.8498785313622328,solar_battery
ASSET_015,2025-01-07T16:00:00.000000,0.5987997092201204,solar_battery
ASSET_015,2025-01-07T16:30:00.000000,0.8028507921032144,solar_battery
ASSET_015,2025-01-07T17:00:00.000000,-0.16975942427985924,solar_battery
ASSET_015,2025-01-07T17:30:00.000000,0.4144049570256405,solar_battery
ASSET_015,2025-01-07T18:00:00.000000,-0.6952928169760377,solar_battery
ASSET_015,2025-01-07T18:30:00.000000,-1.2988361382304205,solar_battery
ASSET_015,2025-01-07T19:00:00.000000,-0.6843935401812461,solar_battery
ASSET_015,2025-01-07T19:30:00.000000,-1.0446818334041919,solar_battery
ASSET_015,2025-01-07T20:00:00.000000,-0.9397488846669754,solar_battery
ASSET_015,2025-01-07T20:30:00.000000,-1.1593886313754478,solar_battery
ASSET_015,2025-01-07T21:00:00.000000,-0.8663372071096129,solar_battery
ASSET_015,2025-01-07T21:30:00.000000,-0.9904054011203557,solar_battery
ASSET_015,2025-01-07T22:00:00.000000,-0.8453967815834247,solar_battery
ASSET_015,2025-01-07T22:30:00.000000,-0.9296484799916691,solar_battery
ASSET_015,2025-01-07T23:00:00.000000,-1.0728268709194573,solar_battery
ASSET_015,2025-01-07T23:30:00.000000,-0.6772482601253823,solar_battery
ASSET_015,2025-01-08T00:00:00.000000,-0.6626068611728635,solar_battery
ASSET_015,2025-01-08T00:30:00.000000,-0.6437682370929341,solar_battery
ASSET_015,2025-01-08T01:00:00.000000,-0.9059611762365269,solar_battery
ASSET_015,2025-01-08T01:30:00.000000,-1.1553248628902035,solar_battery
ASSET_015,2025-01-08T02:00:00.000000,-1.113697951525708,solar_battery
ASSET_015,2025-01-08T02:30:00.000000,-0.6734363266491378,solar_battery
ASSET_015,2025-01-08T03:00:00.000000,-1.1284428898599839,solar_battery
ASSET_015,2025-01-08T03:30:00.000000,-0.97771180299241,solar_battery
ASSET_015,2025-01-08T04:00:00.000000,-1.3179637371933046,solar_battery
ASSET_015,2025-01-08T04:30:00.000000,-0.9790276902251631,solar_battery
ASSET_015,2025-01-08T05:00:00.000000,-1.1996220426896993,solar_battery
ASSET_015,2025-01-08T05:30:00.000000,-0.8385666965805373,solar_battery
ASSET_015,2025-01-08T06:00:00.000000,-0.9143461505103649,solar_battery
ASSET_015,2025-01-08T06:30:00.000000,-1.218969427177976,solar_battery
ASSET_015,2025-01-08T07:00:00.000000,-0.4731295016938579,solar_battery
ASSET_015,2025-01-08T07:30:00.000000,-0.5749980327401696,solar_battery
ASSET_015,2025-01-08T08:00:00.000000,-0.15047158830613433,solar_battery
ASSET_015,2025-01-08T08:30:00.000000,-0.015593804226663982,solar_battery
ASSET_015,2025-01-08T09:00:00.000000,0.8032070772634013,solar_battery
ASSET_015,2025-01-08T09:30:00.000000,0.8336971981855041,solar_battery
ASSET_015,2025-01-08T10:00:00.000000,1.2507150063233297,solar_battery
ASSET_015,2025-01-08T10:30:00.000000,1.1426475765110238,solar_battery
ASSET_015,2025-01-08T11:00:00.000000,1.7611048375649507,solar_battery
ASSET_015,2025-01-08T11:30:00.000000,1.5524189092865393,solar_battery
ASSET_015,2025-01-08T12:00:00.000000,1.8687809187430273,solar_battery
ASSET_015,2025-01-08T12:30:00.000000,1.2742939682713956,solar_battery
ASSET_015,2025-01-08T13:00:00.000000,0.7510842188650245,solar_battery
ASSET_015,2025-01-08T13:30:00.000000,1.7605694059345658,solar_battery
ASSET_015,2025-01-08T14:00:00.000000,1.1731197525679393,solar_battery
ASSET_015,2025-01-08T14:30:00.000000,1.4640751008099635,solar_battery
ASSET_015,2025-01-08T15:00:00.000000,1.1073956974764279,solar_battery
ASSET_015,2025-01-08T15:30:00.000000,1.560875131902062,solar_battery
ASSET_015,2025-01-08T16:00:00.000000,0.8058067938417968,solar_battery
ASSET_015,2025-01-08T16:30:00.000000,0.7496137875670127,solar_battery
ASSET_015,2025-01-08T17:00:00.000000,0.3377032377551047,solar_battery
ASSET_015,2025-01-08T17:30:00.000000,0.22526478148439227,solar_battery
ASSET_015,2025-01-08T18:00:00.000000,-1.109842478317224,solar_battery
ASSET_015,2025-01-08T18:30:00.000000,-0.7428457767389056,solar_battery
ASSET_015,2025-01-08T19:00:00.000000,-1.2765622828064653,solar_battery
ASSET_015,2025-01-08T19:30:00.000000,-0.9326429271052246,solar_battery
ASSET_015,2025-01-08T20:00:00.000000,-1.4116091294573831,solar_battery
ASSET_015,2025-01-08T20:30:00.000000,-0.9912458530608297,solar_battery
ASSET_015,2025-01-08T21:00:00.000000,-1.0415504516185328,solar_battery
ASSET_015,2025-01-08T21:30:00.000000,-0.6855187747845167,solar_battery
ASSET_015,2025-01-08T22:00:00.000000,-1.0255937344260269,solar_battery
ASSET_015,2025-01-08T22:30:00.000000,-0.7942129222049149,solar_battery
ASSET_015,2025-01-08T23:00:00.000000,-0.5249105040914493,solar_battery
ASSET_015,2025-01-08T23:30:00.000000,-0.64187814493389,solar_battery
ASSET_015,2025-01-09T00:00:00.000000,-0.7567267876789994,solar_battery
ASSET_015,2025-01-09T00:30:00.000000,-1.0294725687100494,solar_battery
ASSET_015,2025-01-09T01:00:00.000000,-1.0194421170726993,solar_battery
ASSET_015,2025-01-09T01:30:00.000000,-0.5788358715571746,solar_battery
ASSET_015,2025-01-09T02:00:00.000000,-0.9623622065009426,solar_battery
ASSET_015,2025-01-09T02:30:00.000000,-0.8599136729253264,solar_battery
ASSET_015,2025-01-09T03:00:00.000000,-1.0397772332623192,solar_battery
ASSET_015,2025-01-09T03:30:00.000000,-1.296072558015908,solar_battery
ASSET_015,2025-01-09T04:00:00.000000,-0.8356931188773323,solar_battery
ASSET_015,2025-01-09T04:30:00.000000,-0.9390318488475324,solar_battery
ASSET_015,2025-01-09T05:00:00.000000,-0.5364249069185951,solar_battery
ASSET_015,2025-01-09T05:30:00.000000,-1.3335172790028513,solar_battery
ASSET_015,2025-01-09T06:00:00.000000,-0.9025824989118848,solar_battery
ASSET_015,2025-01-09T06:30:00.000000,-1.4147705518488802,solar_battery
ASSET_015,2025-01-09T07:00:00.000000,-0.40496695888888007,solar_battery
ASSET_015,2025-01-09T07:30:00.000000,-0.2083685537552592,solar_battery
ASSET_015,2025-01-09T08:00:00.000000,-0.3071200489984888,solar_battery
ASSET_015,2025-01-09T08:30:00.000000,0.14100858504668212,solar_battery
ASSET_015,2025-01-09T09:00:00.000000,0.6204645824401757,solar_battery
ASSET_015,2025-01-09T09:30:00.000000,0.5871651670195753,solar_battery
ASSET_015,2025-01-09T10:00:00.000000,1.3075145460033415,solar_battery
ASSET_015,2025-01-09T10:30:00.000000,1.4840280790025193,solar_battery
ASSET_015,2025-01-09T11:00:00.000000,1.505181960536917,solar_battery
ASSET_015,2025-01-09T11:30:00.000000,1.586485594806319,solar_battery
ASSET_015,2025-01-09T12:00:00.000000,1.7274341007342193,solar_battery
ASSET_015,2025-01-09T12:30:00.000000,1.7004328415255394,solar_battery
ASSET_015,2025-01-09T13:00:00.000000,1.4310180462025213,solar_battery
ASSET_015,2025-01-09T13:30:00.000000,1.958486983666921,solar_battery
ASSET_015,2025-01-09T14:00:00.000000,1.5859103978192175,solar_battery
ASSET_015,2025-01-09T14:30:00.000000,1.6098350670617156,solar_battery
ASSET_015,2025-01-09T15:00:00.000000,0.9863366763561934,solar_battery
ASSET_015,2025-01-09T15:30:00.000000,1.0696860918049154,solar_battery
ASSET_015,2025-01-09T16:00:00.000000,0.6675354136847444,solar_battery
ASSET_015,2025-01-09T16:30:00.000000,0.3416176947076069,solar_battery
ASSET_015,2025-01-09T17:00:00.000000,-0.26830287740441977,solar_battery
ASSET_015,2025-01-09T17:30:00.000000,-0.007354142710233297,solar_battery
ASSET_015,2025-01-09T18:00:00.000000,-0.8745950160538264,solar_battery
ASSET_015,2025-01-09T18:30:00.000000,-1.1567529735831859,solar_battery
ASSET_015,2025-01-09T19:00:00.000000,-1.2547354995350508,solar_battery
ASSET_015,2025-01-09T19:30:00.000000,-1.2057468088903205,solar_battery
ASSET_015,2025-01-09T20:00:00.000000,-1.1494745604195435,solar_battery
ASSET_015,2025-01-09T20:30:00.000000,-1.1251185299414934,solar_battery
ASSET_015,2025-01-09T21:00:00.000000,-0.5681428171144621,solar_battery
ASSET_015,2025-01-09T21:30:00.000000,-0.8347590148070794,solar_battery
ASSET_015,2025-01-09T22:00:00.000000,-0.4040542130523852,solar_battery
ASSET_015,2025-01-09T22:30:00.000000,-0.36954071257438836,solar_battery
ASSET_015,2025-01-09T23:00:00.000000,-0.9620712951094157,solar_battery
ASSET_015,2025-01-09T23:30:00.000000,-1.0157217940661811,solar_battery
ASSET_015,2025-01-10T00:00:00.000000,-1.0656488699681737,solar_battery
ASSET_015,2025-01-10T00:30:00.000000,-0.47971852799891895,solar_battery
ASSET_015,2025-01-10T01:00:00.000000,-1.008971742862554,solar_battery
ASSET_015,2025-01-10T01:30:00.000000,-1.1779711972681852,solar_battery
ASSET_015,2025-01-10T02:00:00.000000,-1.053439088052755,solar_battery
ASSET_015,2025-01-10T02:30:00.000000,-1.0072653276115104,solar_battery
ASSET_015,2025-01-10T03:00:00.000000,-0.9477128486692694,solar_battery
ASSET_015,2025-01-10T03:30:00.000000,-0.951903789385074,solar_battery
ASSET_015,2025-01-10T04:00:00.000000,-1.2585709564649734,solar_battery
ASSET_015,2025-01-10T04:30:00.000000,-0.895250086932041,solar_battery
ASSET_015,2025-01-10T05:00:00.000000,-1.2431841959867584,solar_battery
ASSET_015,2025-01-10T05:30:00.000000,-1.127284068695931,solar_battery
ASSET_015,2025-01-10T06:00:00.000000,-0.9351742230791948,solar_battery
ASSET_015,2025-01-10T06:30:00.000000,-1.254037136946642,solar_battery
ASSET_015,2025-01-10T07:00:00.000000,-0.5793744767898917,solar_battery
ASSET_015,2025-01-10T07:30:00.000000,-0.3007298032040673,solar_battery
ASSET_015,2025-01-10T08:00:00.000000,-0.015663583520536678,solar_battery
ASSET_015,2025-01-10T08:30:00.000000,0.09784229319969104,solar_battery
ASSET_015,2025-01-10T09:00:00.000000,0.8890130413406987,solar_battery
ASSET_015,2025-01-10T09:30:00.000000,1.2486171045550385,solar_battery
ASSET_015,2025-01-10T10:00:00.000000,1.3603605906041556,solar_battery
ASSET_015,2025-01-10T10:30:00.000000,1.3284970525786992,solar_battery
ASSET_015,2025-01-10T11:00:00.000000,1.6645612322733694,solar_battery
ASSET_015,2025-01-10T11:30:00.000000,1.2796031864158224,solar_battery
ASSET_015,2025-01-10T12:00:00.000000,1.727743217283178,solar_battery
ASSET_015,2025-01-10T12:30:00.000000,1.6928560427992636,solar_battery
ASSET_015,2025-01-10T13:00:00.000000,1.7696405689428882,solar_battery
ASSET_015,2025-01-10T13:30:00.000000,1.7204222118476358,solar_battery
ASSET_015,2025-01-10T14:00:00.000000,1.6061914320412038,solar_battery
ASSET_015,2025-01-10T14:30:00.000000,1.4403113826852885,solar_battery
ASSET_015,2025-01-10T15:00:00.000000,1.1939651274915635,solar_battery
ASSET_015,2025-01-10T15:30:00.000000,0.885220131468655,solar_battery
ASSET_015,2025-01-10T16:00:00.000000,0.6330298744146319,solar_battery
ASSET_015,2025-01-10T16:30:00.000000,1.0436076726977257,solar_battery
ASSET_015,2025-01-10T17:00:00.000000,0.2133393621538044,solar_battery
ASSET_015,2025-01-10T17:30:00.000000,0.13180431167108453,solar_battery
ASSET_015,2025-01-10T18:00:00.000000,-0.5449304136989568,solar_battery
ASSET_015,2025-01-10T18:30:00.000000,-1.3266003947922589,solar_battery
ASSET_015,2025-01-10T19:00:00.000000,-1.2764915854203722,solar_battery
ASSET_015,2025-01-10T19:30:00.000000,-0.5991715134069742,solar_battery
ASSET_015,2025-01-10T20:00:00.000000,-1.0291617542129243,solar_battery
ASSET_015,2025-01-10T20:30:00.000000,-1.0984123075742191,solar_battery
ASSET_015,2025-01-10T21:00:00.000000,-1.37567700366699,solar_battery
ASSET_015,2025-01-10T21:30:00.000000,-0.9804208617092329,solar_battery
ASSET_015,2025-01-10T22:00:00.000000,-0.519329631313409,solar_battery
ASSET_015,2025-01-10T22:30:00.000000,-0.912678646600375,solar_battery
ASSET_015,2025-01-10T23:00:00.000000,-0.7560204270013466,solar_battery
ASSET_015,2025-01-10T23:30:00.000000,-0.8028780861571797,solar_battery
ASSET_015,2025-01-11T00:00:00.000000,-0.618565484859495,solar_battery
ASSET_015,2025-01-11T00:30:00.000000,-0.9486200581329546,solar_battery
ASSET_015,2025-01-11T01:00:00.000000,-0.4455314674179851,solar_battery
ASSET_015,2025-01-11T01:30:00.000000,-0.5262011489177179,solar_battery
ASSET_015,2025-01-11T02:00:00.000000,-0.8946621340958759,solar_battery
ASSET_015,2025-01-11T02:30:00.000000,-0.859440490793209,solar_battery
ASSET_015,2025-01-11T03:00:00.000000,-0.8930535452691976,solar_battery
ASSET_015,2025-01-11T03:30:00.000000,-1.0471062819241306,solar_battery
ASSET_015,2025-01-11T04:00:00.000000,-1.0072595383414402,solar_battery
ASSET_015,2025-01-11T04:30:00.000000,-0.9657013662069379,solar_battery
ASSET_015,2025-01-11T05:00:00.000000,-0.5392226767340017,solar_battery
ASSET_015,2025-01-11T05:30:00.000000,-0.6991226917044077,solar_battery
ASSET_015,2025-01-11T06:00:00.000000,-0.7106828702392104,solar_battery
ASSET_015,2025-01-11T06:30:00.000000,-0.8462178528789464,solar_battery
ASSET_015,2025-01-11T07:00:00.000000,-0.547421955090907,solar_battery
ASSET_015,2025-01-11T07:30:00.000000,-0.2892213380459816,solar_battery
ASSET_015,2025-01-11T08:00:00.000000,0.5820807523421789,solar_battery
ASSET_015,2025-01-11T08:30:00.000000,0.04718001098681873,solar_battery
ASSET_015,2025-01-11T09:00:00.000000,1.0602274934133826,solar_battery
ASSET_015,2025-01-11T09:30:00.000000,1.464880937826863,solar_battery
ASSET_015,2025-01-11T10:00:00.000000,1.612399504498632,solar_battery
ASSET_015,2025-01-11T10:30:00.000000,1.6969305019959733,solar_battery
ASSET_015,2025-01-11T11:00:00.000000,1.7212170093276462,solar_battery
ASSET_015,2025-01-11T11:30:00.000000,1.9011193769251251,solar_battery
ASSET_015,2025-01-11T12:00:00.000000,1.6477152285550314,solar_battery
ASSET_015,2025-01-11T12:30:00.000000,2.011007314961894,solar_battery
ASSET_015,2025-01-11T13:00:00.000000,1.9578665743983967,solar_battery
ASSET_015,2025-01-11T13:30:00.000000,1.8703921039928526,solar_battery
ASSET_015,2025-01-11T14:00:00.000000,1.9284052901935365,solar_battery
ASSET_015,2025-01-11T14:30:00.000000,1.4832551483777237,solar_battery
ASSET_015,2025-01-11T15:00:00.000000,1.2231853782152595,solar_battery
ASSET_015,2025-01-11T15:30:00.000000,1.2909900720949297,solar_battery
ASSET_015,2025-01-11T16:00:00.000000,0.5437298449035755,solar_battery
ASSET_015,2025-01-11T16:30:00.000000,0.845300144477091,solar_battery
ASSET_015,2025-01-11T17:00:00.000000,-0.1991846006489083,solar_battery
ASSET_015,2025-01-11T17:30:00.000000,0.4646277867227851,solar_battery
ASSET_015,2025-01-11T18:00:00.000000,-0.9138070320241682,solar_battery
ASSET_015,2025-01-11T18:30:00.000000,-1.0500142969369033,solar_battery
ASSET_015,2025-01-11T19:00:00.000000,-1.1339385812471168,solar_battery
ASSET_015,2025-01-11T19:30:00.000000,-0.9899878814048927,solar_battery
ASSET_015,2025-01-11T20:00:00.000000,-0.793981191449589,solar_battery
ASSET_015,2025-01-11T20:30:00.000000,-0.8277061671379538,solar_battery
ASSET_015,2025-01-11T21:00:00.000000,-1.169016878144261,solar_battery
ASSET_015,2025-01-11T21:30:00.000000,-1.2027372922280626,solar_battery
ASSET_015,2025-01-11T22:00:00.000000,-0.3948443104832845,solar_battery
ASSET_015,2025-01-11T22:30:00.000000,-0.725863377107607,solar_battery
ASSET_015,2025-01-11T23:00:00.000000,-0.5996227977197764,solar_battery
ASSET_015,2025-01-11T23:30:00.000000,-0.5843000292930307,solar_battery
ASSET_015,2025-01-12T00:00:00.000000,-0.6051050883855829,solar_battery
ASSET_015,2025-01-12T00:30:00.000000,-0.47401509675635084,solar_battery
ASSET_015,2025-01-12T01:00:00.000000,-1.0491099613493002,solar_battery
ASSET_015,2025-01-12T01:30:00.000000,-1.2046770945636598,solar_battery
ASSET_015,2025-01-12T02:00:00.000000,-0.9436873474948044,solar_battery
ASSET_015,2025-01-12T02:30:00.000000,-0.37513318212027535,solar_battery
ASSET_015,2025-01-12T03:00:00.000000,-0.37499044518159885,solar_battery
ASSET_015,2025-01-12T03:30:00.000000,-0.42082971666675667,solar_battery
ASSET_015,2025-01-12T04:00:00.000000,-0.9471520062275972,solar_battery
ASSET_015,2025-01-12T04:30:00.000000,-1.3285440976413907,solar_battery
ASSET_015,2025-01-12T05:00:00.000000,-1.488640470100154,solar_battery
ASSET_015,2025-01-12T05:30:00.000000,-1.073680244475571,solar_battery
ASSET_015,2025-01-12T06:00:00.000000,-0.9825376712358465,solar_battery
ASSET_015,2025-01-12T06:30:00.000000,-0.62284990374657,solar_battery
ASSET_015,2025-01-12T07:00:00.000000,-0.07099016265722366,solar_battery
ASSET_015,2025-01-12T07:30:00.000000,-0.22468625398942166,solar_battery
ASSET_015,2025-01-12T08:00:00.000000,0.13560077700909381,solar_battery
ASSET_015,2025-01-12T08:30:00.000000,0.11857642805619417,solar_battery
ASSET_015,2025-01-12T09:00:00.000000,0.9684453686609437,solar_battery
ASSET_015,2025-01-12T09:30:00.000000,1.0747469586853335,solar_battery
ASSET_015,2025-01-12T10:00:00.000000,1.4516150124000367,solar_battery
ASSET_015,2025-01-12T10:30:00.000000,1.1092599991554992,solar_battery
ASSET_015,2025-01-12T11:00:00.000000,1.8249759401316283,solar_battery
ASSET_015,2025-01-12T11:30:00.000000,1.7710343413258665,solar_battery
ASSET_015,2025-01-12T12:00:00.000000,1.563040062514357,solar_battery
ASSET_015,2025-01-12T12:30:00.000000,1.6317629671279386,solar_battery
ASSET_015,2025-01-12T13:00:00.000000,1.9660524561185895,solar_battery
ASSET_015,2025-01-12T13:30:00.000000,1.7445316137887996,solar_battery
ASSET_015,2025-01-12T14:00:00.000000,1.9939588618538466,solar_battery
ASSET_015,2025-01-12T14:30:00.000000,1.732834535716595,solar_battery
ASSET_015,2025-01-12T15:00:00.000000,1.151287697003514,solar_battery
ASSET_015,2025-01-12T15:30:00.000000,1.2656298380751148,solar_battery
ASSET_015,2025-01-12T16:00:00.000000,0.8060484921980839,solar_battery
ASSET_015,2025-01-12T16:30:00.000000,0.6160228027870212,solar_battery
ASSET_015,2025-01-12T17:00:00.000000,-0.005662469102615447,solar_battery
ASSET_015,2025-01-12T17:30:00.000000,0.38169227297429476,solar_battery
ASSET_015,2025-01-12T18:00:00.000000,-0.7221344087098971,solar_battery
ASSET_015,2025-01-12T18:30:00.000000,-0.78009244730729,solar_battery
ASSET_015,2025-01-12T19:00:00.000000,-0.5700125716585752,solar_battery
ASSET_015,2025-01-12T19:30:00.000000,-1.063714490939072,solar_battery
ASSET_015,2025-01-12T20:00:00.000000,-0.557338538177897,solar_battery
ASSET_015,2025-01-12T20:30:00.000000,-1.175384590487965,solar_battery
ASSET_015,2025-01-12T21:00:00.000000,-1.2427323060058686,solar_battery
ASSET_015,2025-01-12T21:30:00.000000,-1.4220779025132504,solar_battery
ASSET_015,2025-01-12T22:00:00.000000,-0.659490875318436,solar_battery
ASSET_015,2025-01-12T22:30:00.000000,-0.6733933608390688,solar_battery
ASSET_015,2025-01-12T23:00:00.000000,-0.48777619623774116,solar_battery
ASSET_015,2025-01-12T23:30:00.000000,-0.555467317509949,solar_battery
ASSET_015,2025-01-13T00:00:00.000000,-1.0863136090445928,solar_battery
ASSET_015,2025-01-13T00:30:00.000000,-0.8942542972221963,solar_battery
ASSET_015,2025-01-13T01:00:00.000000,-0.9667965985918008,solar_battery
ASSET_015,2025-01-13T01:30:00.000000,-1.3038814528016105,solar_battery
ASSET_015,2025-01-13T02:00:00.000000,-1.1854272144832085,solar_battery
ASSET_015,2025-01-13T02:30:00.000000,-1.1349952713473814,solar_battery
ASSET_015,2025-01-13T03:00:00.000000,-0.6680620295989372,solar_battery
ASSET_015,2025-01-13T03:30:00.000000,-0.9661838625261997,solar_battery
ASSET_015,2025-01-13T04:00:00.000000,-0.9008871201879316,solar_battery
ASSET_015,2025-01-13T04:30:00.000000,-1.4194801404511423,solar_battery
ASSET_015,2025-01-13T05:00:00.000000,-0.8031662719633625,solar_battery
ASSET_015,2025-01-13T05:30:00.000000,-0.7775132527609383,solar_battery
ASSET_015,2025-01-13T06:00:00.000000,-1.5796027921147102,solar_battery
ASSET_015,2025-01-13T06:30:00.000000,-1.2692760137398036,solar_battery
ASSET_015,2025-01-13T07:00:00.000000,-0.3237463976066962,solar_battery
ASSET_015,2025-01-13T07:30:00.000000,-0.288076906281255,solar_battery
ASSET_015,2025-01-13T08:00:00.000000,0.027353643547734785,solar_battery
ASSET_015,2025-01-13T08:30:00.000000,0.11687250773179131,solar_battery
ASSET_015,2025-01-13T09:00:00.000000,0.6122634639595703,solar_battery
ASSET_015,2025-01-13T09:30:00.000000,0.7821352498774733,solar_battery
ASSET_015,2025-01-13T10:00:00.000000,1.5023863570119556,solar_battery
ASSET_015,2025-01-13T10:30:00.000000,1.0300133917472074,solar_battery
ASSET_015,2025-01-13T11:00:00.000000,1.7773657716563336,solar_battery
ASSET_015,2025-01-13T11:30:00.000000,1.3495675548286612,solar_battery
ASSET_015,2025-01-13T12:00:00.000000,1.4965694690007478,solar_battery
ASSET_015,2025-01-13T12:30:00.000000,1.896462708402371,solar_battery
ASSET_015,2025-01-13T13:00:00.000000,1.9137250099752547,solar_battery
ASSET_015,2025-01-13T13:30:00.000000,1.8967986640764638,solar_battery
ASSET_015,2025-01-13T14:00:00.000000,1.1992721314887431,solar_battery
ASSET_015,2025-01-13T14:30:00.000000,1.4032352747238048,solar_battery
ASSET_015,2025-01-13T15:00:00.000000,1.3774162494031303,solar_battery
ASSET_015,2025-01-13T15:30:00.000000,1.189869029057668,solar_battery
ASSET_015,2025-01-13T16:00:00.000000,0.45212133804793986,solar_battery
ASSET_015,2025-01-13T16:30:00.000000,0.8198039265254372,solar_battery
ASSET_015,2025-01-13T17:00:00.000000,-0.034728381514929935,solar_battery
ASSET_015,2025-01-13T17:30:00.000000,0.5675113242571539,solar_battery
ASSET_015,2025-01-13T18:00:00.000000,-0.629238049019618,solar_battery
ASSET_015,2025-01-13T18:30:00.000000,-0.8550166176746639,solar_battery
ASSET_015,2025-01-13T19:00:00.000000,-0.6835806429685338,solar_battery
ASSET_015,2025-01-13T19:30:00.000000,-0.9946723280836681,solar_battery
ASSET_015,2025-01-13T20:00:00.000000,-0.8564873802146648,solar_battery
ASSET_015,2025-01-13T20:30:00.000000,-0.6855395079921706,solar_battery
ASSET_015,2025-01-13T21:00:00.000000,-1.0289482820134008,solar_battery
ASSET_015,2025-01-13T21:30:00.000000,-1.1491128868074638,solar_battery
ASSET_015,2025-01-13T22:00:00.000000,-1.0591092699625078,solar_battery
ASSET_015,2025-01-13T22:30:00.000000,-0.6699520461731585,solar_battery
ASSET_015,2025-01-13T23:00:00.000000,-0.5247327221742891,solar_battery
ASSET_015,2025-01-13T23:30:00.000000,-0.49540226385301267,solar_battery
ASSET_015,2025-01-14T00:00:00.000000,-0.6789523842275818,solar_battery
ASSET_015,2025-01-14T00:30:00.000000,-0.9299117827909376,solar_battery
ASSET_015,2025-01-14T01:00:00.000000,-1.352082890078178,solar_battery
ASSET_015,2025-01-14T01:30:00.000000,-0.9964973370518927,solar_battery
ASSET_015,2025-01-14T02:00:00.000000,-1.0230427690529482,solar_battery
ASSET_015,2025-01-14T02:30:00.000000,-1.0251029521256034,solar_battery
ASSET_015,2025-01-14T03:00:00.000000,-0.8636785086812625,solar_battery
ASSET_015,2025-01-14T03:30:00.000000,-0.5355696957124028,solar_battery
ASSET_015,2025-01-14T04:00:00.000000,-1.0301606126934693,solar_battery
ASSET_015,2025-01-14T04:30:00.000000,-1.1118232505328824,solar_battery
ASSET_015,2025-01-14T05:00:00.000000,-1.1519909830077029,solar_battery
ASSET_015,2025-01-14T05:30:00.000000,-1.0599254038288692,solar_battery
ASSET_015,2025-01-14T06:00:00.000000,-1.298790502483616,solar_battery
ASSET_015,2025-01-14T06:30:00.000000,-1.0711523459009469,solar_battery
ASSET_015,2025-01-14T07:00:00.000000,-0.33453517441078673,solar_battery
ASSET_015,2025-01-14T07:30:00.000000,-0.39240547987254154,solar_battery
ASSET_015,2025-01-14T08:00:00.000000,0.30000244302581547,solar_battery
ASSET_015,2025-01-14T08:30:00.000000,0.2942918051083165,solar_battery
ASSET_015,2025-01-14T09:00:00.000000,0.33037971487125806,solar_battery
ASSET_015,2025-01-14T09:30:00.000000,0.9084837566253013,solar_battery
ASSET_015,2025-01-14T10:00:00.000000,1.0540199465021076,solar_battery
ASSET_015,2025-01-14T10:30:00.000000,0.9520621103401465,solar_battery
ASSET_015,2025-01-14T11:00:00.000000,1.272100413506715,solar_battery
ASSET_015,2025-01-14T11:30:00.000000,1.6412188387053213,solar_battery
ASSET_015,2025-01-14T12:00:00.000000,1.6465820174660353,solar_battery
ASSET_015,2025-01-14T12:30:00.000000,1.2963274918435013,solar_battery
ASSET_015,2025-01-14T13:00:00.000000,1.8071893548995748,solar_battery
ASSET_015,2025-01-14T13:30:00.000000,1.3469543278617082,solar_battery
ASSET_015,2025-01-14T14:00:00.000000,1.5486206355054675,solar_battery
ASSET_015,2025-01-14T14:30:00.000000,1.5723032516226298,solar_battery
ASSET_015,2025-01-14T15:00:00.000000,1.3924374869291438,solar_battery
ASSET_015,2025-01-14T15:30:00.000000,1.6075033360743776,solar_battery
ASSET_015,2025-01-14T16:00:00.000000,0.38228530291920126,solar_battery
ASSET_015,2025-01-14T16:30:00.000000,0.6972138956801994,solar_battery
ASSET_015,2025-01-14T17:00:00.000000,0.07050488983241082,solar_battery
ASSET_015,2025-01-14T17:30:00.000000,0.24092528527365392,solar_battery
ASSET_015,2025-01-14T18:00:00.000000,-0.9482394949759315,solar_battery
ASSET_015,2025-01-14T18:30:00.000000,-1.0846110982567887,solar_battery
ASSET_015,2025-01-14T19:00:00.000000,-1.1160387773798848,solar_battery
ASSET_015,2025-01-14T19:30:00.000000,-1.2781704573574508,solar_battery
ASSET_015,2025-01-14T20:00:00.000000,-0.8031055990871063,solar_battery
ASSET_015,2025-01-14T20:30:00.000000,-0.9299833752807816,solar_battery
ASSET_015,2025-01-14T21:00:00.000000,-0.8676035981732029,solar_battery
ASSET_015,2025-01-14T21:30:00.000000,-1.1623630383981591,solar_battery
ASSET_015,2025-01-14T22:00:00.000000,-0.8076405124866632,solar_battery
ASSET_015,2025-01-14T22:30:00.000000,-0.9087956159910147,solar_battery
ASSET_015,2025-01-14T23:00:00.000000,-0.6362140663714856,solar_battery
ASSET_015,2025-01-14T23:30:00.000000,-0.9719046603560202,solar_battery
